func,n,run,best_f,best_x_json,evals,success,time_s
sphere,2,0,2.857975813376898e-10,"[-1.323722799717204e-05, -1.051538759573676e-05]",2250,1,0.003323078155517578
sphere,2,1,1.5174307570744922e-09,"[-3.891789346159245e-05, 1.6817626427744663e-06]",1800,1,0.0018298625946044922
sphere,2,2,7.973288282126993e-09,"[-7.165016287679401e-05, 5.328735724218159e-05]",2280,1,0.0023000240325927734
sphere,2,3,1.7622899238738057e-09,"[-3.528191193366938e-05, -2.274811232121478e-05]",2040,1,0.0020558834075927734
sphere,2,4,3.994227212280035e-09,"[6.507931789123396e-06, 6.286393271271018e-05]",2100,1,0.002112865447998047
sphere,2,5,6.863969981068634e-09,"[-7.939195121516637e-05, -2.3683075461545904e-05]",1200,1,0.0012171268463134766
sphere,2,6,1.21736164168088e-10,"[6.337342811601511e-06, -9.031846447783015e-06]",1710,1,0.0017228126525878906
sphere,2,7,8.427836229207799e-09,"[-8.528132614058241e-05, -3.398428520524471e-05]",1920,1,0.001958131790161133
sphere,2,8,1.2893485769556855e-10,"[-5.896806226060982e-06, -9.703738147119232e-06]",1680,1,0.0016939640045166016
sphere,2,9,2.745149606181248e-10,"[-1.639751064830752e-05, 2.3741535663824036e-06]",1560,1,0.0015749931335449219
sphere,2,10,1.9162586588591417e-09,"[4.1114800348492206e-05, 1.5027702790605327e-05]",2010,1,0.0020270347595214844
sphere,2,11,8.779466545629326e-09,"[-3.181182626000589e-05, 8.813327552991847e-05]",1740,1,0.0017468929290771484
sphere,2,12,7.897339641400186e-09,"[-1.5671205172439998e-05, -8.747429891027122e-05]",1860,1,0.0018770694732666016
sphere,2,13,6.176195937985735e-09,"[7.323617398512228e-05, 2.8507170291115075e-05]",1080,1,0.0010988712310791016
sphere,2,14,7.760821462787245e-10,"[5.667485517439707e-07, -2.7852485389239873e-05]",1590,1,0.0016026496887207031
sphere,2,15,9.553619669365566e-09,"[-6.789528162800217e-05, 7.031251952547169e-05]",2040,1,0.0020487308502197266
sphere,2,16,2.719931304626506e-09,"[4.553356087735167e-05, 2.542884461502362e-05]",1710,1,0.0017209053039550781
sphere,2,17,7.171688566790074e-10,"[-2.5112926647102244e-05, 9.301062944431105e-06]",1860,1,0.0018749237060546875
sphere,2,18,9.799295875581793e-09,"[6.0040900511571976e-05, 7.870442262885427e-05]",1680,1,0.0016851425170898438
sphere,2,19,7.081541004636431e-09,"[7.436118002463398e-05, -3.93948716203062e-05]",1770,1,0.0017726421356201172
sphere,2,20,1.5286313029197148e-09,"[3.64173876220342e-05, 1.422691750542699e-05]",2040,1,0.00203704833984375
sphere,2,21,6.542025377977207e-09,"[-6.82737844706552e-05, 4.336721955615472e-05]",1890,1,0.0019042491912841797
sphere,2,22,4.7097376952965026e-09,"[5.6115609249797666e-05, -3.950665885417957e-05]",2040,1,0.002048015594482422
sphere,2,23,8.394671180357628e-09,"[1.8349135504389037e-05, -8.97662542751963e-05]",1920,1,0.0019240379333496094
sphere,2,24,7.907782498158179e-09,"[7.381539596073119e-05, 4.958900903747371e-05]",1830,1,0.0018379688262939453
sphere,2,25,8.18293379537856e-10,"[-2.8040095611490563e-05, 5.660955540924485e-06]",1980,1,0.001978158950805664
sphere,2,26,6.723513754933223e-09,"[-2.7769084408142556e-05, 7.715174467286322e-05]",1620,1,0.001626729965209961
sphere,2,27,1.085568076238686e-09,"[-3.2801292796590636e-05, -3.105361027484104e-06]",2040,1,0.0020411014556884766
sphere,2,28,2.311430845354333e-09,"[4.73367071257048e-05, -8.406366863846783e-06]",1680,1,0.0016870498657226562
sphere,2,29,6.298792173099813e-10,"[1.700327477472904e-05, -1.845989881459388e-05]",1980,1,0.0019860267639160156
sphere,10,0,8.622163841980187e-09,"[2.456111618950227e-05, 4.15928823022525e-05, 3.750507548522015e-05, 2.4374919329664798e-05, 5.276976379253121e-05, -5.039109902371455e-06, -3.505381020999922e-05, -5.753376752547099e-06, 1.2436278218446905e-05, 7.849051297288844e-06]",5190,1,0.005780935287475586
sphere,10,1,7.467505784463195e-09,"[-3.767062158444316e-05, -3.928241200242401e-05, 2.8269235793105537e-05, 5.212237982808714e-05, 2.1280672678297707e-05, -1.2982551183848148e-05, -6.4007129200762514e-06, -5.9469078778892815e-06, 1.3275334967800131e-06, 1.702701208805057e-05]",5160,1,0.005728006362915039
sphere,10,2,9.956310899035658e-09,"[2.1108754841521888e-05, -3.499032689469236e-05, -5.337413459737325e-06, 1.2069370861190774e-05, -5.1716721031673445e-05, -2.5036318542760415e-05, 1.7326655355016023e-05, -4.550745901260051e-07, -6.53706699230225e-05, 1.5397066316420822e-05]",5700,1,0.0063402652740478516
sphere,10,3,7.55334587706348e-09,"[5.4529365336641005e-05, 1.416016882527557e-05, 1.7156217973116563e-05, 1.8522373973326946e-05, -1.7471143395008347e-07, 2.4255797648415713e-05, -1.7109594724532928e-07, 4.889457885241165e-05, -1.5970837610222153e-06, -2.757418401283732e-05]",5040,1,0.005650043487548828
sphere,10,4,8.801485127785385e-09,"[-4.9295094488901656e-05, -6.0252119847640044e-05, -2.739650210529062e-05, -3.0823324908997574e-07, -2.942770768435273e-06, 1.5265222527080107e-05, -5.565960122601205e-06, -2.9858789535281877e-05, -1.5057917471738083e-05, 2.4485556637721627e-05]",5430,1,0.006033182144165039
sphere,10,5,9.276970762052848e-09,"[2.5859571435001617e-05, 3.110901500979835e-05, 4.981590964381853e-06, -2.832500273394264e-05, 2.0787121528181726e-05, 3.600147407921772e-05, 5.052608446946427e-05, 7.940795774831681e-06, 4.493007020774762e-05, -2.122492092863087e-05]",4740,1,0.005273103713989258
sphere,10,6,9.586514724972107e-09,"[-2.141780808861538e-05, -4.06927826763329e-05, 3.868852900956512e-05, 7.487626513901866e-06, -9.19070828866939e-06, -4.3245826627807833e-05, -3.793583312866316e-05, 3.3407791836110665e-05, -1.4327916864297741e-05, 3.469661367052562e-05]",4950,1,0.005593061447143555
sphere,10,7,8.536176652713285e-09,"[2.829033337448058e-05, 2.03677937803639e-05, -9.484311366373268e-06, -2.676198768082461e-05, -5.107717932487842e-06, -3.236076168079789e-05, -1.977846129823305e-05, 7.042813633781816e-05, 1.5946242423607297e-06, 9.36323102428294e-06]",5430,1,0.006026029586791992
sphere,10,8,7.6674590661255e-09,"[4.4385114787026865e-05, 3.2302206463308896e-05, 5.321970773086953e-06, -1.569250083167626e-06, -3.5232262126285186e-05, 9.069164113722067e-06, 8.55146727887593e-06, 1.451375801577147e-06, 5.349293423741701e-05, -1.9050250927796122e-05]",4980,1,0.005557060241699219
sphere,10,9,7.425554622958476e-09,"[-3.101916685571104e-05, -3.8779270663098226e-05, -2.0286108173952023e-05, 2.1920757362624174e-05, -2.534281631246218e-05, -6.502605874492754e-06, 9.279103433824335e-06, 4.865186313836104e-05, 3.027216342869559e-05, 3.665602453705472e-06]",5100,1,0.005641937255859375
sphere,10,10,7.458708403895654e-09,"[-3.155313244676039e-05, -5.567857299870564e-05, -3.779772005198408e-06, -1.7582737451861586e-05, 9.04422229126213e-06, 1.8033013198417682e-05, 1.138753526972903e-06, 4.828629210036146e-05, -3.4770004486894847e-06, -1.6959528130918092e-05]",4620,1,0.005122184753417969
sphere,10,11,9.690462004623047e-09,"[-1.0023778967984562e-05, 9.110931366588451e-05, -1.6055381555328692e-05, -1.5844784027526234e-05, -1.1714171977297656e-05, 1.1880991635311142e-05, -2.69937455007023e-06, 1.5951960182027045e-05, -3.7240493013264476e-06, 1.5041488564237109e-05]",5640,1,0.006287813186645508
sphere,10,12,7.741181153242548e-09,"[-1.717390758144189e-05, 6.649008162653181e-06, 2.5178821918995973e-05, -1.5056355443105043e-07, 2.0552873134613438e-06, 2.8318415724758596e-05, 3.0139816170340075e-06, -1.2308152035703303e-05, 5.001971001474243e-05, -5.7439794939443485e-05]",4920,1,0.005444765090942383
sphere,10,13,8.283792262551239e-09,"[6.201875983557722e-06, 2.4918837347445092e-05, -2.4143767815953435e-05, 3.202369286025935e-05, 4.853121450023857e-05, 2.2264591469664115e-05, 1.0587263933906752e-05, -3.1118007976184372e-06, 5.515436362771681e-05, -1.0835174943726623e-06]",5040,1,0.0056040287017822266
sphere,10,14,8.950700684265275e-09,"[4.073203302386728e-05, 6.158179756380981e-05, 3.7482680182466263e-06, 1.848175998491734e-05, 3.964340338941116e-06, -1.0953884793117374e-05, 4.116356139197176e-06, 4.369226147527392e-05, 5.309931369519322e-06, 3.2462322087611724e-05]",5550,1,0.0061419010162353516
sphere,10,15,9.934271312958324e-09,"[1.5269736614480813e-05, 2.9561396769047393e-05, 3.946311135490527e-05, -5.042711717076579e-05, -9.003994905805698e-06, 3.221427223321675e-05, 3.345479128577358e-05, 3.4078687582698604e-05, 3.334267715847462e-05, -1.4691956526418794e-05]",5400,1,0.00596308708190918
sphere,10,16,9.536668814278863e-09,"[1.148358088144862e-05, -3.361615338585381e-05, 3.6265851633413495e-05, -2.386116510938012e-05, -8.513293334058572e-06, 3.59547639597064e-05, -3.88186442529443e-05, 2.540998548607935e-05, 9.167237953945804e-06, 5.28050116025873e-05]",5190,1,0.005773782730102539
sphere,10,17,9.372022433824285e-09,"[-4.735038968850024e-06, -2.2938511236886568e-05, -5.775252703709966e-05, -4.027798446226433e-06, -8.470060097569332e-06, -2.7185414797172428e-05, 1.7880474971651092e-05, 6.162472744663534e-05, 2.1451688458918345e-05, -9.141496100499832e-06]",5220,1,0.005776166915893555
sphere,10,18,5.501234683541475e-09,"[3.414472462478482e-05, 4.0327261263054995e-05, 2.1932936000066668e-05, -1.9626625559318096e-05, -1.326186155839148e-05, 1.5316395000765607e-05, 3.578769327832707e-06, 1.1168799794376322e-05, -3.220792468614177e-05, -1.6045476972698466e-05]",5340,1,0.005908012390136719
sphere,10,19,6.926310246021396e-09,"[1.7658176160707338e-05, 2.3068178227792676e-05, -5.650746883377972e-05, -1.117627468884051e-06, 2.253263933243097e-05, -3.4385706989057125e-05, -5.838403640208748e-06, -1.0802052885575133e-05, 1.9272372652297327e-05, 2.599466785918479e-05]",5040,1,0.005608797073364258
sphere,10,20,8.9973589211054e-09,"[2.250161387927497e-06, 4.129869046016114e-05, 3.4800323270862254e-05, 2.3940992488929926e-05, -9.308481545829944e-06, 4.736089720189601e-05, 5.1876156319833694e-05, -9.343371311264655e-06, 1.937392792392881e-05, 4.358275158680171e-06]",5310,1,0.0058689117431640625
sphere,10,21,5.9053224935529535e-09,"[3.788403717287721e-05, 2.4374503600341513e-05, 7.403218343801007e-07, 5.509396639557418e-06, -4.930524577986954e-06, 2.2311023273141725e-05, 2.4835929663817257e-05, -4.6050242071805114e-05, 1.806529373844322e-05, 1.609998137950957e-05]",6000,1,0.006639003753662109
sphere,10,22,8.318270692068239e-09,"[2.201648239078392e-05, 2.6514644524144983e-05, 4.075971669644746e-06, -4.5459776714399056e-05, 9.391893917202364e-06, -3.239959789399982e-05, 3.3418400009050905e-06, 1.98451076071069e-05, -3.8864359127088635e-05, 4.465353021939615e-05]",4980,1,0.00556492805480957
sphere,10,23,7.590197407905204e-09,"[-6.1151250031639e-06, -7.710670746038624e-05, 1.1604006433634488e-05, 8.225731811841167e-06, 4.273086277229221e-06, 1.042540969050988e-05, -9.215744421880917e-06, -1.4362224874559318e-05, 1.052398600373994e-05, 2.9599603477339988e-05]",5160,1,0.0057070255279541016
sphere,10,24,8.279757022659131e-09,"[-5.344194432673223e-05, -2.5755215567781277e-07, 3.753576355846843e-05, -2.943302633391812e-06, 2.8899691027576553e-05, 2.1927498305635716e-06, -1.2103284585550613e-05, -3.135719025485409e-05, -3.41053723419908e-05, 2.9548487363706326e-05]",5340,1,0.005941152572631836
sphere,10,25,7.615252510012605e-09,"[3.888131253714549e-05, 4.696370405377383e-05, -2.9473696020951358e-06, -1.721695983462215e-05, -1.109891945097708e-05, 2.9396627310607893e-05, 3.803426456694144e-05, 1.4334488766138201e-05, -1.249001827717781e-06, -3.0851341758735244e-05]",5460,1,0.006042003631591797
sphere,10,26,9.171028160049561e-09,"[-3.226894177332685e-05, -6.071539961176291e-06, -9.710640920715409e-06, 7.303566891956406e-05, 1.4133932940354888e-05, -7.935120527412233e-06, 8.834103973184385e-06, -3.599305031146412e-05, 2.3459478649710423e-05, -2.1857540514978984e-05]",5640,1,0.006234169006347656
sphere,10,27,8.470071025758704e-09,"[2.8887826170985245e-06, 6.514080373117625e-05, -3.025503695236012e-05, 1.7251672657169773e-05, 1.0587980734870064e-05, 3.551879238068248e-05, 2.3443581038750715e-05, -4.140712422748369e-06, -3.160783729499388e-05, -8.11922789236907e-06]",5250,1,0.005881786346435547
sphere,10,28,5.3354189144911354e-09,"[1.4069983385221476e-05, -2.3633859255302627e-05, 3.521488025455211e-05, 1.3581917453683179e-06, -2.710067055051283e-06, 2.6324760629572237e-05, 1.4454937683659104e-06, 3.112903352881451e-05, 3.201916349969662e-05, 2.530399583132565e-05]",4830,1,0.005333662033081055
sphere,10,29,8.410993068598647e-09,"[5.8192991913247165e-05, -1.173163182967238e-05, 9.896807692731668e-06, 9.885750833351152e-06, 5.001936012280266e-05, -2.8043156310545297e-05, -2.1663766949028272e-05, 1.15860064034074e-05, -1.2250494021417581e-05, 2.548094884080472e-05]",5430,1,0.006028890609741211
sphere,30,0,7.246607938721547e-06,"[-0.00015121457796133338, 0.0007536165949100347, 8.126819112109774e-05, 5.118793117934184e-05, 0.00040370751350648517, -0.00011664822942331554, -0.000721927795432193, 0.0012130462761036805, -8.388329980057974e-05, -0.0006492811011789695, 0.00011764888498163705, 0.00036135035998432466, -0.0010558393508477344, -9.71769395567882e-05, 0.0003652071203924127, 2.472460790338017e-05, -0.000750937163027662, -0.0004118685245126676, -5.9112650662730996e-05, 0.00014201488859272, 0.0006882376846240527, -0.00027882244258573756, -7.130256702757336e-05, -0.0005102055459935762, 1.688500836500644e-05, 0.0009688326207053517, 0.00018197072098397214, 0.00018636769839178516, 0.00012066463286255287, 0.00022527062754955368]",15050,0,0.018073081970214844
sphere,30,1,5.480750500462207e-06,"[0.00040598794034000293, -0.00018962938873177623, 0.0001742313092231331, -0.00030425985417420004, 0.0010368746568605181, 0.00047799757016140596, -0.00021926622425929757, -0.00018131523078291506, -3.506903177729432e-05, -0.00012663877810672043, 0.00039575867369238076, -0.00032870930274275236, -1.5468090095597468e-05, 0.0007008952462440507, -0.0002152198932103333, 3.0074180089537023e-05, 0.0001984073103537396, -0.00036893735235291546, 0.0004368075315103239, -0.0006120020122396598, -4.411006803610603e-05, -0.0005422715898939424, -0.00036298772922219673, 0.0008394883418416818, -0.00015866320616699618, -1.8884552746584978e-05, 2.1526134221007054e-05, 0.00035760921831038756, 0.000422784302425968, -0.0008636399433360696]",15050,0,0.01812601089477539
sphere,30,2,1.453677601618504e-05,"[0.00041868087166672713, -0.00047532103789814405, -0.00010477742987704663, 0.00011718354365509483, -0.0005699388695876609, -0.00032834766472813543, 0.00025001598166412555, 0.0010573644162631523, 0.00015384931999857404, -0.00031462983860740544, -0.00018673941858689375, 0.00027166344903042765, 0.0006804198676272151, -0.0004972963679522063, 0.0026258162939140567, 0.000220805846749024, 0.0012795683417585245, -0.0005408093611906017, -0.0005070791342708218, 0.0010005382536031036, 0.00014807096074624377, -0.000349297536924589, 8.047303541092751e-05, -0.00010546553314967595, -0.0002688963683200904, -0.0004678969734506062, -0.0001973672727851212, 0.0008747791278890933, 0.00024814209599597145, -0.00032540459198287126]",15050,0,0.018074989318847656
sphere,30,3,1.3994058789444277e-05,"[-8.38293725990303e-05, 0.0010371808060699434, -0.0014733072463921455, -0.00032821872345845343, 0.00019063706954135196, 0.0001902609525085225, 0.00031610815227877835, 0.0008314654380216417, 0.0009939834070293381, -0.0007560625422462636, -6.497600852302867e-05, 3.983912219500255e-05, -0.0002497693809850693, -2.1316350252241338e-05, -2.495586027304493e-05, 0.00046432946954459546, -8.37106895463976e-06, -0.00022373887263676782, -0.0005487626003781857, 0.00024522353513272094, 5.933507227065917e-05, -0.0007937141054574491, 0.00020103682263062928, 0.00012093969959092778, 0.00022645472247075565, 0.0013140455875463326, -0.00047920748137243984, 0.001571646675026457, 0.001216477250978108, -0.0009312044661292274]",15050,0,0.01816701889038086
sphere,30,4,1.3343597242570208e-06,"[-0.0001334746431775876, -0.00021473053545311072, -0.00010575758731969225, 3.582677424400564e-05, 0.0003223186482843348, 4.086823161574968e-05, -0.00022502827265628075, -5.142545246013896e-06, -6.493863272306736e-05, -0.00022039044299282251, -0.0001344807250037568, -0.0002516672832165708, 0.00021544336020200354, -0.00012493956818479957, -9.43505069964985e-05, -0.00010776030779675119, -0.00013798567357260449, 0.00048785574114691666, 3.859554228510787e-06, -0.0004094782876278444, -2.3055595416010213e-05, 9.744010659241366e-05, 6.450740564271852e-05, -0.00011188209525273061, 0.0003657394278231877, -0.00030075199135771687, -0.0002669468137969365, 0.00034200616550819195, -0.00010939082550502761, -9.562837025018742e-05]",15050,0,0.018115997314453125
sphere,30,5,9.041067495197352e-06,"[3.3108910348884826e-05, 0.0001624421636325977, 0.00109912328353836, 0.00014463549959896596, 0.0008026795482222344, 0.00025451681816873826, -0.00043631421243206124, 0.00033705377191340746, -0.0006861417893110339, -0.0003735570211653119, -0.00013969584470810954, -9.638568371347042e-05, 0.0006422480428763955, 0.00021690526757242796, 8.75549647029537e-06, 6.958177832944623e-05, -0.0014890129158692995, 0.0013296894494116908, -0.0005086444928087365, 0.0007216082686118584, -0.00035451053951975737, -8.580623415241588e-05, 0.00046772688126052117, 0.00012361328133988093, 0.00020704753624375567, -0.00031561041781181566, 0.0002662632535488719, 0.0004297560175915351, -0.00011079038372740898, -0.0003547601343874805]",15050,0,0.0180819034576416
sphere,30,6,0.00010413622139574684,"[-0.00147871014971813, 0.0020011835981497265, -0.0004780425090451213, 0.000546435657490394, 0.0003142115938605622, 0.004276014497453805, 0.0008764661962872007, -0.0018681743272822532, 0.001345478047059962, 0.0008977858290088432, -0.0021835476184760387, 0.00018546089874044332, -0.0028651658694339695, 0.0032219943256575627, 0.0008410066382058556, -0.0014115004834052564, 0.002115346987738424, 0.0016313859642286955, 0.0003913303182311819, -0.000724538431979171, -0.0022768800389348044, -0.0029096166793411717, -0.000475417378350631, -0.0012955370818037502, 0.0018474605609258457, -0.00017142516735986518, -0.0013586821795937955, -0.0006212955507451446, 0.0033242098961091524, -0.002444225971319333]",15050,0,0.01817011833190918
sphere,30,7,7.581893393466711e-06,"[-0.00024309849927600525, 0.0001027880421436451, -0.000500964741689191, -0.0003340588547860908, 0.0006680887841220678, 0.00013920064415891094, 0.00010363764531705951, -0.00011524532639760783, -0.0009036911704047349, 0.0004154167428085456, 0.0006882713979466758, -0.0013970013734425776, 0.00027033136545246154, -0.0001445948384545024, -0.000639072731985492, 0.0001537562719709756, 0.00015208526493247883, 0.00021554196631275505, -6.072835514727842e-05, -0.0002755764111373905, -0.000970429967449638, 0.00018758829159989837, 0.0004953019321230171, -0.000500295110323836, -0.0002953356515344286, -4.7076544981022354e-05, -0.0008345231904486855, 0.00038705467088991953, -0.00011027220466678094, 0.00038694521914801416]",15050,0,0.018520116806030273
sphere,30,8,4.006524015014688e-06,"[-0.00031488249014265275, -0.00039935244160456016, -0.00017106431605896862, -0.00012669783715139993, 8.123010091872224e-05, -0.0003804606401429275, 0.0004940158507834402, -4.1697093900439044e-05, -3.300471284237066e-05, -0.0006177449433690812, 0.0010588749250944416, -0.00023059707853492783, 0.0004144684973902943, 0.00018625905037234175, 0.00027636363840284595, -0.0002197490973232058, 0.0001709172989360507, -4.330173145392286e-05, 0.00018467602213290263, -0.000172854122776729, 0.0002466437747842019, -0.00020683205610739298, 0.0003846779359968633, -0.0003827623117513588, -0.00037927396001843374, -0.0004888460780099977, 0.00019289214471257142, -6.979874004293165e-05, 0.00018014352619989053, 0.0006831438975264026]",15050,0,0.019420146942138672
sphere,30,9,5.657550751312432e-06,"[3.193336892849353e-05, -0.00038458876940185885, -0.0007291301019149802, -0.0008982165380102769, -0.00015174047002353947, 0.0006877166800931844, -9.413156555182012e-05, -0.00047685693369179, -2.67350543519995e-05, -6.0640536125782944e-05, 0.00023141350347958848, 0.0009651506133958692, 3.835123395667554e-05, 0.00031464890500851165, 0.00040468412361700817, -0.0008363451485811841, -9.372254730049825e-05, -0.00039904163889634223, -0.0003193151101415603, -0.0002945458498372329, 0.0003025859986280393, -0.0002739921052221436, -0.0001648963628068639, 0.0002321248649674672, 0.0002691479515741201, -0.0003133043833706857, -0.0001458844135191426, -0.00028816832474503815, 0.0006459399772441753, -0.000433804992393286]",15050,0,0.019090890884399414
sphere,30,10,4.5797501189425006e-05,"[0.0010460231674380694, 2.98058658251341e-05, -0.0005092436619907885, -0.001298652295305261, 6.485653895586975e-05, -0.0012990563735687387, -0.0004698557048657871, -0.0006701169445055928, 0.00013132032634088456, 0.0058368766999348, -0.0006882616443689368, -8.773926514684936e-05, 0.0002945267123381894, -0.0007283738045801304, 0.0011491592867156229, -0.00011757240624496141, 0.0003522163660675407, 0.0003935488141655737, 0.0004661674481987113, 0.0005196196757502264, 0.00012598883032748792, -0.0007972622632074463, 5.3368767137251965e-05, 0.00034970566035496755, -0.0006964319842446732, 0.0010471685249693326, -0.0001561081706361865, 8.465871983246538e-05, -0.0008346937297399636, -0.00015125692259117533]",15050,0,0.019041061401367188
sphere,30,11,1.0188646044238662e-05,"[0.0002671486068420289, -0.0001734642259017519, -0.0004525591304899017, -0.0004651773468478528, 0.00043785416374271833, -0.0012127337994380968, 0.00019363603762513176, -0.00030543808418962885, 0.0005291331277922581, 8.869527699269171e-05, -0.0003182556320137265, 0.0005035516975301001, -0.00018331120310088644, 0.0006317458904617216, -0.0009716728133616218, -0.0010368454185716396, -0.0002441362402985391, -0.000978091283700772, 0.0006902244325821766, 0.0006977346199522515, -0.00014903890607433724, -0.00044086151769627427, 0.00045230404993024456, 0.00016143778165503525, -0.0007389427827990793, 0.0003352869690694199, -8.834299735903362e-05, -0.0006968301844584592, -0.0010540707041232912, 0.0002975610115641512]",15050,0,0.020429134368896484
sphere,30,12,1.2490045201791816e-05,"[-0.0003899693572328196, 0.0003626239408586989, -0.00036039376254778563, 0.0019026410772171863, 0.00023192250863930783, -0.00035561607115156213, -0.0004432163005220817, -0.00039757324119021116, -0.00044118703647638767, 0.00040302243248378495, -0.0003720577467858127, -0.001217839486658262, 0.000901685570804565, -0.0006459487005425453, -0.0009353946778248844, -0.000958284643990456, 0.000217084572925664, -0.0006295753521361302, 0.00021797108159401208, -0.00041610505163527933, -0.00031788178028628394, 2.7387744103540883e-05, 0.00010220616507238391, -0.0009397719998741433, 0.0002651808193521255, -7.67139491091061e-05, 0.0002528156827590338, -0.0009892156989400258, -0.00014571619766502465, 0.0003466024698538699]",15050,0,0.02008509635925293
sphere,30,13,3.0062966142944436e-06,"[0.000105031594389416, 0.0006838677928954353, 0.0002195064789709754, 9.034948549648978e-05, -0.0003279918814469591, 0.0004086708927953339, -0.00022004814854936875, -0.00024219210364752206, 0.00024222777765498172, 0.00014112271167084336, -0.0003481379546217589, -0.00022472981219056622, 3.5697620272647935e-05, 0.000709337991540238, 0.0003211896588099675, 0.0005063988760937786, 0.0003085994743815754, 0.00042201173810897945, 1.9621006055765407e-05, 6.0189519223490255e-05, -2.1052028000063613e-05, 6.805745945977475e-05, -0.00010410301409053237, -0.00010196680181394325, -0.0007786329300915872, 2.6512753964720755e-05, 3.590783571823003e-05, -0.00013936744855013404, 9.195914611836114e-05, -0.00018830260308333075]",15050,0,0.01961517333984375
sphere,30,14,1.0615020611353425e-05,"[-0.0008665855670006611, 0.00029677089701393364, 0.00028262860435636914, -0.0008416590495991005, -0.0007892070379155265, 0.00020804113115704048, 0.0007121060447912633, -0.00033179388303889904, -0.0005546646333214769, -0.0005434236242191103, 0.0002442302530475806, -0.0012998082558599664, -0.0001491327618900441, 0.0008671190588403046, -0.0004589131290112006, -0.0004105492272317752, -0.0002712078869515973, 0.00024278236570655204, -0.00027050141453568196, -0.0003362336593333389, 0.0009906956992523797, 0.0007780348290577174, 0.00043579016123670425, -0.0004867379419065128, -0.0005011923010111735, -0.00015479980584116176, -0.0010607060365476837, -0.0006149711453047086, 0.00015375678482458825, 0.00025406373816106863]",15050,0,0.01898479461669922
sphere,30,15,3.249720241349937e-05,"[-0.00046812893140908533, -0.0008337519013522504, 0.00018736069635470125, 0.001479934283040295, 5.448261179954523e-05, 0.0005707411809415739, -0.00012177017715856209, -0.0042990240631801836, -0.00020051406214510216, 0.000845701383601891, 0.0007941062245694177, -0.00036723228298302536, 0.0005564863119063447, -0.00023392472919167638, -0.0004767820601659479, 0.0008870598529015815, -7.22563977379864e-05, -0.0010409615226323577, 0.0005002558233338748, 4.910258860498211e-05, 0.00018003928952339788, 0.0004778819546246833, 0.00030044843161035854, 0.0009428438330277456, -0.0003733301272121758, 0.0008671307369456379, 0.0015636456020679328, -0.0004142329627006803, 0.0012236975926283099, 0.00021489501503707377]",15050,0,0.018856048583984375
sphere,30,16,8.11011655307968e-06,"[-0.0008731274937421272, 0.00016534389265009374, -0.0004030865601166863, -0.00042074716167873156, -0.0003215039200006221, 0.000728186592778101, 0.00017107068663894029, 0.00034020933989814203, -0.00019202748220462708, -0.00044831048956851837, 0.0003024819845403018, 0.000641003587703734, -0.0001768584768224543, 0.0007395462108677318, -9.029712368351381e-05, 0.0007710374484429997, 0.001492435933934245, -0.00019386263988899058, -0.0004834277369083094, -9.468386648012168e-05, -0.00043614132833575645, -0.0008337267479968328, -3.11268588966602e-05, -0.0002391268128007996, 0.0001049582867873658, -0.00014185461126547412, -0.0002694948820819991, -6.99489626064304e-05, 1.8801391981963637e-05, 0.0008491735147238052]",15050,0,0.018826961517333984
sphere,30,17,4.793496367040982e-06,"[0.0005142125560211449, -0.00012197751768923493, -2.064735297635146e-05, 0.00027917186020544777, 7.680166890289649e-05, 0.00012469192528727314, -0.00023835884118225483, -9.648378177431541e-05, 0.00041730202977742606, -1.5354016523528343e-05, 0.0003198671695574754, 0.0003587389389204273, 0.0003534443450920971, -0.0008794427373773267, 0.0005511840269832406, 2.3433460661019148e-05, -0.00040449783574835336, 0.00011755047630058985, -0.0003585515125172651, -7.382268462715065e-05, 0.0002012661906438904, -0.001043625222591702, 0.0005435967026239808, -0.00012220625612079875, 0.00019453609696533743, -0.00045700790027154616, 0.000696106122244705, -3.0483323219839476e-05, -0.00032148002764779526, 0.0003912885987686788]",15050,0,0.0186460018157959
sphere,30,18,3.956449440796859e-06,"[0.0007474564497886981, -4.0224624055716445e-05, 2.657503633136847e-05, -7.81734773044263e-05, 0.0002987609784305259, -7.352091622824718e-06, 7.85185838234264e-05, 0.0003271336534234939, 9.299112010480824e-05, -0.00023946374789586737, 0.0008028032138543058, 0.0007499394466308262, -7.257280018950395e-05, -0.0004964262548200634, 0.0003194965028702914, -0.0003645173425719829, 0.0003447594195119629, -0.0007298964331598586, -3.7112979475893736e-05, -0.00013140841630914597, -0.00019662927069427467, -0.000377031317942322, -0.00013079271585726796, -0.0002118043487542925, 2.4312509303529167e-05, -0.0003627028415204911, -0.0002248770102351297, 0.0004074364247425184, 0.0004066513060418975, -1.262039053052943e-05]",15050,0,0.018806934356689453
sphere,30,19,1.1512867630468435e-05,"[3.601503058101187e-05, 0.00034124099488201155, -0.00015079491762302216, 0.0004215187304755488, -0.00015363110571149966, -0.00018146124374534352, 0.00015929887853285198, -0.00025533718411874733, 0.0004525957297503643, -0.0003019483677819491, -7.401549735142499e-05, 0.0004149671961608222, -0.00010218747004648134, -0.0005489487930443488, -0.00011290298799297995, 0.00019694244461456497, -0.00045632902023417133, 9.905410119306087e-05, 0.0006554498037638049, -2.8879431732335557e-05, 0.0003288206176415514, -0.00011450693233463051, -1.1577509776727261e-05, -6.582973239567058e-05, -0.0008898914770163052, -0.0028941930903876095, -3.784268346341711e-05, -0.00025010822842833096, 0.00040351538496925815, 0.000203277388289599]",15050,0,0.01888585090637207
sphere,30,20,5.092623099269711e-06,"[-0.0002716624683495268, 0.000437968906514563, -6.623412014495616e-05, -0.0005127500200633816, -0.0007438009914194677, 0.0001450611782547882, -0.00011312713326818932, -3.826365994692802e-05, 0.00021777843843630185, 0.00010158999332504065, -0.00042106908510134854, -0.0004163533824819622, 0.00028689117594147043, 0.00018134154066948166, -0.0002850435618489204, 0.0003240825228391093, -0.00013753424715884165, -0.0005483717087006198, -0.0005270583547100216, -0.0002457972118153925, 0.0002568822069100919, -0.0004899772662674434, 1.8918922985901396e-05, -0.00018758179966497026, 0.0006691994495007555, 0.00046521820632977406, -1.8382108038481103e-06, -0.0005662869859455764, -0.0011247272108300024, -0.00010907493529053752]",15050,0,0.01899409294128418
sphere,30,21,8.04164272213328e-06,"[-0.0002612901480911231, 0.00040252592166325124, 0.0009469287201170386, 0.00018906522018493588, -2.5582355194087196e-05, 0.0008951636340241378, -0.0005206765998225853, 0.0007142083584799149, -0.0002949195883694251, 5.937284195976208e-05, 0.0004582240178958146, 3.132247035831406e-05, 0.0006472313864808177, 0.0005752660326352643, -0.0006852063114867969, -0.0001812114627195579, -0.0005583610579234469, 6.492724744989037e-05, 0.00023175690298534414, 0.00035729399687955846, -0.0002822256363385035, -0.00025646406926971093, -0.000500358300810222, 0.00027615229402184853, -0.0003384384855682616, 0.0010163640562481121, -0.00025084844609047155, 0.0003227814819871614, 0.000349827609199634, 0.0011557206817846965]",15050,0,0.018758058547973633
sphere,30,22,9.759658365701494e-06,"[0.0006709997035825915, 0.00038594605088772385, -0.0007192218314826954, 0.00042784347383869985, 0.0007592701015285904, -0.0009752802745685435, -6.38963234421444e-05, -4.015365661552705e-05, -0.00020752837742319974, 0.000534328422848863, 9.604579055235961e-05, -3.4741744937502314e-05, -0.0010798856319125015, 0.00010418005250335219, -0.0002617398996092416, -0.0005263183236018485, 0.00015014727323914767, 0.0004186476906551665, -0.0008008289946741334, 0.0006638628447466176, -0.0002231531760588687, -0.00021164162736267872, 2.1905796838310817e-05, 0.0003272155289896691, 0.0006569644387562986, 0.0003021927087810868, -0.0009774278565826946, 0.0006651795409274965, -0.0011099510602791875, 0.0006561327234645039]",15050,0,0.01889514923095703
sphere,30,23,5.507979134770774e-06,"[-0.00023223515057304737, -0.00013192772842514008, 0.00029440763877421874, 0.00041967223074157396, 0.00016320500062820954, 0.00028596324538673104, 0.0005371232545099383, 0.0002438500631865699, 0.00010180359481923681, -0.0005571794871613216, -0.0002732602217764532, 0.0012130969591608882, 0.0004912160927104346, 8.1944989261142e-05, 0.0007362803534274363, 0.00034536471476985807, -0.00027468128484815785, 0.0007017604085149298, -0.0004423295913838041, -9.083188176216898e-05, -0.00027072286901141403, 6.588407965413441e-05, -0.0003933160230978621, -0.0002984317144337982, -2.1325409870148214e-05, 0.00011831449319096309, 0.0003659553975543348, 0.0006551572798127038, 0.0005189089829438001, -2.9920204642191496e-05]",15050,0,0.01882195472717285
sphere,30,24,3.465042698714926e-06,"[-0.00015057652164286714, -0.0015286191684099218, -0.0001710729202487068, -0.00026903158481583755, -1.3436439244864681e-05, 0.00022589224252868547, -0.00010896588129899302, -2.7259458198669088e-05, -1.427168947308507e-06, 7.13059672210894e-05, 0.00021565819188957267, -3.56573307271233e-05, 0.0003437234455175996, 1.3289015237733697e-06, -0.00031222625274132947, 0.0003920923582637519, -0.0002657804068611038, 0.000112622154312478, -0.00010058009417192014, -7.884308598764065e-05, 0.00029978086179801086, -9.003270590746818e-05, -0.00011269348550516024, -0.00015849611408867633, -0.00010936654875489018, -0.00041631037663325977, 0.00018862418999109374, -8.949549627532892e-05, 0.00010590414078837287, -0.00020605407315519713]",15050,0,0.018963098526000977
sphere,30,25,3.1614777763650305e-06,"[-0.0003504677014632009, -4.986920974461579e-05, 0.0002179868017977056, -8.861402442614533e-05, -0.00010739397137802066, -0.00014406140048862527, -2.928211455550882e-05, 3.259698799640962e-05, 0.0003137291853043634, 2.518073482502952e-06, -0.00017923371943705783, -0.00016633268063245246, 0.00011577978208613695, -0.0002395348930143771, 0.00027963684066662967, 0.0002265455077629188, 4.173234984345642e-05, 0.0006151803891715061, -0.000796390575032489, 0.00022015770872096658, -0.00042131641686882524, 0.00028928491677226184, 0.00010043827021654131, -0.0006049106819788488, 0.0003208275028450438, -4.3978717988639915e-05, -0.0003729210352394392, 0.0007226536260384963, -0.00034820122573492773, 2.3651584818177996e-05]",15050,0,0.0183107852935791
sphere,30,26,9.535174150936555e-05,"[-0.003038023314876772, -0.00020951995304035347, 7.950091304606164e-05, 0.0017923586185210334, -0.0011525369320675716, -0.0005933002396339105, 0.0006176537793000489, -0.0001557418612813803, 0.0017560341294751477, -0.0003180613137730839, -0.0020661535719232746, 0.004552384881987567, -0.004325030147431442, 0.00035766925046104873, 1.0424679746582136e-05, 0.0016262435336784724, -0.0008789114897001286, -1.598290252165669e-05, -0.0002860438166443363, -0.0015852061413179673, -0.00029992389293420326, -0.0006789474834844177, -0.001432963746226491, -0.0012065174744590283, -0.000693928846360304, -0.0032132139571309885, -0.0008585647442990373, -0.0026995699261819256, -1.4778655560771046e-05, 0.002204072831968403]",15050,0,0.01938009262084961
sphere,30,27,5.0419719587285215e-06,"[0.00028668223416455614, 0.0004939332907493051, -0.00013965106279935217, 0.0006392029912648902, 0.00028310969809958663, 0.001080290022591332, -0.00016256432513972908, 0.00018233863264756952, -4.1718150671958684e-05, -0.00015117850111982253, -0.0008556796107608834, -8.996838019641298e-05, -0.00042486821652925504, -0.0002357552040375602, 0.0008153358701008275, -0.00013398092415514297, 0.0003629255196309272, 0.0004142700574150326, -0.0007944028267778142, 0.000268504449835664, 0.00013585029575192102, 2.7313217793624472e-05, -0.00010345585297455551, -0.0001448711604644543, -0.0003076352609973419, -0.0002071677117786639, -0.0003092637085798434, -2.9566861650780505e-05, -6.973984077826674e-05, -2.9135605085410472e-05]",15050,0,0.018465042114257812
sphere,30,28,3.966647562652569e-06,"[-0.00048001496869659333, 2.35384054333576e-05, 3.890976389200136e-05, -0.00038903671866286814, 0.0003748776183682271, -6.972986741216478e-05, -0.000158636182066163, 0.00011576074991765883, -0.0005314552598711584, -9.25362305622018e-05, -0.00025395053611830293, -0.0001732382358889305, -0.0011629160682539734, 0.00016036176088787317, 0.0002834907797491765, -0.0003309734917719487, -5.300581001403963e-05, 0.00018110055961459968, 0.00020559419628380786, 0.00042117981318505666, -0.0004605004145547526, 0.0005011235269694506, 0.0004328416025178748, 6.724312993977615e-05, 8.337434847131359e-05, -0.0003060856277889399, 3.670809235877402e-05, 0.0005970271234318701, -0.00025203150970076467, 0.00011431610079852721]",15050,0,0.01901698112487793
sphere,30,29,5.563070703821841e-06,"[-0.00023958037332454655, 0.00030242508923410377, 1.5107209191138387e-05, 7.672473035927503e-05, 0.0006759282164685872, 0.0004935909205221361, 0.0004333401774213138, -0.0004737419293920196, 0.00034156695303113086, 0.0003821592638663476, -0.0002770809506101757, 0.0005530003640200395, 0.00014726041514768638, 0.0004815466540847702, -0.0008600361780610266, -0.0006307573000853793, 5.581128792011853e-05, -0.00029858779342544037, -5.7276164142067666e-05, -0.00018692648679242562, 0.0006432977597698171, 0.0002230238626981713, -0.0004457041423543397, -1.6715910745652103e-05, -0.0003460744688286038, 0.0005692371475858229, 0.0001951499494810862, 0.00024629756547869114, 0.0008064410486195292, -0.0005225865980314471]",15050,0,0.019229888916015625
rosenbrock,2,0,5.925022316836925e-09,"[0.9999251048823069, 0.9998519922916244]",6030,1,0.025949954986572266
rosenbrock,2,1,5.042044205330815e-09,"[1.0000463952292222, 1.0000981680429544]",5520,1,0.023437976837158203
rosenbrock,2,2,9.971155753099933e-09,"[1.0000985756656435, 1.000195567329854]",6600,1,0.02800607681274414
rosenbrock,2,3,8.192220032378823e-09,"[1.000061938212678, 1.0001304801691542]",6180,1,0.02570486068725586
rosenbrock,2,4,4.94842410786487e-09,"[1.0000556300587418, 1.0001069577265322]",6990,1,0.02932596206665039
rosenbrock,2,5,9.95519400630265e-09,"[0.9999025254323919, 0.9998071908652558]",6360,1,0.028304100036621094
rosenbrock,2,6,6.206222892645942e-09,"[0.999924524945781, 0.9998513133282507]",7560,1,0.03229212760925293
rosenbrock,2,7,7.417471009814855e-09,"[0.999971049948428, 0.9999502120637822]",7170,1,0.030614137649536133
rosenbrock,2,8,9.199218063538286e-09,"[1.0000707408616185, 1.0001350098852504]",3240,1,0.014171838760375977
rosenbrock,2,9,1.259892502293818e-09,"[1.0000354942960512, 1.0000709680688984]",3270,1,0.013878107070922852
rosenbrock,2,10,8.909042159879933e-09,"[1.0000366425802703, 1.0000819849878406]",6480,1,0.02795696258544922
rosenbrock,2,11,2.779915253812369e-09,"[0.9999709321932204, 0.9999462640697053]",5940,1,0.025677204132080078
rosenbrock,2,12,2.82525374207453e-09,"[0.9999979761213162, 1.000001263703833]",5010,1,0.021770000457763672
rosenbrock,2,13,8.930084903666692e-09,"[0.9999071331345147, 0.9998160236934404]",5160,1,0.022027015686035156
rosenbrock,2,14,9.520223720653289e-09,"[0.9999551003788385, 0.9999188654797776]",5670,1,0.02421092987060547
rosenbrock,2,15,1.7866616053017263e-09,"[1.0000316766998942, 1.000066153060539]",6480,1,0.028367042541503906
rosenbrock,2,16,8.188699206105476e-09,"[0.9999895117658392, 0.9999700354849458]",6000,1,0.025297880172729492
rosenbrock,2,17,2.3283720554143563e-09,"[0.9999517501513349, 0.9999034456957366]",4710,1,0.019772052764892578
rosenbrock,2,18,5.193135404924454e-09,"[0.9999363143953172, 0.999869260489509]",6420,1,0.02747631072998047
rosenbrock,2,19,8.198453477370612e-09,"[0.9999097573558977, 0.9998187831348884]",5880,1,0.025130033493041992
rosenbrock,2,20,3.2767409708791168e-09,"[1.000021488562999, 1.0000376719467667]",3450,1,0.014803886413574219
rosenbrock,2,21,4.961623311524142e-10,"[1.0000219072331549, 1.0000442178788196]",6060,1,0.0256803035736084
rosenbrock,2,22,9.995147760659001e-09,"[0.9999001794875255, 0.9997998120455694]",7350,1,0.03206181526184082
rosenbrock,2,23,4.155152599505656e-09,"[0.9999362102265694, 0.9998714970665867]",5730,1,0.024855852127075195
rosenbrock,2,24,9.817831345234037e-09,"[0.9999035540383753, 0.9998048457979977]",5130,1,0.02734994888305664
rosenbrock,2,25,1.869115033249604e-09,"[1.0000429134695632, 1.0000853039077238]",3900,1,0.025488853454589844
rosenbrock,2,26,9.784422312147835e-09,"[1.0000989086388639, 1.0001979496767242]",5280,1,0.032232046127319336
rosenbrock,2,27,8.435419804123195e-09,"[1.0000595780428807, 1.0001121697307196]",5790,1,0.0250701904296875
rosenbrock,2,28,9.604797212908849e-09,"[1.0000976240942498, 1.0001961198873623]",6660,1,0.03108811378479004
rosenbrock,2,29,9.441013274698961e-09,"[0.9999079005944481, 0.9998189059799212]",4800,1,0.021957874298095703
rosenbrock,10,0,1.0269744867863067,"[1.0034048229225847, 1.0057990507575563, 1.0080022097319867, 1.021287901678974, 1.043650093764899, 1.0923850883837025, 1.1758743807163952, 1.3761125940303025, 1.8959927851468013, 3.5966628027123293]",9030,0,0.041120052337646484
rosenbrock,10,1,1.7391035064923122,"[1.0040221798123605, 1.006150231772664, 1.0155283660114194, 1.0232512263692857, 1.0534859282725975, 1.1066578231837665, 1.2223588913236376, 1.4809898121906135, 2.184682458055312, 4.7691289587163475]",9030,0,0.04112076759338379
rosenbrock,10,2,0.42044441052031034,"[1.0017950799305106, 1.0046571894005976, 1.0069778327945187, 1.0150272783952732, 1.029489817576659, 1.0608831055066656, 1.1243693547162579, 1.252349355036762, 1.562765326033912, 2.446030787098209]",9030,0,0.040904998779296875
rosenbrock,10,3,5.391105077621938,"[0.8703255624869116, 0.7606204689939451, 0.5885263074617856, 0.3632210399529012, 0.14403579154896334, 0.025669730283898223, 0.007088149440232193, 0.02176529556676162, 0.01665399663087055, -0.012560585340073496]",9030,0,0.04156374931335449
rosenbrock,10,4,8.103458975481919,"[-0.9166062660559886, 0.8650396853930977, 0.766252736576559, 0.5967376077363863, 0.3721760685059596, 0.14944907812344288, 0.033337156984621384, 0.0038671613616039152, 0.002977466591437811, 0.00369376989850801]",9030,0,0.059721946716308594
rosenbrock,10,5,5.078788519032817,"[0.8929644861187042, 0.7976326040927005, 0.645440847227786, 0.42754312529136707, 0.19023442778160418, 0.05089191972009065, 0.008304597684279692, 0.008813198099258231, 0.014436508955946083, 5.727042632167479e-05]",9030,0,0.06374001502990723
rosenbrock,10,6,4.816352340384656,"[0.9151322072950538, 0.8366170511757384, 0.6956339681931665, 0.4951166084331932, 0.2511970455710841, 0.0820341393597788, 0.005178518683332924, 0.008683594561589701, 0.005452594888671356, -0.007327615664408244]",9030,0,0.06407499313354492
rosenbrock,10,7,3.996024361376549,"[-0.9937404548893505, 0.9973085586750474, 0.9994975788648348, 1.0018830019012586, 1.0047883082559181, 1.0098065861414889, 1.0189977403094062, 1.0383702116434899, 1.0772753739468013, 1.159801742957407]",9030,0,0.07592582702636719
rosenbrock,10,8,8.038159851757554,"[-0.9265977676303971, 0.8708002894273206, 0.7760044456026737, 0.6159284225536383, 0.3921707894220088, 0.1618668571236461, 0.02195841781370934, 0.019292346179664598, 0.016910512104768474, 0.0054219548648620376]",9030,0,0.04108095169067383
rosenbrock,10,9,4.518966160023901,"[0.9264156349900057, 0.8644772423298223, 0.7555910227445661, 0.5675366821644453, 0.32803539024493567, 0.09901878925862945, 0.015738713535814675, 0.00839602174214897, 0.0036865425468887098, -0.007858242290613066]",9030,0,0.04101705551147461
rosenbrock,10,10,2.48317900844189,"[1.0036943908892915, 1.0077906552559075, 1.0154833065041948, 1.0312022511293668, 1.0600819395307215, 1.1186832492940586, 1.252264502346918, 1.5623815090937907, 2.4406318699153986, 5.960856631432459]",9030,0,0.04103684425354004
rosenbrock,10,11,2.411601789013312,"[0.9843580619121907, 0.9648375896423342, 0.9341043717923764, 0.8743505988419327, 0.764139391568288, 0.5819251493689774, 0.3472604656523385, 0.13015443259613266, 0.026558134879585724, 0.0006598808683079735]",9030,0,0.04113602638244629
rosenbrock,10,12,4.8896752523144515,"[0.901677085059958, 0.8276757421123582, 0.6933490811452312, 0.48081213643440124, 0.2349825079346971, 0.05727274394763771, 0.011592673889459698, 0.006844674749173036, 0.02197009697351444, 0.00611717078728635]",9030,0,0.041213035583496094
rosenbrock,10,13,4.877119296996665,"[0.9143113308626603, 0.8358854589151086, 0.6980682170973094, 0.4769135804332364, 0.23259988791484942, 0.04809389341976975, 0.01263462351095334, 0.009784370094055563, 0.007666803818680851, -0.0011555784650221059]",9030,0,0.04114818572998047
rosenbrock,10,14,4.719247039851811,"[0.9197362427609799, 0.8498376912666142, 0.7179583281052354, 0.5301278326302742, 0.2853232076520711, 0.08914791546246985, -0.002196117487457294, 0.02109141211499644, 0.01925506336864203, -0.004288380762612997]",9030,0,0.040949106216430664
rosenbrock,10,15,1.6709083784667138,"[1.0040492775682854, 1.0072023784728341, 1.0141476878812299, 1.0289395494090388, 1.05174931899509, 1.1055335015646963, 1.2160699510029953, 1.473889162981484, 2.1712519995831174, 4.71037326990077]",9030,0,0.05731391906738281
rosenbrock,10,16,1.8975189255611924,"[1.004085273146008, 1.0052098708574282, 1.0106287900727406, 1.0226253232869484, 1.0495999624541485, 1.1083057872055897, 1.2332261608565231, 1.4924499473437625, 2.218334890980234, 4.915327657151899]",9030,0,0.04115700721740723
rosenbrock,10,17,0.004299822601869067,"[1.0002411294601041, 1.0004107313664894, 1.0008424632615838, 1.0016994231302603, 1.0037852973127286, 1.0071820962259126, 1.0141088636390414, 1.0279590256625208, 1.0563286065747148, 1.1159164189094666]",9030,0,0.0410003662109375
rosenbrock,10,18,14.10371692927571,"[0.7316238690291661, 0.5500338311216557, 0.39354615717329977, 0.07149345009763908, 0.05218013537972694, 0.06851125701205467, 0.25020109287824854, 0.02965173650682972, 0.013967672370060764, -0.0064749593887534485]",9030,0,0.040952205657958984
rosenbrock,10,19,4.847999696774034,"[0.9104152512245505, 0.8318562649382395, 0.697604416847292, 0.4937251044247867, 0.24817862750497263, 0.05246524172511179, 0.016974032872649116, 0.018144283937096477, 0.004567802016343226, -0.007963405290296606]",9030,0,0.04087114334106445
rosenbrock,10,20,3.9889600734089856,"[-0.9930554026102477, 0.9962429338659132, 0.9975596429789124, 0.9976125036708391, 0.9963328380961929, 0.9935731655462487, 0.9877875399295746, 0.9757987541506505, 0.9522084458597014, 0.9064630629929274]",9030,0,0.040988922119140625
rosenbrock,10,21,5.313170338131953,"[-0.997186261509473, 1.0027708691984982, 1.011794983287983, 1.023349399268704, 1.0473745889178927, 1.0945207285839569, 1.194041039352756, 1.4277281624902989, 2.0384417214370343, 4.156070666541466]",9030,0,0.04083395004272461
rosenbrock,10,22,4.188748420356579,"[0.9475618386979686, 0.8977299061248094, 0.8143300796261497, 0.6633743249681032, 0.43557955108468505, 0.1826212699554721, 0.009389163374881944, 0.01932327405333166, 0.010932711232974884, -0.0007103823798059574]",9030,0,0.0407872200012207
rosenbrock,10,23,4.84188777636703,"[0.9136121473089784, 0.8382114288355575, 0.6948532569671195, 0.4820026949220527, 0.23715439869178356, 0.05920628334749994, 0.013484246760410965, 0.01730719655162326, 0.01201643938241391, 0.003674471597510181]",9030,0,0.040924072265625
rosenbrock,10,24,6.451643545532089,"[-0.9742098917023025, 0.956536671680399, 0.9269055760281207, 0.8629410910002505, 0.7512726622820929, 0.5603395403003426, 0.31656333521152863, 0.10528675688345475, 0.01324609022828343, 0.002809879173166765]",9030,0,0.04118084907531738
rosenbrock,10,25,3.721917342828676,"[0.9603577379333612, 0.9162109744921, 0.840384447669859, 0.7090828797465973, 0.5216019534049943, 0.28397985931005454, 0.08402658530166644, 0.015535265871677055, 0.009715864167827448, -0.0036370511801795376]",9030,0,0.04080986976623535
rosenbrock,10,26,4.922338685014188,"[0.9159484449162427, 0.8350166539650848, 0.6914809546857458, 0.47816471080297906, 0.2299963940766677, 0.03934387282195767, 0.01684415605718694, 0.002464649755109654, 0.003150011276284061, -0.0033149544819656334]",9030,0,0.049653053283691406
rosenbrock,10,27,16.629102912152717,"[0.9642989795253143, 0.886355565635558, 0.9250900650482863, 0.9712396315953459, 0.9961517509847194, 1.0270812011720598, 1.2936593602403827, 1.7895750312414038, 3.168710209720771, 10.0]",9030,0,0.04106783866882324
rosenbrock,10,28,4.621102364439094,"[0.9180769684024844, 0.8500491018235655, 0.7362472059455987, 0.5411252622284659, 0.3061287061954442, 0.10583243919461771, 0.007499481594114797, 0.017622624109375526, 0.005964355849473312, 0.0028723404304184727]",9030,0,0.059422969818115234
rosenbrock,10,29,3.8378152884755803,"[0.9555732435239659, 0.9199966769205388, 0.8390933538141601, 0.7077738206681506, 0.5061982592902821, 0.24331317239527128, 0.060847904834236105, 0.007313470345004133, 0.0056801439992617995, 0.010035009665924048]",9030,0,0.049102067947387695
rosenbrock,30,0,55543.47290497056,"[-0.9661804359251831, 0.9552933077364028, 0.9259503530221506, 0.8518490866184056, 0.7219246014828009, 0.5583335010686393, 0.32664532210376107, 0.1098860496342699, 0.014636228977862358, 0.016784445408202564, 0.009038929469205832, 0.018202665322559854, 0.0043725389621415926, 0.018437816798968207, -0.011456784355558823, 0.0032278707569921494, -0.028085235230422157, -0.012249827517572153, -0.005468378890103673, -5.0, 2.479868867554004, 1.6335358473977106, 1.2584399154652772, 1.051703884600402, 0.9364083480960942, 0.7884437159556776, 0.5834123007112249, 0.2965774441249781, 0.11755321726035042, -0.004054578893999815]",15050,0,0.09790897369384766
rosenbrock,30,1,81.90029604389137,"[-0.6989713080405459, 0.5249819299553597, 0.28099628767949786, 0.08885553267218571, 0.029671952360481608, 0.004195945585727727, -0.00529347158622848, 0.025485241584858077, -0.0028932950176154253, 0.023807732645270353, -0.00042246192471728436, 0.019264537720235377, -0.006517215933789582, -0.005801442623925977, 0.04598328669085639, 0.01637643626988152, 0.4498255690483471, 0.7040905389519697, 0.8388346886017396, 0.9322869598362202, 0.9682210163172177, 0.9683409225039323, 0.9691671678094919, 0.9600594769809284, 0.9305711695363794, 0.8666327200216464, 0.7346249908680782, 0.5189345169216774, 0.23584551007147198, 0.05841904331687982]",15050,0,0.07048773765563965
rosenbrock,30,2,86.42124333412144,"[-0.5024162896237648, 0.26026738662046084, 0.06967896993068072, 0.02543483103411874, -0.013762961277597945, -0.0038311539365135355, 0.00037282219335985946, 0.019685463324834996, 0.009600588416219255, 0.022671626717704847, 0.006442306788066334, -0.0023426865113910407, -0.004876319633967948, 0.019324368861325315, -0.008912377040300817, 0.0012575272376827871, 0.0025944430940460367, 0.024277856344491228, 0.07066101291461938, 0.4547441568240761, 0.7101794501485829, 0.8455800873912724, 0.9308710696069681, 0.9762491814091963, 1.0328703447037129, 1.107648188769865, 1.2270954813082744, 1.5152355518071765, 2.2962999401137014, 5.273205412759095]",15050,0,0.08773684501647949
rosenbrock,30,3,10.804788034368968,"[-0.9906943585210933, 0.9940608720603115, 0.995497286259168, 0.9953480736213373, 0.9915459806064368, 0.9961494355708039, 1.0000392907147564, 1.0031381146340312, 1.0009138038359666, 1.0021212482716813, 1.0022764581524286, 1.000685086041627, 1.0003443564038115, 0.9961964265161218, 0.9924544074503207, 0.9942382298831447, 0.9909159199926174, 0.9661359934486977, 0.9212186472521563, 0.8435985190890322, 0.7115667277576906, 0.5003109929456561, 0.2544931841107238, 0.07214483626815205, 0.013486251625062114, 0.0116015635407286, 0.015343725140634869, 0.013581218987665695, 0.0075862545262549335, 0.0009458402327241998]",15050,0,0.07386589050292969
rosenbrock,30,4,2526.5219449064666,"[0.7525508666014359, 0.5687963580611334, 0.3405364926275159, 0.09524476479948815, 0.016230646811355057, 0.014434204663452313, -0.007490052836539789, 0.010652612480471476, 0.010222687097205693, 0.008831090833184788, -0.0013108338997984198, 0.008331337093473681, 0.018221292277109277, 0.0033055719543529137, -0.010158728350122298, 0.018180684517958116, 0.013262844908205635, 0.015137140805817663, 0.007026712227763665, 0.02485732450191431, 0.013386520498878212, 0.0059627433162155186, -0.010690117288733335, 0.0005467018611889105, 0.009312411991716006, 0.008589722150376213, 0.004665307220501563, 0.0017120761367329473, -0.0026582119148462493, -5.0]",15050,0,0.07856011390686035
rosenbrock,30,5,29.263235767153652,"[0.5811877934142581, 0.3348472977329368, 0.15221749807472468, 0.02737318113142089, 0.028824142982391512, 0.06510988649576026, 0.0013799022817010433, 0.06652906034744968, 0.0209235988045217, 0.012600329885705669, 0.018752813054689354, -0.021296796451351, 0.023167898061764225, 0.016607005619033888, 0.017994904731289525, 0.0060131064323614486, 0.033273556774804966, -0.06782124116521022, -0.03560426731279036, 0.015739409697766674, 0.024135200032896008, 0.01696995919499301, 0.027452420291935103, 0.025255979614595678, 0.017619001239339165, -0.023182865619554415, 0.02567329128070501, 0.028125505106163927, 0.04275860014677914, -0.008175735509952176]",15050,0,0.07073712348937988
rosenbrock,30,6,28.999322036919715,"[0.3157885602500437, 0.08239985719535894, -0.03888028363708704, 0.029539945014377737, 0.0005514427226616242, -0.011909534538035917, 0.019431242805031803, 0.005763029959360248, 0.026319207100693937, -0.0030631388931659856, 0.004705573939532557, 0.012550782495251251, 0.017212729889578268, -0.0045664066813343555, 0.013416447061027533, 0.01842986217946242, 0.038829802649844265, 0.030872450862768613, 0.005728981012691764, 0.011492273821677817, -0.0072529916100900794, 0.008740235769570299, 0.019836490115661066, 0.007352584428550086, 0.05296562648037249, 0.029062570320352865, 0.02396295226441575, -0.00750315186250868, 0.02729457150980334, -0.006847483477181006]",15050,0,0.0737769603729248
rosenbrock,30,7,27.26652756610236,"[-0.9566070081083483, 0.9269709905963969, 0.9165748368412922, 0.8849748315924036, 0.9010943764032753, 0.91261382074857, 0.9366684678609793, 0.8671864046737886, 0.7944049976266988, 0.6660888141237299, 0.47971812982458467, 0.3023595046242503, 0.12438734216621933, 0.03858045581352311, -0.00018896851933277933, 0.0051500101669806845, 0.04296967221010038, 0.030585820600848773, 0.0320638207555377, 0.02734312882169148, -0.019375100575596493, -0.014996783681462064, 0.02147687956598228, 0.02699019832186923, -0.009805619683748566, 0.02671771535975214, 0.044539779791302456, -0.029081957824260866, 0.004072381779015349, -0.0012365570751041916]",15050,0,0.07179689407348633
rosenbrock,30,8,85.66875169571932,"[0.6152985897549287, 0.37108916442050943, 0.13710560623844095, 0.018453094819689906, 0.013428634473658912, 0.010742925589662292, -0.00317312097272188, 0.009887480716233393, 0.0062842002080102845, 0.00828261738524575, 0.004515879173246982, 0.005374642118221623, 0.01105427099974863, -0.013421712475366387, 0.008669263972020804, 0.008162346194043477, 0.023022053217771826, -0.00021568249174561994, 0.003733679991682535, 0.0358770212477833, 0.3210540558728486, 0.5755508106083735, 0.7747781953911265, 0.9027954298311585, 0.9864357060018806, 1.058834092577593, 1.1774529490372256, 1.4135985328855436, 2.004234409839191, 4.036061639493196]",15050,0,0.06786084175109863
rosenbrock,30,9,81.40716376957853,"[0.759324930393082, 0.5696801242499601, 0.31025290422591334, 0.08782394991335478, -0.01177055749979637, 0.01849097638908601, -0.01449308701992377, 0.004687481820957288, 0.019923170187711628, -0.001356828747312547, 0.03768572540861386, 0.025498168456679127, 0.01638126082397575, 0.007762827283205633, 0.10982070885330557, 0.04100666194767563, 0.03674896680658002, 0.3793597811504091, 0.6294337090461433, 0.8096254265889411, 0.8825727120934298, 0.921134555086404, 0.9180107041256131, 0.8837216527220297, 0.8207106585498497, 0.6584661244571578, 0.4493571914280601, 0.21037591012616483, 0.05506520851367283, -0.01479488011522406]",15050,0,0.07152509689331055
rosenbrock,30,10,84.61009551432517,"[-0.29801353102581074, 0.0681841405476655, 0.04399806124502946, 0.02286320866229173, -0.004139328578354244, 0.040061114490114874, 0.009621588652742756, 0.020564934166452498, 0.03968853590845063, 0.034065567823096075, 0.013389522527818967, 0.02272262207660613, 0.00920214872109368, 0.19540764745051864, 0.4580982556150851, 0.671357579720508, 0.8037993393959199, 0.8504844618887332, 0.8426481434327077, 0.8217995606114763, 0.7606539849026864, 0.5955308157990892, 0.3907480921844001, 0.14911010206000516, 0.029777405503701865, 0.06505797878168897, 0.03168466408221607, 0.02490158454670258, -0.01667789162526189, 0.013384802750269879]",15050,0,0.07539081573486328
rosenbrock,30,11,28.225097866688692,"[0.3032029457564432, 0.08923368386006053, 0.02441823088324856, 0.023253619087353787, 0.02765033866241405, 0.01789146432259655, 0.01662891834113489, 0.009506779597302055, 0.003914120211912297, 0.0045341337192140625, 0.006992048749496275, 0.017537906973786144, -0.0004800232475761368, 0.012885332482476645, 0.0016753581490434452, 0.014224200198086599, 0.01687954175313532, 0.014163088542786983, 0.0030500000303302676, 0.0035262337115177476, 0.0042676592093051306, 0.013651251876012694, 0.028272531672861388, -0.007497940062049099, 0.007492700355750435, 0.007159755267137531, 0.014034383165763366, 0.014868377165354014, 0.005914437855101687, 0.011904721821648409]",15050,0,0.06797003746032715
rosenbrock,30,12,75.4368197243933,"[0.9815063125978853, 0.9701343783385882, 0.9415885779136135, 0.8878716632621679, 0.7868456010910626, 0.6274188377282996, 0.4066150405750606, 0.17874231019581857, 0.0499420314947651, 0.16825059315445573, 0.4966553559417388, 0.7188449609851392, 0.8439191982896297, 0.9027092250305339, 0.9258342168675086, 0.9203499303058401, 0.8801942622565941, 0.7962482122821256, 0.6448420243021487, 0.42793817437502196, 0.18804884217710044, 0.041140257095408236, 0.020380720507073652, 0.005219277014641938, 0.009859458586715662, 0.014412734260308917, 0.012156393776273365, 0.012969621432626519, 0.010944387165045769, -0.0002142936408386989]",15050,0,0.0726780891418457
rosenbrock,30,13,25.01180217357818,"[0.8851718010513276, 0.7866260077030809, 0.6207291275213619, 0.38938294558548037, 0.15630103662629635, 0.036875422294393445, 0.00914682028428946, 0.011304683357819352, 0.01266637945888236, 0.009021601416565937, 0.012734831587694758, 0.01139972792971695, 0.010299163453026516, 0.011780723776630074, 0.010118612840013834, 0.014160798252431666, 0.010982694797380997, 0.01587190339397504, 0.009844838730128733, 0.012899427602049922, 0.009664001558755343, 0.008068559395698862, 0.0089717861537047, 0.006319101616145786, 0.010268148982835191, 0.012140549751048372, 0.011334443382079765, 0.008615323085557132, 0.011978797048760053, -0.00024796970153358135]",15050,0,0.06785726547241211
rosenbrock,30,14,35.09840623409958,"[0.24439413613379535, 0.046989050451876686, 0.07821730309272065, 0.03783789117462416, -0.05415793992478575, 0.006363802203779109, 0.03676423026741848, -0.0253537773580964, 0.07020628380701019, 0.012947403220901078, -0.0195331230913906, 0.0536400611371182, -0.007117113312009636, 0.06519386827515133, 0.045425883627887645, 0.01313763323348974, 0.05846705302807187, 0.1885039521789149, 0.06073270095978826, 0.002879575273683887, 0.03630394566792278, 0.032514536508462574, 0.007723956664249989, 0.03368430762030357, 0.02251129949155243, 0.04625116601112877, -0.0257553104519532, 0.07597068379359971, 0.08523397404434098, 0.03167779768104009]",15050,0,0.0778801441192627
rosenbrock,30,15,31.12500753090298,"[-0.6013951878425363, 0.3564706637250157, 0.13191188758642583, 0.05977115250237654, 0.011597623946128916, 0.03708557192420229, 0.00030698130013311065, 0.0179258303711958, -0.0027841419475887353, 0.06979430901203468, 0.04366371500306707, 0.03287489934877901, 0.003456940769159759, -0.02903759847715843, 0.017743615128590066, 0.004995646353880269, 0.007665173261399615, 0.02131580277988699, 0.03910424412974421, 0.019461082864220932, 0.05814476786734829, -0.003815167290477886, 0.017492366817923544, 0.004189325672928949, 0.01802479145077169, 0.021492060850221373, 0.00711626255074968, -0.04392427840858664, 0.050205048315457794, -0.008975529472135818]",15050,0,0.07320594787597656
rosenbrock,30,16,26.55031869977069,"[0.7187822162081079, 0.5148697805061068, 0.2634794624109437, 0.06420392117387538, 0.010591687175233691, 0.0231160083425504, -0.0001764027044457645, 0.005353541301443741, 0.009847605174307848, 0.0026720809299623175, 0.012435084743785234, 0.011196721695840517, 0.008592777425911462, 0.015703689153890945, 0.01272727454999913, 0.010157610139502718, 0.007209629817548632, 0.01650725554604717, 0.015748249295955728, 0.011398010419026614, 0.0019436076359540069, 0.01042757824144004, 0.011556172110379768, 0.0015643501647575704, 0.006674795945363488, 0.014830945747745409, 0.003600533544204491, 0.012223116630577405, 0.010394861615385446, -0.005244531849954284]",15050,0,0.06699609756469727
rosenbrock,30,17,81.6128300219071,"[0.6816392225439564, 0.4694107607002415, 0.22616588284367103, 0.05871120880536129, 0.014683834691712569, 0.0049670609519047995, 0.00461743799716826, 0.011316930639040523, 0.0019904936110034434, 0.01669728909688782, 0.007329653084748832, 0.006181341742975, 0.0120130661925362, -0.003548152744288711, 0.01197080865307422, 0.009360309678486584, 0.0005309002568420431, 0.005942319584251123, -0.31143592280239596, 0.6100266474288111, 0.798824102841758, 0.8967435569197608, 0.9526384144258465, 0.9795398809760896, 0.9996387688744969, 1.0157695344154016, 1.0447043710540407, 1.0923926101568708, 1.1977617383723642, 1.4438806999429012]",15050,0,0.06610107421875
rosenbrock,30,18,2567.7410186135285,"[0.9958533075440416, 0.9993926888408657, 0.996622322812453, 0.9687754106160057, 0.9711869880090791, 0.9401010631695629, 0.916201219783773, 0.8718168030410082, 0.7915658197074289, 0.6369801927461143, 0.4126287941857923, 0.17971994027019747, 0.02334615166153682, 0.04569438056662451, 0.39841649169693166, 0.5831458383186064, 0.6719307197387815, 0.6546993493314528, 0.6205175380920136, 0.4984150053192804, 0.24511598919663824, 0.1006370318457457, 0.024881889942797063, -0.035813947578090616, 0.035657645438450805, 0.024032688691543375, 0.025285050354449865, -0.020209797491557012, 0.009297523893806559, -5.0]",15050,0,0.0659940242767334
rosenbrock,30,19,56598.72898619993,"[0.5382962129667777, 0.28996898407404353, 0.10644235636124254, 0.13944650946650336, 0.4692494951864107, 0.6978393275558081, 0.8403711202379369, 0.9196770290763975, 0.957938723182587, 0.975393845675912, 0.9789839905578421, 0.973869735068039, 0.9673109784569822, 0.9516219862100325, 0.9215866352115183, 0.854433483612606, 0.7349707313089585, 0.5410143516746363, 0.25930894018303124, 0.00801971327204086, -5.0, 2.4817679031458524, 1.6296274627044296, 1.256682241417785, 1.0280255304739139, 0.7960529319328878, 0.4661789590175745, 0.02788648920021121, -3.080468662417079, 10.0]",15050,0,0.06583619117736816
rosenbrock,30,20,27.5829394291939,"[0.5226757771696787, 0.2740313680230986, 0.08647238160220236, 0.009111640098397827, 0.015989281537809038, -0.004201495597052194, 0.011102918947197888, 0.030382499312231484, 0.02232787914134618, 0.01569580080935022, 0.012834439148420295, 0.023744633334740174, -0.003796161628879798, 0.016666318002198158, 0.02342747772800172, 0.0056416085914240514, 0.016803714161678144, 0.025030020938685015, 0.01201699214559704, 0.028015763631936703, 0.018248427165812, 0.011058854448081988, 0.024135444077254684, 0.005154268500517776, 0.013661539734097604, 0.01408209816089758, 0.015653718008371398, 0.004271632253799654, 0.015913331976623202, 0.010681116314842025]",15050,0,0.06588888168334961
rosenbrock,30,21,93.59029038013767,"[-1.0055254006288363, 1.0124698965765788, 1.0089384890767144, 0.9784061520553894, 0.9484833076898157, 0.9025105957680458, 0.8031989279116726, 0.6559866515996481, 0.4248094020995044, 0.19919408711671685, 0.052042838571650034, 0.01730138760774867, 0.014083510917495557, 0.03194302645385927, 0.002302621251801102, 0.012035388250578153, 0.01804655887889542, 0.02317383509256702, 0.03396966883466567, 0.020959206947883415, 0.017450257830578766, 0.013550771779021118, 0.016406782817457964, -0.000896180564288496, -0.58899850724136, 0.8666711414872379, 1.0451922276918895, 1.1926017316845368, 1.450779083103085, 2.1126588746438606]",15050,0,0.0664529800415039
rosenbrock,30,22,182.89646069621165,"[0.645375976187127, 0.4263591237636132, 0.18042083413077853, 0.027847631806206127, 0.01656664693829424, 0.0027500130484061367, 0.015737741583275813, 0.02229996088029331, 0.008738242701772439, -0.0019857657932144143, 0.0012631008419646825, 0.005357977471915891, 0.009326655803186439, -0.33094366757137417, 0.6272162886925867, 0.8046801229278968, 0.8948411958568632, 0.93720774036437, 0.9447649233579809, 0.9242707615349169, 0.8737239288844253, 0.7315997101579235, 0.5411924195443479, 0.2748573768534538, 0.0391449203384664, -0.8117211611347607, 1.1812048898170515, 1.6130374122909774, 2.6293941451188343, 6.935503312889965]",15050,0,0.06599807739257812
rosenbrock,30,23,55628.99700968861,"[-0.46576249568112027, 0.22976877441165233, 0.04881753933064732, -0.0035440162493072403, -5.0, 2.4834123955898115, 1.6299022283503977, 1.2863339780033491, 1.1165303793763037, 1.04460974087323, 1.010056384606538, 0.983402545208134, 0.9742265436291024, 0.9884570063595599, 0.9482509647146555, 0.9043412316845271, 0.8373986051546898, 0.7685833735056962, 0.6792480776969637, 0.46236670329794943, 0.22524826325297134, 0.0464760008898808, -0.0052834667890132095, -0.003569520577641906, 0.002411690536675148, -0.0077575635785678216, -0.8078536289682954, 1.1537437519532399, 1.5268524086463147, 2.371626666826881]",15050,0,0.06567072868347168
rosenbrock,30,24,17.65016725713572,"[0.999579449296096, 1.001901818343567, 1.0046002345522063, 1.0025336401720135, 1.001766014142409, 0.9852538504046616, 0.9593308690079234, 0.9170398356914754, 0.8450078255349539, 0.716778495392781, 0.5169997915097478, 0.2763055048628938, 0.09064155429147314, 0.019492957322586484, -1.0325524289080297e-05, 0.009093836446024671, 0.004244070670707689, 0.005001352197124129, 0.008016812449722502, 0.013467581106670845, 0.01651146181225851, 0.016162945435320517, 0.005590832563072539, 0.008602305592423583, 0.005343582575722922, 0.021535457484348233, 0.012099311809779436, 0.0074276986689465006, 0.01277434317015316, 0.0009725983165415053]",15050,0,0.06586384773254395
rosenbrock,30,25,23.144712434315817,"[0.9682976085684419, 0.9349683302475971, 0.8746453474717777, 0.7733300483656769, 0.6124481221064231, 0.38096894003494336, 0.14470019443942372, 0.02392605393120763, 0.014073646480125988, 0.011630689991691204, 0.0036718266789245715, 0.011270116559280539, 0.008194575105634311, 0.009487565621937822, 0.010638614108899838, 0.005151975555157913, 0.0056957407974302775, 0.009216630722615677, 0.008530659068165533, 0.008614752615022538, 0.010113256610961935, 0.008571757758530271, 0.004260388752179541, 0.006563646462784766, 0.009859204175643742, 0.011467602361623813, 0.008315760544188746, -0.0009768776551326071, 0.015174398504012995, -0.0054055954674672325]",15050,0,0.06576418876647949
rosenbrock,30,26,136.65083823718462,"[0.5263684934397745, 0.2797722276620031, 0.07932846302214341, 0.024019864837725505, 0.011246629395776706, 0.024594902803579986, 0.017378430645543282, 0.012870411117280978, 0.00011995783420897515, 0.021354160541775816, 0.020996947493750025, 0.010203122411915674, 0.021133796046580527, -0.010120554959351775, 0.001822156737784255, -0.002856600006896072, -0.0016758336986765821, 0.004738379929786705, 0.0014927577799877956, 0.0040055323211991446, 0.01914459791547326, 0.018157182949885636, 0.0016267437768539518, 0.0028446883379920364, 0.0017193085167928647, -0.8529209392980056, 1.2472841860838375, 1.7616457025136758, 3.1607670837320554, 10.0]",15050,0,0.06561994552612305
rosenbrock,30,27,188.67519273702246,"[0.47386449525907937, 0.21467607947147285, 0.053139080537591754, -0.001795126635260002, -0.3173167364243571, 0.6926227518277573, 0.7876540872794482, 0.8161220074526971, 0.711067005415702, 0.5605803548364057, 0.32247058112624405, 0.10085047769727004, -0.014175812435066586, 0.04895188172209578, 0.00856242721957027, 0.018719246869808425, 0.01172854245847877, -0.04737958704609553, -0.033823232430633184, 0.08182559877486087, 0.012934762147421914, 0.022688218815295667, 0.04893334453604202, 0.08987824558583452, 0.0648352733170663, 0.013835081262619692, -0.8650666191777688, 1.2339582567609317, 1.729729029707366, 3.066849399176523]",15050,0,0.06587529182434082
rosenbrock,30,28,1018.4275221372293,"[0.42023789109683235, 0.17192169603504134, 0.04730698411326539, 0.016059498535348268, 0.012184139096727848, 0.002962412516143664, 0.012388466369363867, 0.009294964072625238, 0.009235283442860837, 0.009747841707870146, 0.014444032015946885, 0.014043109252335739, 0.009800797336567267, 0.008377647470112833, -0.0003756274486344767, 0.0009333177973108375, 0.013875944736040535, 0.01989954078069438, 0.007897430698249212, 0.011218210733451865, 0.013840296760891121, 0.01526985378215745, 0.015195225485762909, 0.012128393863765982, 0.006061968747344696, 0.006469262502561177, 0.009053322581593175, 0.0025341352386648473, -3.0814013527835185, 10.0]",15050,0,0.06555795669555664
rosenbrock,30,29,42.28735488257471,"[-0.9630896705141255, 0.9426102479562842, 0.9212128635265081, 0.8018273162001189, 0.676459963832185, 0.5774110196168216, 0.7326011355909854, 0.8454273092349794, 0.8924032176892175, 0.9106960083779094, 0.9050018610549606, 0.95437018622909, 0.959017351206967, 0.9731256337002911, 0.9758305103636438, 0.943866765216842, 0.957931410007074, 0.9622965088107853, 0.9914219614325633, 0.9830595260556874, 0.9626022701798923, 0.9689899968885024, 0.9431103536474044, 0.9449263436808684, 0.9067217850539184, 0.8987291209138393, 0.8124904584446003, 0.6699704323343788, 0.5180084557262757, 0.2929688335615636]",15050,0,0.06586289405822754
rastrigin,2,0,8.814321117966983e-05,"[-6.395359734845396e-07, -0.0006665494523920771]",1410,1,0.005081892013549805
rastrigin,2,1,2.8863516540411638e-05,"[0.0002787605581665495, -0.0002603455819901691]",1770,1,0.006360054016113281
rastrigin,2,2,2.3541746216437787e-05,"[-0.00015504239726493686, 0.0003076111399642773]",1350,1,0.004865884780883789
rastrigin,2,3,1.3955203989723941e-05,"[-0.00010676066326450887, 0.000242783252141404]",1260,1,0.004563093185424805
rastrigin,2,4,1.6185206771268668e-05,"[0.0002820684822452662, -4.4936717796574543e-05]",1530,1,0.0055119991302490234
rastrigin,2,5,2.519591298977275e-05,"[-0.0003532577042325237, -4.700679956924072e-05]",1050,1,0.0037908554077148438
rastrigin,2,6,1.7048613045744787e-05,"[-0.0002915466389012008, -3.056987517599416e-05]",2370,1,0.008556127548217773
rastrigin,2,7,9.366447029179881e-05,"[0.0006328699653518825, 0.0002675707775828325]",1620,1,0.005836009979248047
rastrigin,2,8,4.2320109987059595e-05,"[-0.000449985240764718, 0.0001040621470546608]",1560,1,0.0056231021881103516
rastrigin,2,9,3.325851517388401e-05,"[0.00033198525699660203, 0.00023963758059007922]",1830,1,0.006588935852050781
rastrigin,2,10,7.621330853169184e-05,"[0.00019757801914037127, 0.0005874677019557413]",1410,1,0.005084991455078125
rastrigin,2,11,6.1850095605109345e-06,"[-5.001561721721358e-05, -0.00016933436552420264]",1290,1,0.004679203033447266
rastrigin,2,12,1.0087062907615518e-05,"[-4.485616897445879e-05, -0.00022097966077734934]",1860,1,0.0069959163665771484
rastrigin,2,13,6.468485443633654e-05,"[-0.00047521776195161725, -0.00031656565403846877]",1410,1,0.005309104919433594
rastrigin,2,14,6.757190094575094e-05,"[-0.00017998612586578267, 0.0005551603999519039]",1830,1,0.006566047668457031
rastrigin,2,15,6.652504030313366e-05,"[-0.00021262667094494678, 0.0005386197323265277]",1770,1,0.006360054016113281
rastrigin,2,16,7.049447544815735e-05,"[0.00044402425120017904, -0.00039770810906636367]",1650,1,0.005925178527832031
rastrigin,2,17,2.996042064395965e-05,"[0.0003448657073185906, -0.00017911979413282]",2940,1,0.010573863983154297
rastrigin,2,18,8.689185540688982e-05,"[-0.00019829204888935012, -0.0006313962588572984]",1620,1,0.00587010383605957
rastrigin,2,19,1.615975025259786e-05,"[-1.8809724197495215e-05, 0.0002847802981041938]",2130,1,0.0076160430908203125
rastrigin,2,20,5.1045975943964095e-05,"[0.00018891236691989666, 0.0004707554869865842]",1560,1,0.005609035491943359
rastrigin,2,21,5.603086788141809e-05,"[0.0003814763494741809, 0.00037000113086399305]",1830,1,0.0065898895263671875
rastrigin,2,22,2.8938732519634414e-05,"[9.887063308798572e-05, -0.0003689051677825371]",1380,1,0.004951000213623047
rastrigin,2,23,8.787353238659534e-05,"[-0.0004746474180194471, 0.00046651769825339397]",1410,1,0.005120038986206055
rastrigin,2,24,9.413527111945541e-05,"[0.00045018090724750423, -0.0005213718269150899]",1500,1,0.005405902862548828
rastrigin,2,25,9.404373108878872e-05,"[0.0006464098257091405, -0.0002370328336421118]",1500,1,0.005416393280029297
rastrigin,2,26,2.210000168645365e-06,"[-0.00010391250498306318, 1.8486472430711155e-05]",1710,1,0.00616908073425293
rastrigin,2,27,2.3083437433513154e-05,"[0.00032434293774961064, 0.00010561394946733132]",1650,1,0.005930185317993164
rastrigin,2,28,3.387764513718139e-05,"[-0.00016507624218120478, -0.00037882842244247976]",2070,1,0.0074579715728759766
rastrigin,2,29,1.375946506954051e-05,"[-2.4335085670134754e-05, 0.00026222648106171364]",1800,1,0.006443023681640625
rastrigin,10,0,22.88401292895081,"[1.989912032372913, 1.1605253907968746e-06, -1.9899109422797476, 0.9949585544518939, -1.989911169568895, -2.984853980251061, -8.008593991729876e-07, -0.9949581754207533, 3.683933896266934e-07, -1.1394059796286089e-07]",9030,0,0.033833980560302734
rastrigin,10,1,3.188134168434601,"[-1.0167141619447246, -0.009102793994660213, -0.0025862512482945845, 0.00027663216944963376, 0.0022877543420650615, -1.0115517921288815, 1.003020300098881, 0.0003939436755770881, -0.0016401958704904745, 0.01066024231442875]",9030,0,0.034307003021240234
rastrigin,10,2,9.94958566329501,"[1.989915663796219, 0.9949471782197988, 0.9949662292261586, 0.9949646399714899, -3.521911564113974e-06, -0.9949405736170215, -0.994951129573108, 1.93183597492978e-06, 3.3447754666970788e-06, -0.9949555126655693]",9030,0,0.03611397743225098
rastrigin,10,3,7.959672456887546,"[-0.9949585496151867, 0.9949580882764084, 0.994958925003946, 3.285850286472702e-07, 0.994958993342192, 1.0419317264089991e-07, -0.994958798231059, 0.9949586093534706, 0.9949585872902496, 0.9949588511317609]",9030,0,0.03361368179321289
rastrigin,10,4,10.94454459023126,"[-0.9949588960988252, -0.9949585214744523, 0.9949586954483479, 0.9949585523981279, -1.0962941198348703e-07, -0.9949585576409187, -8.352502215845316e-08, 0.9949586328563789, 1.9899121649520475, -0.9949586623117217]",9030,0,0.033785104751586914
rastrigin,10,5,8.954622810818677,"[4.981664854988244e-06, 1.9899176171308501, 9.657872060019435e-06, -6.40766953982366e-06, -3.96551509099142e-05, 9.180679947672541e-06, -6.4119742424626334e-06, 1.9898596227662952, 4.7056971335945404e-05, 0.9949511533578793]",9030,0,0.03435993194580078
rastrigin,10,6,8.954626715338364,"[2.0972529559780543e-05, -8.048913703908173e-06, -0.9949543612247072, 0.9949606093744277, -2.0155860370794594e-05, 7.4992547440939195e-06, 1.9899198236873192, -0.9949532608281706, -0.9949472179708678, 0.9949591483719136]",9030,0,0.03376913070678711
rastrigin,10,7,3.0093902655408726,"[-0.9922903656943136, -0.0030331582421342556, 0.997207467493353, -0.002141834836204857, -0.0009431037483333187, 0.0012767173506575038, -0.003374921621991949, 0.008065009896053188, 0.0026701371059988867, -0.991561394864809]",9030,0,0.03430294990539551
rastrigin,10,8,28.853696602942748,"[1.122457007871786e-06, 3.9797967441020297, 4.223418960747707e-06, -5.104962067061227e-06, -1.0295696480194172e-05, -0.9949560040379145, -1.98990161568831, 1.6314663086828145e-05, -1.9898982950580772, 1.989907684283935]",9030,0,0.03369617462158203
rastrigin,10,9,2.9853131869575122,"[0.9947606011562902, -0.0003171101752334909, 0.0002615537520058501, 0.0008080441519744304, 0.000350234824399222, 0.9942681786802058, -0.9953283150832046, 0.0004635512691984566, -0.0006085144289886992, -0.00012547027179785013]",9030,0,0.03443193435668945
rastrigin,10,10,1.9899218179471916,"[4.0973241679798585e-05, -5.8582132341149055e-05, -2.5423707220108082e-05, 0.9950124166777066, -1.7645856240721816e-05, 6.736855852142043e-05, 0.9950118593398568, -7.4443424811726315e-06, 4.364677142235802e-05, 1.9483403354026425e-05]",9030,0,0.034860849380493164
rastrigin,10,11,2.984877171293448,"[-9.369741579300725e-08, 5.741262649760142e-08, -4.751908953526137e-09, 0.9949586425026263, 0.9949587494143889, -0.9949586593535692, -1.1470333132058453e-07, -6.68875583637345e-08, -1.0999367646449851e-07, -1.16682687108281e-07]",9030,0,0.03536415100097656
rastrigin,10,12,8.95462654485911,"[8.205569182402831e-06, 0.9949577075423611, 5.933669505391673e-06, 0.9949525623609944, -1.0693380833883818e-06, -1.9899078286024807, -0.9949562619542198, 0.9949586845198366, -0.9949635437978326, 1.250903419590251e-05]",9030,0,0.03428196907043457
rastrigin,10,13,9.949585533202011,"[0.9949587108218583, 0.9949589735929557, -1.9899120494929312, 0.994958593599167, -2.768397133420675e-07, -1.265696885536133e-07, 4.355081341263725e-08, 0.9949587725406336, 0.99495895536983, 0.9949583603025527]",9030,0,0.03426694869995117
rastrigin,10,14,14.924370744865314,"[-2.0978137526798595e-07, -8.764821576265879e-07, 0.9949587924791385, 0.994959651454405, -0.9949596413033621, -1.9899148162068168, -1.9899122286091058, -1.989912330470618, 3.113927502576992e-07, -2.4754804983673163e-07]",9030,0,0.03465700149536133
rastrigin,10,15,3.997285298230949,"[0.9964436452100447, 0.001291049972831527, 0.001891627134645258, -0.0005496043896505215, 0.9965742229864437, -0.0011030896902577162, 1.0019506681804236, -0.0017623371226360115, -0.0032073853318650425, -0.9987146654905418]",9030,0,0.03549981117248535
rastrigin,10,16,11.939919187965657,"[0.9945731517193453, 1.9891126178865413, -0.9947346763560706, -1.9895293364345357, 1.705513106856257e-05, 0.9948642147981689, -0.00019844232254711557, -0.0006912841225282918, 0.00036815239905873686, -0.9956479548115089]",9030,0,0.03592395782470703
rastrigin,10,17,9.949580497663376,"[-2.367328941042479e-06, -1.9899118522709376, 4.77990315711441e-07, 1.9899130017650377, -0.9949590338986838, -0.9949586941866676, -1.433518577498826e-06, 9.173991411740962e-07, 2.6162484220250797e-07, -1.4990712318952707e-06]",9030,0,0.035614967346191406
rastrigin,10,18,0.995543256514452,"[0.00028072107896010695, 0.0009268664882394892, 0.0006735608635775917, 0.00016023350264177775, -0.00029470807902721324, -0.0010722077397022016, -5.653283887764024e-05, 0.0003508176338932814, -0.994563103684075, -9.120042896743156e-05]",9030,0,0.03518486022949219
rastrigin,10,19,13.92939652727732,"[0.9949584857813528, 2.984855446129155, 4.4393667993389285e-08, 1.2471749559448021e-07, -5.19908190527454e-07, 0.9949579715971738, -0.9949592038947428, 0.9949587435908673, 3.7446562768183877e-07, 0.9949580531195945]",9030,0,0.03561806678771973
rastrigin,10,20,4.975916330661391,"[-0.9934667495214924, 0.9952069007750449, -0.9953254543707545, -0.0005569562766738759, 0.00043377115372374636, 0.0005250873971815903, -0.9945370981517384, 0.0009363057582100979, 0.001179934811004418, 0.9948606637131194]",9030,0,0.03496813774108887
rastrigin,10,21,13.929498034906047,"[1.9897210927938953, 0.9944005964660176, 0.9950028371969047, -0.9950131772293572, 0.9948532110692393, -1.9899898445394917, -9.130637598630628e-05, -0.9949565734060334, 0.9948256046954227, -0.00011862256365701646]",9030,0,0.03789377212524414
rastrigin,10,22,5.969749304774297,"[-3.14229936555749e-07, 1.1186140674964053e-07, 0.9949586179230122, -1.3620850373137102e-07, 0.994958730049381, -1.9899121680257776, 1.289638506546831e-07, 2.180290753263852e-08, -2.5369022534488994e-08, -9.336965179632707e-08]",9030,0,0.03437185287475586
rastrigin,10,23,4.974799651440037,"[-0.9949967892265685, -7.205689996799804e-05, 2.520300427964647e-05, -0.9949849667166778, 3.813616095530346e-05, 4.580766849125483e-05, -0.9949371166518032, 0.994880218652122, 2.110068241510325e-05, 0.995017170537815]",9030,0,0.033941030502319336
rastrigin,10,24,1.9899181169338647,"[-6.756099286543196e-08, 1.6713193500806446e-06, -3.103137556884915e-07, 6.519878368349977e-07, -6.864301310470733e-07, 0.9949563945913679, -0.9949566217000373, -1.414123320145574e-07, 4.995402270373903e-07, -8.347881975755211e-07]",9030,0,0.03371286392211914
rastrigin,10,25,8.95463330965535,"[0.9948977369778719, -0.9950023630097787, 0.9949688742116292, -0.0001042232703296609, -1.9900271552823565, 0.9949435868106754, 2.4106220324095942e-05, -0.9949985915157061, -3.240877110372904e-05, 3.5010510478508563e-05]",9030,0,0.03366804122924805
rastrigin,10,26,15.919329800615373,"[3.559545042576977e-07, 0.9949584074960439, -1.9899128628318488, -1.736516905553505e-07, 9.178969887649233e-07, -0.9949592147240314, 1.9899127439496818, 1.9899127348258565, -0.9949593725886124, 0.9949583329256352]",9030,0,0.033438920974731445
rastrigin,10,27,4.97479213219296,"[-3.076543923426195e-05, 2.0100835082830666e-05, -5.160797078271062e-06, 2.5598316748805503e-05, -1.9545183663791305e-05, -1.9898772354995635, 1.6422124516766265e-05, 0.9949125531549938, 5.431393102768257e-05, -2.2798977043820206e-05]",9030,0,0.03357720375061035
rastrigin,10,28,10.944568348912384,"[0.9949693779259099, 2.5848102433495768e-05, 0.9949758745646076, -0.9949609213476578, -4.2511104283846464e-05, -0.9949639918450756, -0.99495370466787, 0.9949467738819903, -1.9895708328504744, 0.9949398316603952]",9030,0,0.033445119857788086
rastrigin,10,29,4.974866777528547,"[-0.9947287231999201, 7.382499714499364e-05, -0.00018836356308794992, -3.581815385580085e-05, 0.9952520902002298, -9.192749177678888e-05, -0.00024704559189399843, -0.9947255235196293, 0.9947243215444846, -0.9949824095664392]",9030,0,0.033599138259887695
rastrigin,30,0,37.263931996711676,"[0.0028335163801691673, -0.9839161047975606, -2.0005753754683404, 1.9979158857711445, 0.0032057354068324847, 0.00260693265685512, 0.004791665830591865, 0.004205978920146045, -0.9999823093133988, 0.9944707559037873, -0.9858020704652164, -0.010764198891794405, 0.9947590582235963, -0.0035247573568969667, 0.001944888203624406, 0.0030010098042686255, -2.969521086090144, -0.9894473554719097, -0.0030586911646446513, -0.0005487776734214665, 0.012908656182177847, -1.0087775571574655, 0.9954474198099516, -1.0073988255058686, -1.9923361497851988, -0.9803243684781586, 1.0117081118107416, 0.005379306737526065, -1.972051517266568, -0.999810341482713]",15050,0,0.05914115905761719
rastrigin,30,1,50.74961803012192,"[-0.00046320056105998285, -1.9895760271392442, -0.9942394973211955, 0.0010838886175429318, -1.9896291967928725, 0.9959504167303541, 3.979299276456063, 0.9945410957501924, 0.9948804284199312, -0.0010147628228570483, 0.9945792223189934, -1.9906767899529414, 1.9894479395244542, -0.995516877261594, -0.0022303962445404716, -1.9914834808819735, 0.001502623726608284, 0.002129859877426193, 0.9949677356002161, 0.0008806713621896452, -0.9933716028892176, 0.0006074804527051468, -0.9940061911227317, 0.9955893078042297, 0.00023292259862803602, 0.0014462926404561812, 0.0013787625150043312, 1.9880284391220284, 0.9936352465692698, -0.0003849811479990112]",15050,0,0.0588071346282959
rastrigin,30,2,56.713748354124704,"[-0.9951015970971122, -3.9801427197733967, -1.9901485274408766, 1.9903471907192396, 0.0001512644459233714, 0.9939963829432535, 0.9953304335892548, 0.995262793252654, 0.9952350200294404, 0.9951170707129554, 0.0014743010887482315, 0.9947192803697826, 0.9953186524887485, 0.9948783037781231, 1.9894715181201368, -0.9949217321754573, 0.9946837564474986, 7.884540680085583e-05, 0.9950798851301559, 0.9950402343632472, -0.9951596014177958, 0.0002989442056865701, 0.9951177740769641, 0.994815300440544, -1.98958750694693, 1.9905606887811074, 0.9950610889913117, 0.00019954067877058713, 0.0008927309189454908, -1.9894316845719704]",15050,0,0.059098005294799805
rastrigin,30,3,54.764122260118654,"[0.996959421452749, 1.9899467848315286, 0.0004190806790117316, 2.9863922286174867, 0.001497532243121475, -0.004594949715345324, -0.9981677247636642, -0.0018444702328728657, -0.994903555250927, -0.9957913672609939, -0.9990297466022331, 0.9919620192281463, -0.0021016290732481188, 0.9901464569816985, -0.0017506479694142144, 0.992272370444139, -0.9895531616968647, 0.0006385738896081137, 1.9901815376744125, 0.997065088441515, -0.9937250043071565, -1.989454264283674, 0.0010401501142768602, 3.9796143334629384, 0.9956615384542971, -1.9881140102112187, -0.9975640416517514, 0.0011347381034953062, 0.999924874783412, -0.005316633122200058]",15050,0,0.05976104736328125
rastrigin,30,4,75.61687800075381,"[-1.9901991811509363, 0.9948469752404039, -0.0002349628288002532, -0.995382191576749, 2.98509747847374, 8.270542607574188e-05, -0.9950932647091428, -1.9894878717288225, -0.9947371566478482, -2.9846758782938676, 0.9951738102466053, -1.990010704325989, 0.9948930450513007, 5.767190741705363e-05, -0.0002629967668542666, -0.9946976716881633, -0.00034261610891906866, 0.9950517923850819, 0.0002294091715396524, -4.974783378839938, -0.9948520109642287, -0.00022339636541704008, 0.00024160918488843125, -1.9896414018825852, 0.9949240104877505, 0.994528805376108, -0.995074723803142, 0.00031886784692615006, 1.9897734432936234, -0.9946694354123761]",15050,0,0.05909919738769531
rastrigin,30,5,74.68270330866486,"[-0.9922267785853017, -0.0012406084369201778, -0.9941380555190281, 0.9965284676554435, -1.9909306431842466, 2.9882155189182744, -0.9976572850454355, 0.9960431870993672, 0.9899716744854642, -0.0032905120916393157, 0.006648768843987879, 1.9908907832075602, -1.9934160090413666, -0.0002251724965315259, 1.9912778658268464, 0.9983738956239046, 1.993646618148563, -0.9927306118057756, 0.9962434264182374, 0.9971969594590899, -2.9821617105769693, 1.99899245641047, -0.0027594460172178795, -2.9837525955696713, 1.9863875618489577, -0.9928353342278805, -0.00021550108470716792, -1.9857662049125326, -1.988025954220081, 0.9925288131987434]",15050,0,0.059760332107543945
rastrigin,30,6,66.66849661388406,"[-2.98359715689939, -0.996317037205432, 0.9950092356727014, -0.00036610936346665547, -0.00044922061339197194, 0.9944515656174953, -0.9932544891892838, 1.9895859713067945, -0.9963828364880746, -0.9948990109946007, 1.9896550818503163, -1.99115007981809, -1.9884823500124842, 0.9955692124124803, 0.0007447867261982347, 1.9900486233568229, 0.9948136082884301, -0.9959129769119393, -0.0011212950538506856, 0.9960323219716339, 2.9859270822793533, -1.989270460856017, 0.0025694319184539015, -0.9952084258208503, 0.9959237349155137, 2.986570882912368, 0.9949372890211533, -0.995860550742727, -0.9942907742373691, 0.9936370426842832]",15050,0,0.06065702438354492
rastrigin,30,7,75.61781049989867,"[0.9942495700794232, -0.994486774471273, -0.9946436807732506, 0.0002485252477505917, -1.990499340129534, 0.0008111334788888256, -1.9898674702176626, 0.9941060446910183, -0.9950489818082648, -1.9898530848061926, 0.9953521130025269, 1.9898142234316585, -0.9952460230789278, 1.9894989834746624, -1.9900582901646868, -0.0003759782531736305, -2.98576989712405, 1.989836408079823, -1.9904969115756213, -0.0003613696933838612, -0.9945230717274206, 1.9895292454793667, 0.995017646857062, 0.0003930765582032207, -3.980220965391122, 0.9947323980836362, -0.0004660316048662723, -1.9900928973810221, -0.9947588734800373, 0.0001495313191829791]",15050,0,0.05918073654174805
rastrigin,30,8,63.04491388535433,"[-0.01983078865538898, -0.0019931018910533446, -1.9807985263130898, 1.0057258315874824, 0.986960393851729, -4.978432027139219, -1.0080552582207003, -0.9968575484870956, -0.9810576113284006, -0.008663750809637223, 1.0048038542940332, -1.9641670356042713, 0.9819228142470517, -0.009703155537617813, 0.9840278609903589, 0.957427918439094, 0.9811139222998375, 0.020858837400082153, 0.9966090270630695, -1.0043013475639866, 2.0022390369698013, -0.010046462541682167, -1.0140994179782892, 0.013559446886832666, 2.0037255244947874, 0.9951713880292076, -0.9831556849096424, -1.9661324683639347, 1.0206414322499726, -1.0060606157706948]",15050,0,0.05996227264404297
rastrigin,30,9,103.49966204491426,"[0.9957890772315998, -1.9872519404024975, 0.993762007440632, -2.985163932490443, 0.0028222616306848476, -1.9889209490295434, -0.9945919635814842, 1.98996897367164, -1.9901450865944725, 1.9900910247992802, 0.9979704484218388, -0.9957183599724428, -0.9957202240463314, -0.000613006576055177, -0.0021335952334541287, -3.98780674263182, -1.9904588185280632, 1.9917106879082773, 0.002225619856605466, -3.9823892513050905, -0.9941954420363195, 0.9957199352854673, -2.9866412584904323, -1.9912320092371707, -0.9957086385457662, 1.9889195037499376, -0.0006882834854418842, 1.9896368539694518, -1.9891454522310101, -0.994165991759238]",15050,0,0.05936169624328613
rastrigin,30,10,50.256255003125545,"[1.9748459980761646, -0.005828355788820214, 1.2024302653280495e-05, 0.988437919112342, 0.9817385094867592, -0.003717125239140897, 3.9585113841560173, 2.9792003439260752, -0.009917405695808859, -1.0022679649942028, -0.004291116842941605, 0.0004409713909536272, -0.007377837279774846, -0.9953706568301874, -0.9954165053590667, 0.9992931283020569, -0.012944208893243884, 1.0015280024152347, 1.0050444460853858, -0.9904011254537448, 0.008527227912591001, -0.002812213197646544, 1.0032889635509954, -0.011970123525113802, -2.972012222613413, -0.0019472478441714025, -0.009227489254328033, -0.9940728612918879, -0.00038053062101930533, -1.0166701764553923]",15050,0,0.05935096740722656
rastrigin,30,11,58.75656099368257,"[-0.9965193678860177, -0.9978596497728166, 0.004705402350213564, 0.9939509998137784, -1.9886847552084153, 1.0001445649831195, -0.9964659717350122, -1.9902493309487608, 0.9966392590315267, 0.0016671799930656412, -1.995416193630715, 1.9921508433328217, -0.9954803053527099, 1.9882375406460915, -1.9890083297640568, -0.9896644800229775, 0.9887939792046515, 0.9937980359518365, -1.985327313365948, 0.0005567806160698314, -7.310747877607715e-05, -0.9921037468527802, 1.9919816672761501, -0.002402573733383458, -0.9971653462053897, 2.982037422286105, -1.0004083723776689, -1.9905078324700238, 0.9917149350182629, 0.0016781653615806553]",15050,0,0.059747934341430664
rastrigin,30,12,44.77984537289103,"[-0.9949524488250903, -1.9874834606721785, -0.0014324998669934942, 0.9941581858426277, 0.9932901839291177, 0.9946883567294101, 1.9883168549213897, -1.9897778371008397, -0.99651989142146, -0.0008382805586839842, 5.296157218548494e-05, -0.0012749333681386704, 0.9939751046712276, 0.9946827252488097, 0.9958220218035516, 0.0007064789149302085, 0.0003453018774552377, 0.9956371654555031, -0.9961567885117298, -0.9954693494163513, 0.9937319456018758, -0.9940704398586213, -1.9901274686702404, 0.9928248748665788, -0.0009028511754104303, 0.000786799791371372, 0.9964475665425748, 2.985071525521163, -0.9951775584048279, -1.990103897576079]",15050,0,0.05914711952209473
rastrigin,30,13,39.172182980547404,"[0.9952348411473814, -0.9953192326646302, -0.006498220528670305, -0.9919373753243703, -1.9937104230188372, 0.0028926167244263355, 0.004138155952219679, -0.9971424941565619, 0.001765672565882623, 1.9975997682756839, -0.9939452257691421, -0.002203503306764593, -0.9979363131839115, -0.00012090136049802019, 2.984675521736524, -0.002143725059108909, -0.0012261589765755819, 1.0025746240455837, 2.9817483779630685, 0.9946944199907752, -0.9965386481215434, 0.000910289794262733, -0.004478236402906552, 0.0038635823900960934, 0.0009063743791170634, 0.9920201183464477, 0.9968936289514169, -1.001359399684249, 0.9971674823058109, 0.03901948867613888]",15050,0,0.05895709991455078
rastrigin,30,14,60.69409605923994,"[-0.9953313724371531, -1.9904662883141717, 0.0005907692899379347, -0.9947546104939752, -0.9933433924013594, 0.0003520304236494243, 0.9944947545575511, -0.000877595115026737, 0.0002980565899055593, -1.9895968262572272, 0.0007204901731355512, -0.9956337730619503, 0.00025461210350769176, 2.985188957391735, -1.9894434517956059, -4.215850462818921e-05, 0.9945531871034282, -2.9846789778325733, 0.9948575015749211, 1.9893882096149123, -0.9947957016179255, 1.9898909188129574, -0.9947750789672177, -1.9900360467631597, -0.9941277021096635, 0.0004846786177977805, 1.9899956431854728, -0.9950110282497207, -0.00047785243110302195, -1.989068483699764]",15050,0,0.058940887451171875
rastrigin,30,15,47.923290366008956,"[0.0024535255002004876, -0.00040152522315782394, -0.004947122570832187, 0.996430984926647, 0.991875505994574, 2.984048491004831, 0.9873409004672049, 0.992631618252936, 0.989649350923881, -1.98148670224762, 0.9940813479713624, -0.9938654206825482, -0.9802570451077045, 0.9953631929505528, -0.0042591125369542005, 0.0005609540309666552, 0.0015592089672713135, 0.0040290783272742756, 1.0001098618724604, -1.984762889843796, -1.9861651918150653, 1.9885808449952698, 0.004797599799574091, 2.9839104935484344, 0.9835476760169378, 0.0048588146038853215, -1.0008545845066474, 0.9877080163169728, -0.9894803586865962, 0.0031180447250959407]",15050,0,0.05932188034057617
rastrigin,30,16,61.69160269039523,"[0.9945198588997127, -2.9839065541492533, -5.4286231070406964e-05, -0.9946088030078908, 0.9963458842575341, -0.9946752371981737, 9.620948697865064e-06, -1.9890807958708963, -0.9948979188135246, -0.9943463589261817, -0.9954122957129423, -1.9905969503727345, -0.0013199066734340607, -1.9894367819972516, -0.0007791333326548975, -2.9848986405840345, 0.0012872514876315984, -1.99045736809963, 0.0003034024369514568, -0.0015395048669003622, 1.9904709756278427, 0.9929852922566544, -2.734918979769503e-05, 1.9886589921205424, -0.00021146829395636668, -0.9953686501981961, -0.0003558413426454865, -2.983327990577294, 0.9943478958111237, -0.9941068388993112]",15050,0,0.059394121170043945
rastrigin,30,17,81.97669170230634,"[5.12, 0.9909630005070504, -2.001917985331819, -1.9866729823862317, -0.006541456078833112, -1.9819479199324357, -1.004500318750431, 0.9928140140508822, 0.012356902112781077, 0.9894314116030261, -0.9781064031235575, -0.005035687868462474, 1.0012331115869466, -0.9992224582686147, -0.9962515762050634, 0.991012476269365, 0.007308657814366525, -0.9944221743660278, 0.9968727639211297, -1.9917696859448073, 0.0008667037509453874, -3.9909827943137812, 0.994875036841208, 0.9858217470193024, -0.9882585299171229, -1.9851251817139834, 1.0018334089272811, -0.016233138897030975, -0.9916771548956885, -0.9984312253138161]",15050,0,0.05895400047302246
rastrigin,30,18,56.301156133676216,"[0.005770148564366674, -0.006950974134156137, -0.9878559233589818, -0.9991458876633509, -1.9858512917763889, -0.9879226489015165, 0.9930225832034661, 0.007710427183161315, 1.9975785891848608, -0.0032750903212072453, -2.9943175814448715, -1.0016093428526023, 1.0036439151602758, -0.9953806580205904, -2.9523633973591656, 0.9945091157133747, 1.9898836727539981, -0.9781656787627804, 1.9787655381544054, 1.9907155751905483, -1.989542323258317, 0.00174414064876309, 0.9938260657644976, 0.977911190747035, 0.006203788103112338, 0.0011949739365087258, 0.013772347784918638, 1.0011427035443974, -0.9770359257194313, 1.0023991012769033]",15050,0,0.05904793739318848
rastrigin,30,19,39.17145363136626,"[0.9938589116964672, 0.985505329480632, 0.007806298076550805, -0.9982376722278476, 0.013234018837856363, -0.003408148332937784, 1.9952899683854117, 1.9830397813986242, -1.0009894982285714, -0.0034608983053235403, -0.993601752130679, -0.9778643752187604, 0.003968516986704286, 0.9978290792037579, -2.001559016724475, 0.002690631120496272, -1.0082148686088495, -0.9948592848971098, 0.004309427528630985, 0.9863930388105587, -2.9885940007545195, -0.010960377505174163, -1.0071834400803494, -0.9954027025525255, 0.00867389912558377, -0.0039706321483231775, 0.0060126318437148975, -1.9908214662368777, 1.0084420784653534, 1.0027952635000066]",15050,0,0.05938410758972168
rastrigin,30,20,75.69881021227809,"[0.0005419293857875213, -0.9949247596580588, 0.0011832862934730624, 5.12, -0.0004428095599827859, 0.00011720026199585354, 0.9932866019997456, -0.0012811718330108367, -1.989406033028146, 0.9946064731805694, 0.9954707575905023, -1.991641960175563, 1.9885989407063347, 2.9848776459884268, -0.0012956612057816023, 0.0009014251684996072, -0.9942185539554188, -1.000705239905675, 0.0019652131363890623, 0.0008465663645955603, 0.0006605580636265505, 4.8487517365037095e-05, 0.0005336931480164337, 0.9958529421123263, -0.995575289652697, -3.980737858903066, 0.9951954122873735, -0.0008658886969510742, 0.9945788767196083, 0.0004579140390122441]",15050,0,0.059808969497680664
rastrigin,30,21,62.68440530673914,"[-0.9961137323612531, 0.0015700061829800871, -0.9958686471708579, 0.9946318609889498, 0.9951965066295146, 0.9947078225466474, 1.9895139866799654, 0.00022656254577412457, -1.9890350039968663, 0.9945434212246398, 0.9949552182510689, 1.9903856390397587, -2.9034195568120116e-05, -0.0006140237100477008, 2.9858082500468774, 1.9897406527492025, -0.0007106962746282007, 2.984393021672896, 0.0003419168603807296, 0.00040123298524515137, -2.9849656520101053, 0.9954625318035308, 1.989881555763081, -0.9953747901733664, 1.98955076159229, -0.9951263443306995, 0.995245496003308, -0.9953153096031648, 0.0011285059879214301, -7.472412156090411e-06]",15050,0,0.05912518501281738
rastrigin,30,22,66.7739507634497,"[-0.9904931545136729, -0.9986752910171218, 0.9929792386383558, 0.9977860763747749, 0.9973812917236438, -0.9985752374828996, 0.006759033194708636, 1.0016822701629602, 0.005932961834499753, 0.9969045148714223, 0.002997602331497493, -0.0022273485140112074, -2.9849889834948353, -0.003155986804143743, -2.9819502269593054, 1.9943277674203757, 0.9872556598972563, 1.9832501452977123, -1.9869873435525387, -1.9955433015694848, 0.004257751237327665, 0.002554013303471532, -1.996171698489799, 1.9971413935535216, 0.004550884796845877, 0.9931404450974761, -2.987031628062966, 1.0000756174342083, -0.9960272894392297, 1.9912028838134912]",15050,0,0.05911993980407715
rastrigin,30,23,62.69101453466507,"[1.9908590946271894, 1.9903979084171508, 2.9119589981372544e-05, 0.9938020922717854, 1.9897101643582393, 0.996167521557719, 0.9935753565528991, -0.0009381008102209076, 2.9855402691155057, -1.9893376347785368, 1.9896978571333388, -0.0015087845418926761, 1.9910931085881058, 0.0017190196686870688, 1.989012407100967, -0.9939974749671302, 0.9949472134774986, -1.9909700762972389, 0.0008254940236228228, 0.9940047906189297, 0.9961172615257706, -2.983195057889484, 0.9946837716008856, -0.0013646733778183743, 0.0006369148910939166, -0.0025756305309622986, 1.9889588361932633, 0.9944250543763189, -0.0026358950707092, 0.0019956702718324916]",15050,0,0.05908703804016113
rastrigin,30,24,74.36932560727712,"[-2.9900882153712676, -0.9658316982093884, -0.9984875582377727, -0.9943484460203101, -0.9868893730366524, 1.9900936082355938, -0.0046705047854016905, -1.004775128529708, 0.015330896611566858, 0.9830696577208959, 1.0062043652705446, 0.9992865663422924, 0.9962030125278274, -0.9962696581548358, 0.9874389213464017, -0.99109719054373, -0.9912367812228187, 0.01021351007682519, -5.12, 0.9971312161128576, -0.027563365037810466, 0.005081977851561696, -1.974717725142183, 0.00024896038525182036, -0.9981608677191209, -2.0023305501942827, -0.009180433815384794, -2.002096396453704, 0.9965257082799394, -1.976245126689112]",15050,0,0.05923938751220703
rastrigin,30,25,44.4353217313909,"[0.9884222899613958, 0.0016683024254127111, 0.9964836184463403, 0.0037093008441315056, 1.006556651807348, -0.9936834074825365, -1.981829175103579, -3.0292665475261608e-05, 0.9990275221166662, -1.014105580725619, 2.9974971712227285, -0.020523448607082488, -2.983255319826307, 0.9975581491075521, 0.009405966015357554, 0.001998245875634042, 0.008934646332663328, 0.9875032093836215, -0.9896119121933378, 0.9903107853379929, 0.009151485165240902, 1.989649013670006, -0.01966328452039334, 0.0037848629675026535, -1.020925857503852, -0.9994448188091207, -2.004771343642045, -1.013773809015353, -0.0003842127662341012, 0.988103756368434]",15050,0,0.0593416690826416
rastrigin,30,26,59.69972910825658,"[-0.00028802697631137347, -0.9952607937545722, -0.9948527274479231, -1.9900423979806712, -1.9892339948438762, 0.9943921898873722, 0.00019621914666020254, -0.9953954616942328, 0.0013919951205222198, 0.993872589763071, 0.9952172678092638, -0.9938657688074388, 0.9957066562331848, 1.9905732426879659, 0.9949175425143221, -0.0008551259693773636, -0.9960435477602634, 2.9839459670021733, -1.9899405597532382, -0.9949907285878988, -1.9905516777384802, 0.9948233953051444, -0.995872245981958, -0.0003207563921607808, 1.9890924969170594, -0.0002934221120628749, -2.985005318347837, -1.9900322179352004, 0.995081193983592, -9.659268750647487e-05]",15050,0,0.05909299850463867
rastrigin,30,27,82.58256224744503,"[0.9946880996106403, 0.9947965449370088, -0.000588434524578981, 0.9954151956534969, 0.0003708995279814557, -0.0008540515368861127, 0.9956196514900226, 1.989426360671769, -2.9839835671116335, 0.0008802223012165566, -0.9948422155670132, 0.9957169827936465, 4.973865786908828, 1.9895331006932555, -2.9849992977415827, 0.9946653217525763, 0.9946800432939746, -0.00032061842618892036, -9.913658411298746e-05, -0.9948638726393201, 0.9947800722474135, 0.9955167287179033, -0.000566142224383012, 0.9946764131696195, 2.9849867883654615, -0.9944800622669114, -2.984891942452062, 0.00026742621683802385, 0.9950765062899938, 0.0005184054756718012]",15050,0,0.058775901794433594
rastrigin,30,28,115.91541043840374,"[0.9925407869416882, -0.0005335648292395688, -0.0011273327045684624, 3.014922451895686, 1.9889420629737626, 1.9937836626140244, -0.993362181248834, -0.9908124634943641, -1.984266335011753, 5.12, -1.0025288295187524, -0.006129725577132355, 1.006525400440204, 0.9888439540955647, 3.9871215156276008, 0.9964619664547821, -0.0029186084154337474, 0.0008673729195668499, -3.979691895409368, 0.9954068562869717, -0.006833095696629871, 2.963493028905557, 0.9864231846838581, 2.9904862046147045, 0.994420912506825, 0.0048882182541953745, -0.9881843219969997, -0.989621779758978, -2.4122995090350733e-05, -1.977421887937176]",15050,0,0.05898284912109375
rastrigin,30,29,137.82275131337104,"[-0.9863758236448549, -0.9986870428198589, -0.9872109870787789, -0.9974259098894366, 0.018812773831964197, 1.977343008357879, -1.0085027284343862, 4.983635277414793, 0.013388618110886725, -1.0052805621974181, 1.9849200000643379, 2.982909143847853, -1.9986585346536578, -1.9885843725017875, -1.9903309247289511, -0.00092869800851409, -1.9948160998431272, 0.007610176346517004, 0.012629636949929744, -0.9834265285030614, 0.012292946191318072, -0.0019069470575603061, -0.010739508250989765, 2.0024045820043668, -1.9880560676396917, -0.9903749499929138, -2.99429876842767, 5.12, 0.9899774488410725, -4.97502130583021]",15050,0,0.05942392349243164
ackley,2,0,7.169390830741307e-05,"[-8.55295620517319e-06, 2.385461245175765e-05]",3330,1,0.016652822494506836
ackley,2,1,8.519806003137731e-05,"[-2.3970032729747734e-05, 1.8228054151977704e-05]",2700,1,0.013361215591430664
ackley,2,2,8.204187830473941e-05,"[-2.831851308624257e-05, 6.241901777444418e-06]",2520,1,0.012629032135009766
ackley,2,3,4.159354789878833e-05,"[2.40587525654373e-06, -1.4505337279501929e-05]",2820,1,0.013947248458862305
ackley,2,4,3.486202399161087e-05,"[-6.166346083996525e-06, -1.0670567850189997e-05]",2820,1,0.01405191421508789
ackley,2,5,6.623764086599593e-05,"[1.853728737316735e-05, 1.4302287024248552e-05]",2430,1,0.012109994888305664
ackley,2,6,4.83584091068856e-05,"[8.440477178868935e-06, -1.4865437926062656e-05]",2640,1,0.01320195198059082
ackley,2,7,3.0461283590188515e-05,"[8.03910072689684e-06, 7.1648845150418185e-06]",3150,1,0.015520095825195312
ackley,2,8,2.601034938054525e-05,"[7.913990060044904e-06, 4.682030089839854e-06]",2880,1,0.014587163925170898
ackley,2,9,1.4687513858024914e-05,"[-1.735910233644747e-06, -4.893808571720872e-06]",1980,1,0.009770870208740234
ackley,2,10,3.1314079557365204e-05,"[-7.706367210792085e-06, -7.94718862521981e-06]",2340,1,0.01160287857055664
ackley,2,11,8.657051613569777e-05,"[-2.574524532629181e-05, -1.6536312334081442e-05]",2940,1,0.014601945877075195
ackley,2,12,9.531532267503806e-05,"[-2.4279212600611394e-05, 2.335436078607725e-05]",2550,1,0.012588024139404297
ackley,2,13,7.93943989347845e-05,"[1.724280779572721e-06, 2.800972156686222e-05]",2730,1,0.013575077056884766
ackley,2,14,8.893169599177853e-05,"[2.492494886938135e-05, -1.915118520651253e-05]",2910,1,0.014345169067382812
ackley,2,15,9.337123344765885e-05,"[-3.300026293444856e-05, -2.814148324670946e-07]",2640,1,0.012985944747924805
ackley,2,16,9.945507358510852e-05,"[1.3179811599142808e-05, -3.258663213532152e-05]",2520,1,0.012514829635620117
ackley,2,17,9.827389952166143e-05,"[3.459618784926763e-05, -3.0878086157931726e-06]",2580,1,0.012722015380859375
ackley,2,18,5.626110189327349e-05,"[1.9886940649407866e-05, -1.594337256602418e-07]",2520,1,0.012524604797363281
ackley,2,19,3.601141014231146e-05,"[1.1047389671501261e-05, 6.3260603510828755e-06]",2190,1,0.010804414749145508
ackley,2,20,5.568398430044752e-05,"[-3.4685433769344456e-07, 1.968055755547058e-05]",3030,1,0.015050888061523438
ackley,2,21,7.847929493509653e-05,"[-1.9173714030521166e-05, 2.004598969831446e-05]",3120,1,0.015377998352050781
ackley,2,22,6.31486155673322e-05,"[-2.1402590968520982e-05, -6.3394098021246295e-06]",2760,1,0.01371002197265625
ackley,2,23,8.631774015954718e-05,"[-2.4963949136590474e-05, 1.7538827989168528e-05]",3150,1,0.015505075454711914
ackley,2,24,9.022840742689553e-05,"[-1.4478911247913897e-05, 2.8414714817393512e-05]",2880,1,0.014308691024780273
ackley,2,25,8.459683173400734e-05,"[-1.6924736956350968e-05, -2.465010805892438e-05]",2730,1,0.013437986373901367
ackley,2,26,4.4339453492359127e-05,"[-7.283874860759931e-06, -1.3878798499211974e-05]",2670,1,0.013247013092041016
ackley,2,27,9.201925409074718e-05,"[1.3529448835718428e-05, -2.957615626031425e-05]",3030,1,0.01493215560913086
ackley,2,28,8.744364990009856e-05,"[-1.326390026674536e-05, 2.791615934704002e-05]",2580,1,0.012663125991821289
ackley,2,29,6.1143441684397e-05,"[-1.3427081527679944e-06, 2.1571325281724422e-05]",2880,1,0.014271974563598633
ackley,10,0,9.773168545423871e-05,"[-4.490167835006949e-05, 1.250932706975115e-05, -4.354743589129393e-05, -8.362137706131754e-06, -2.157725541707343e-05, -7.755308160037757e-06, 3.6440923306237317e-07, 2.3878838143912934e-05, -2.527877746633236e-05, 9.57998651069809e-06]",6060,1,0.03139209747314453
ackley,10,1,9.707307051387559e-05,"[-6.976017843771608e-06, -2.9399105455758052e-05, 6.829517011759717e-06, -2.5162990558924166e-05, 3.387390927278345e-06, 8.207569305464561e-06, -5.969139526534254e-06, 4.478653516566778e-05, -9.945871456856087e-06, 4.553758146999434e-05]",6360,1,0.03258800506591797
ackley,10,2,9.458389553218538e-05,"[4.953532090376341e-05, 2.205271619857664e-05, 1.09335775856229e-05, 9.478170209581787e-06, -2.1765329839043203e-05, -7.469909488729316e-06, 2.2795308637016073e-06, -1.4006255975308263e-05, -5.372954002424074e-06, -4.09705334453113e-05]",6030,1,0.031013965606689453
ackley,10,3,9.920793351669843e-05,"[-2.0579769859152885e-05, 3.42009397882413e-05, -3.731587374106698e-05, -1.047652000745188e-05, 1.5029549388396319e-05, -4.0150832838050084e-05, 3.078284074659233e-05, -6.0899171363706144e-06, -1.2881336493706326e-05, 7.955218229223403e-06]",5910,1,0.03015923500061035
ackley,10,4,7.519795430654952e-05,"[1.9689616588746553e-06, -4.373758047925084e-05, 2.94369524856478e-05, 1.241138219773738e-06, -3.292846204551995e-06, 1.3527634954470127e-05, 7.060731124968561e-06, 6.668424533962744e-06, -2.1217318401089173e-05, 3.0292053668973644e-06]",6510,1,0.03340005874633789
ackley,10,5,8.453664686003393e-05,"[1.600939078555281e-05, 1.559117872830047e-05, 7.7673245909521e-06, 3.074780430764062e-05, -4.366916506837004e-05, 2.0385999640535457e-06, -1.594304286239135e-05, -4.554699598263291e-06, -1.6338920042674226e-05, -2.249074770546667e-05]",6210,1,0.03161430358886719
ackley,10,6,9.30066815141295e-05,"[-3.193651999329547e-05, -7.671656387001526e-06, 1.596493585767263e-05, -2.663144499270838e-05, 5.215545368460288e-06, -1.9869706032881203e-05, 3.3841255495853834e-05, -3.635616533814672e-05, -2.1163814121423674e-05, 4.820041096348951e-06]",6480,1,0.03306007385253906
ackley,10,7,8.263264680907767e-05,"[-8.3940677917542e-06, 4.456269559173258e-05, 2.0098377603214023e-05, -4.442271656313192e-06, -2.1883548224490985e-05, -8.462066829362805e-07, 2.617130816093277e-05, -3.6911861950595764e-06, -1.892368331379239e-05, -1.5779858978383952e-05]",7050,1,0.03603196144104004
ackley,10,8,9.813618958576242e-05,"[-2.2955997635032215e-05, -2.454927259595246e-05, 4.459598189391345e-05, -2.0760230624500147e-05, 1.537695778625548e-05, 5.658341766000949e-07, -2.0546430817745542e-05, 8.909456114596629e-06, 3.1816955251550597e-06, -4.144157179542954e-05]",5940,1,0.03029608726501465
ackley,10,9,4.261895811952243e-05,"[3.763285064446506e-06, 3.1732571800062594e-06, 3.5502674231515907e-06, 8.78584948719904e-06, 6.120442749644709e-06, 1.9224177760995266e-05, 1.5351069306234043e-05, 1.051404258707001e-05, -9.603471400463772e-06, -1.3244977649133684e-05]",6660,1,0.0341644287109375
ackley,10,10,9.769013084026668e-05,"[9.435646496306427e-06, -1.3067648209032198e-05, -3.235482871406885e-05, -1.9858590403921416e-05, -4.0299647041569705e-05, -2.565322034727088e-05, 2.4095037833714486e-05, -6.2088209193237215e-06, 3.56628663701087e-05, -9.307104853822135e-06]",5730,1,0.029227018356323242
ackley,10,11,9.301097819802706e-05,"[-1.461769480992198e-05, -1.2537824234352617e-05, 3.618569549650806e-05, -1.6543645645169653e-05, -2.456226142016108e-05, 2.1839597961299188e-05, -1.6795998063610258e-05, -2.4680668508682338e-05, -3.6764604162772154e-05, 1.1244350552865396e-05]",5820,1,0.029798030853271484
ackley,10,12,8.848610677292257e-05,"[7.041429573614448e-06, 2.0279732521756347e-05, -1.5912048791682533e-05, 1.832995688196507e-05, -6.975504073914306e-06, -3.180853880472365e-05, -2.2290430780811845e-05, -1.576439434386602e-05, 4.3235032947702207e-07, 4.5107669650958884e-05]",6600,1,0.03491830825805664
ackley,10,13,8.928420816944893e-05,"[-1.960259501404384e-05, -6.467131510155163e-06, -2.20362475604722e-05, -3.8282812228021905e-05, -1.675905715113698e-05, -4.4518679248965806e-05, 3.264350390149185e-06, 5.713479658926365e-07, 1.5749557284384717e-05, -8.95931272669646e-06]",6150,1,0.03139519691467285
ackley,10,14,9.15492344941704e-05,"[-3.06488076772676e-05, -3.886906701077084e-05, 5.697367226141785e-06, -2.2879639415041797e-06, 1.34369771030299e-05, 1.8076376088140788e-05, 1.9807088656326213e-05, 1.0246056103419023e-05, -4.084932241772994e-05, 8.600759107110095e-06]",6870,1,0.03517484664916992
ackley,10,15,9.957428016038605e-05,"[-8.738806838336687e-06, -1.5039042673882544e-05, 1.1205121680834075e-05, -3.1773316916709545e-05, -9.589049871918762e-06, -6.493607353093274e-06, 3.0476908216009666e-06, -1.7541269413161095e-05, 3.126241499682019e-05, -5.76776906444113e-05]",6330,1,0.03219103813171387
ackley,10,16,9.927334064174786e-05,"[3.439114294101016e-05, 2.6928475938069934e-05, 8.552079830090132e-06, -3.061369900744406e-05, -2.3173711673188462e-05, 6.9455274099359575e-06, -1.2887174008131065e-05, 1.9249307477342708e-05, 4.407998376939964e-05, 1.312550314082987e-05]",6540,1,0.03349924087524414
ackley,10,17,8.010435317773457e-05,"[-3.1313455713843135e-06, -1.3344738600435722e-05, 9.393059564804633e-06, -4.451267653873917e-05, 1.2080459892080386e-05, 9.46053707257098e-06, -2.821860473559586e-05, 1.7473127811603857e-05, -6.961105926303355e-08, -2.0341230307907362e-05]",6420,1,0.03269505500793457
ackley,10,18,9.647185873662423e-05,"[-3.046245074907059e-06, 1.4374019828499955e-05, 2.073481657182028e-05, 1.5945154521777827e-05, -8.961166123227266e-06, -4.21527766694048e-05, -9.080554482805283e-06, 3.844018009376575e-05, 2.415273028408179e-05, 3.020495899408918e-05]",5670,1,0.02905893325805664
ackley,10,19,8.388249456858787e-05,"[-2.8814637368201507e-06, 4.741052981959104e-05, -1.762027549287516e-05, -1.4517271884413634e-06, -1.1336267730288e-05, -1.821569616508785e-05, 2.3335885633999906e-05, 2.624181314810017e-05, 8.756333321649045e-06, -7.50876294173195e-06]",7140,1,0.03628706932067871
ackley,10,20,9.810743429428115e-05,"[-8.071993094076018e-06, 1.0646883507763839e-05, -2.265128867924532e-05, -3.6467728233892326e-06, -1.4048852096630293e-06, 4.508581484889627e-05, 1.0118511213141411e-05, 3.3738616450887984e-05, 8.263012504233135e-06, 4.430788762939991e-05]",6450,1,0.033035993576049805
ackley,10,21,9.988995250909127e-05,"[3.3245057443325214e-05, 4.694165610945124e-05, -1.3052826716987412e-05, 1.5152791244178068e-05, -1.3877598691813731e-05, 2.238806614323893e-05, -2.027388709146724e-05, 3.749030098830031e-05, -1.5028826319733101e-06, -3.278223861993956e-06]",5940,1,0.030234098434448242
ackley,10,22,9.411707664641611e-05,"[2.64504563659326e-05, -4.770089231628013e-05, -2.5572341075987693e-05, 3.646538174743402e-06, -9.13814617544493e-06, 4.738615027926736e-06, 3.636623427628584e-05, -5.492721412983229e-08, 3.9885888245639735e-06, 2.1122982334282323e-05]",6870,1,0.03493976593017578
ackley,10,23,9.204851892663513e-05,"[-1.361992223582152e-05, 1.3484881620105851e-05, 4.3952202305225945e-06, 9.529127304122942e-07, 1.6816666833980405e-05, 7.194276251044568e-06, -4.52383794463548e-06, -1.0315767421140035e-05, 4.0441364056615476e-05, -5.298892642467814e-05]",6480,1,0.03321695327758789
ackley,10,24,9.036844282350742e-05,"[1.0921385492407543e-05, 5.046533825173195e-07, 6.63964398677766e-06, 1.9985404215668626e-05, 1.405699355808085e-05, 5.074461521041411e-05, -8.69438813647073e-06, -9.960964304133366e-06, 3.554166690042632e-05, 1.8091310505788497e-05]",6210,1,0.031610727310180664
ackley,10,25,6.73929554726449e-05,"[-4.538348220868159e-06, 1.1931216391968043e-05, -1.630321086232327e-05, 4.4446721425993286e-05, -6.613235366008468e-07, -1.6127176213540785e-06, -1.0993395903065493e-05, -1.4448832671485007e-05, -5.4008254707064605e-06, -8.442263671665967e-06]",7140,1,0.036570072174072266
ackley,10,26,7.021193336997911e-05,"[-1.3929279191059404e-05, -3.963879732553878e-05, -7.407789698290433e-06, -1.0589803828678156e-05, 2.7084348543861104e-06, 5.827442069020723e-07, 3.030992198543923e-06, 2.7651672720142673e-05, 1.3717136603835256e-05, 1.3331077872541611e-05]",5910,1,0.03005504608154297
ackley,10,27,9.863293088629987e-05,"[-1.1816256613433556e-05, -3.611054801794067e-05, -1.8449543171606651e-06, 2.087190644293927e-05, 1.1218287896286871e-05, -1.2089689118027296e-05, 5.311861602587871e-05, 1.911513141664125e-05, 2.5445563977367328e-05, 9.337905203160328e-06]",6330,1,0.03230905532836914
ackley,10,28,9.430450400005341e-05,"[9.502692019276753e-06, 4.535564020620557e-05, 2.8583775451617504e-05, -1.749306502514014e-05, 2.1445273780700485e-05, -4.013690259569411e-06, 9.951132726704593e-06, -2.3631350504682222e-07, -3.1985903840318635e-05, -2.6195175378873603e-05]",6510,1,0.033371925354003906
ackley,10,29,9.579215229793547e-05,"[-5.836714179708922e-06, 1.1793702146463097e-06, 3.8053753045434832e-06, -2.3244879292035663e-05, 1.1123337716112643e-05, -5.868972331944258e-06, -5.148223761853474e-05, 2.5509702553641964e-05, -3.584384607680237e-05, -1.9926038383743915e-05]",5970,1,0.030333995819091797
ackley,30,0,0.028615112578091573,"[0.003249506688704362, -0.0024365109276521194, -0.003854998107919759, -0.0001464998197173639, 0.0026378336303891376, -0.0010883577773544441, -0.007904911474845615, 0.001707336966894981, 0.013096518509461226, 0.002827589323159281, -0.012157084938513037, -0.0011665457771130063, 0.0001028158043793225, -0.004705530779416839, -0.01276855794494809, -0.0037585090724765536, -0.005047772703724873, -0.0014121825442374785, -0.009410824614683535, -0.001133706905224522, 0.008398456695052204, -0.009492742255037455, -0.0005117269127939985, 0.008709125879959086, -0.003172158892162526, 0.01212079224954413, -0.002261838311228063, 0.0029418645572903274, -0.003971913397665602, -0.011164084808914438]",15050,0,0.08031392097473145
ackley,30,1,0.0681747230111438,"[-0.002640931992204768, 0.011192969265757656, -0.005457997997420697, -0.00399898444300674, -0.012260400015672543, 0.007507421516143278, -0.010271231178951805, 0.019279978945949, -0.011735496620479735, -0.0082771176352896, 0.019015530688090344, -0.013847730508971322, 0.01705375557032488, -0.017061792579097634, 0.015965245774854878, -0.012210633774269014, -0.004859444299937771, -0.007115976305869168, 0.006514431531335955, 0.00854615810932232, -0.04014725722083223, -0.010896238790781915, -0.008209585711261595, 0.029585776871485666, -0.016712650487117377, -0.004106225270317477, 0.011158647316800255, 0.011369357458002348, 0.01068985976250177, 0.004515382276815708]",15050,0,0.0804588794708252
ackley,30,2,2.958972193230498,"[-1.9203546747263707, 0.0024992751183634428, -0.002772826520789231, -1.9119319430942117, -0.0047291574261074006, -0.0006453136682714581, 0.006414577806965047, 0.9549580663967547, -0.0029421986285800674, -0.9562061141176585, -0.005515764645053266, -0.004480571514721965, 0.00019027504483235674, -0.012257543657119967, 0.0026701712403318055, -0.9611017853599341, 0.004264811225490028, -0.0004830338450717347, 0.9514438360735364, 0.00700035587160173, -0.9655768843404532, 0.0045940030761372095, -0.9638143050471224, 0.008187490970326922, 0.005248139146704364, -0.9589239271515049, -4.805226293635834e-05, 0.9658131131076689, 1.916987673423729, 0.0012302795168463259]",15050,0,0.07974886894226074
ackley,30,3,0.0519565287351651,"[-0.003947921136112663, -0.0036017781127288184, 0.0006353992994458692, 0.003511407210052572, -0.008241198090774806, 0.011936410190939337, -0.019277835090363373, -0.0024423953097150535, -0.015813549993807404, 0.0003941920920828842, -0.02464330575058435, -0.025573514058226252, -0.001969588492964184, -0.004635664623044765, 0.008625459663115469, 0.005535270685484935, -0.01085408032262246, 0.01868833677366792, -0.0017820827391914207, 0.003858072861707946, 0.005834755759033923, -0.01795615278909719, 0.0107224621186556, -5.934585467697734e-05, 0.00542102300358688, -0.011116985299386274, 0.0008207417646547283, 0.00286009817215816, -0.012529962933457976, 0.01675017550904083]",15050,0,0.08019113540649414
ackley,30,4,2.6611072265700355,"[0.005886684425595461, -0.9625375936164488, -0.0013840502570499008, 1.8967381532588203, 0.950395658559896, -0.00039110918678006163, -0.004706678404493142, -0.005330356931104532, 0.000649127004036017, 0.955858024601352, -0.0014055506991868768, -0.0007286972600636329, 0.001847484506362309, 0.9513773338949305, -0.0010298949691727177, -0.955443164816645, -0.9510660469747895, 0.0019606584356449863, -0.9532914281169519, -0.001725454948832173, -0.9496319813765393, -0.950747243653263, -0.0013922750431442886, 0.9494793451074576, -0.9511233529771128, -0.0012602097365870578, 0.9585112565587495, -0.002631771904262137, 0.0019088151662489767, -0.0009831026381049261]",15050,0,0.08020401000976562
ackley,30,5,1.778582785067805,"[-0.9264734762814149, -0.0021806673429212754, 0.0022531249619510375, -0.9272116763751687, -0.9257004993391588, 0.002727347509824807, 0.002618152451205031, -0.002487038547358937, -0.002363786373205414, 0.0008630977719643299, 0.0009856966245342616, 0.000876604860260935, 0.9271053787549891, 0.0013081783805468804, -0.002273434153949259, 0.0030490131095981645, 0.00041911990810053023, -0.002265487701372356, 0.9241628867239711, 0.0023565943101225475, -0.00039275606958803604, -0.0034973832606740906, -0.009392944295444917, 0.00045925511323725984, 0.0012373724741149216, 0.9292882710064214, 0.002139116329073738, 0.009944261275758995, 0.0027592212405366575, 0.9229817347261642]",15050,0,0.08002781867980957
ackley,30,6,1.1554211000631978,"[-0.8740685966817254, 0.001429032899932697, -0.0006955214574077679, -0.0024703480712941896, 0.0011936372500649893, -0.002574911300889099, -0.0040468161210209215, -0.0009717710613209162, -0.0008390256923352396, -0.8690341136342182, -0.0006081364027688715, 0.0012843720325693298, -0.0024293653197260947, -0.0001744819830062757, -0.002054004039550027, -0.00045809853643521774, 0.004970183568063023, 0.003031010271752987, -0.002025312097369481, 0.0019910855076488102, 0.0015665510488170036, 0.00039049115392492356, -0.0009588935145305351, 0.0005816172305556692, -0.0005182341854103726, -0.003838343040307246, -0.8727957136999643, -0.0027056038477008613, 0.0005153184813252512, -0.003585728780506768]",15050,0,0.08027529716491699
ackley,30,7,0.05726380048017932,"[0.019772142192576985, -0.0164523577599755, -0.01987030738650042, -0.008509404782524389, -0.007082478079223957, 0.0013770429593754317, -0.007194675350442992, -0.00586877827355296, 0.011517098222346268, -0.001627707345115574, -0.009256863369218483, 0.0007916428916080673, -0.015912064822226117, 0.017072592692196957, -0.0019014445582425704, -0.020896728693415773, 0.005365914098800148, -0.005544610870288749, 0.008408318660008955, -0.001421265190763337, 0.02071707273724612, 0.019412531570175532, 0.008224904143916415, -0.011723670393143499, -0.011289006950618664, 0.0048804470297616285, -0.02121600512673583, 0.016282587461009326, -0.007054288969729299, -0.003016409475287335]",15050,0,0.07978177070617676
ackley,30,8,0.05464257616341728,"[0.009098460884581562, -0.011650925573338567, 0.017479281826036672, -0.0020692339670224614, -0.0038909002194904493, -0.007989891159847634, 0.007523439744422752, 0.018740286059094873, 0.011903841338906575, 0.0005402109884346611, 0.009547490301470604, -0.03216557845599609, -0.004946999612587433, -0.001071199449106934, -0.0012306051187464802, 0.027665142606389446, 0.0030368613757798773, -0.006143829419098924, 0.010738578190987638, -0.003323626656408952, 0.0014484674803020847, 0.001597493881978343, -0.006881522255088942, 0.006829956733880441, -0.010537211599909054, 0.01061404196171386, 0.012557486686672862, -0.015875118634293615, 0.010301263903166968, -0.009848884994768853]",15050,0,0.0803067684173584
ackley,30,9,0.02899859392856685,"[-0.005824132288618987, -0.010552177451459912, -0.0022285131012914324, 0.0058706739956102105, -0.002574421311604028, -0.0028183604702153395, -0.0013716251237168733, 0.006299815868136999, -1.0139696891834325e-05, 0.0014212478229145443, 0.0002615422122471086, -0.0026946891974503956, 0.0063094349135182776, 0.0006716773122106192, 0.0015602873829403995, -0.001073580927620829, -0.016863332525466363, 0.006853164079207087, -0.019096530276213466, 0.002248552915055181, -0.007474456844694706, -0.009806589301493843, 0.003413538454435646, 0.00026963962819849215, -0.0001079212938411274, -0.005216082811196887, 0.005805017845150721, 0.0024039415111320995, -0.0014508149205821291, -0.010144211428397207]",15050,0,0.08014917373657227
ackley,30,10,1.1574700499296324,"[-0.00036901813509332426, -0.0061170811870596715, -0.0004285095117712793, -0.0072103383695144695, 0.005533833952859763, 0.007245612684799442, -0.0037236634377207233, 0.0007183163215173927, -0.877207339150128, 0.0021152866932025935, 0.0029984266811416416, 0.0033749962768951716, -0.00068298603530749, 0.009088272882493432, -0.8816838964137531, -0.00018405006343952398, 0.0023983634151676482, 0.016390035522765755, 0.0010944493341738916, 0.008533154618954823, -0.002302729081960232, -0.0022154352013204134, -0.006003010894777293, 0.004505049613457395, -0.008052320999580389, 0.8840599492143917, -0.0032312014406102466, -0.00169630204569553, -0.002618962285106781, 0.014477772820264911]",15050,0,0.08026599884033203
ackley,30,11,0.041297208457475865,"[-0.015484252185252706, 0.000496708890051949, 0.006881948199288546, 0.0016432245435124716, -0.008454216814255115, -0.016909466590684513, 0.01548327595480585, -0.007686101373419407, 0.004421325018322894, -0.014014321974374551, 0.0070581833042813276, 0.015711351139923613, 0.0012193219749330776, -0.002560301586221586, 0.015393652305401554, -0.004673648436355244, 0.00897449414798819, -0.002248619965376554, -0.009898605006723363, -0.0027464199915283385, 0.014365704403016958, 0.01180709622939231, 0.009732225815923343, -0.000993824060170484, -0.007899333295248697, 0.0071486996641408704, 0.006010730245618907, 0.0016976783283785975, 0.0010575996344352155, 0.00517448999503267]",15050,0,0.08033204078674316
ackley,30,12,1.9026803430740675,"[-0.004350869260062134, -0.01169405455676039, 0.9303211180663293, 0.0022936437917856806, -0.9270428663527249, 0.013702796765161444, 0.000691332901010661, 0.006791162530668839, -0.0067076337096583566, -0.0003033685716354148, 0.006057652296862134, -0.9337379430088806, 0.9310699170465103, -0.9551518856425979, 0.007607746351603599, -0.002477415849510639, 0.0013368427591096007, -0.00047481125128746404, 0.002657097148588035, 0.9422325931110223, 0.0022698890361030613, 0.0019999600592774877, 0.9307931599778249, -0.0052527331698737755, -0.0010554008325286612, -0.008424094993107216, 0.007211861289110798, 0.0010773102555528406, -0.00838534956158548, 0.9414442871549372]",15050,0,0.08004379272460938
ackley,30,13,0.18294433660395315,"[-0.0013454395878996009, -0.02179549648145947, -0.03397774780591497, 0.06628285020345627, 0.02041154389778839, -0.046795141915316835, -0.05428156031841008, -0.06067314577067913, -0.02583037273924563, 0.03385515727296955, 0.015239959102983532, -0.0014271408933029988, 0.04827298262281024, -0.008150656173443183, 0.04450537419105857, 0.0012628071881407672, 0.015318479288822864, 0.04061021475256884, -0.014027214703790147, -0.03526830606082029, -0.004635333318104756, -0.019425804856139567, -0.002862430644636191, 0.014931486132363165, 0.005925155393367854, -6.250453474226122e-05, -0.01990914636745738, 0.025464808871077063, 0.03574205831661567, 0.0555673599184948]",15050,0,0.08096575736999512
ackley,30,14,0.015232386447682433,"[-0.007295525019587481, -0.001363283814652168, -0.001471813293080139, -0.0037316723131582603, -0.0012818638309012847, -0.002227024275683466, -0.0015171047242866808, -0.0027750301450008763, -0.0002207018262081195, 0.009913693442874618, -0.009065848123867603, -0.0032600710885706775, 2.063595052015897e-05, -0.0015744728364444492, -0.0024072265552641447, 0.0036444292485087204, 0.002034484675297866, 0.003342320668415831, 0.0010922494246660918, 0.0016908157242946044, -0.0017279888376557143, 0.00017264125669010853, 0.004913417390441601, -0.0033749657083638573, -0.00400591529147165, -0.00033790231415874335, 0.0024997492890566934, -0.002165139262134459, -0.0012694136662195848, 0.0029567476946905317]",15050,0,0.08000302314758301
ackley,30,15,2.4996074026663035,"[-0.00376361099281432, -0.9645305669302948, 0.006939481809612864, -0.001407275153464463, -0.002818172806323397, 0.003087603675454597, -1.8867764587433162, -0.948590924679741, 0.944184443909762, 0.9493775132932023, 0.9438197442408762, -0.9575205000115471, 0.00778805102934897, -0.0033207535845801123, 0.010266215057630743, -0.005104246547109977, 0.9626786390004908, -0.0005250427188318576, 0.003258577155958812, -0.003788512183529327, 0.9499241914531585, -0.005485221490698311, 0.9869566012167668, -0.005247569699236435, -0.001389962420606892, -0.953236128143989, -0.0002612436364084411, -0.007614398699542776, -0.003130383255707579, -0.001864791051409382]",15050,0,0.08018708229064941
ackley,30,16,1.920354743151837,"[-0.0362255651359508, 0.015152568721427343, 0.007980151526271637, 0.03184325748335329, 0.9374663917169616, -0.024755284938467858, 0.026893450828352962, 0.014755413375687528, 0.009396488798578824, -0.01695468536652582, 0.0128309561105934, -0.9442404820630504, -0.9597117541327015, 0.015530407416816518, -0.9533609165473766, 0.0249083580349954, 0.010536162893460245, -0.007975025540105077, 0.9361542628618786, 0.016555415895261473, 0.954057760714133, -0.9565351936468303, -0.02475172960934387, -0.00773480200816009, -0.014068954919013941, 0.010250145909599023, 0.016262960026490747, 0.0162258842265333, 0.01865927991788619, -0.9592951995178787]",15050,0,0.08029508590698242
ackley,30,17,0.01489734734373771,"[0.0011581076501777123, -0.005075575919485315, 0.001543392498365931, -0.00026664963700832374, 0.004394998359859202, -0.002312975906248557, -0.0029609336539427474, 0.002307745073755922, -0.0010334042181922806, -0.008428775151606296, 0.0036556244613407205, 0.004368977260333698, -0.0007285447787416291, 0.0030186367835794347, 0.003878900163577547, 0.004259523600993718, -0.00022763300765905555, -0.0003960129661176794, -0.005994915419989482, -0.0016700222661770311, 0.003865564897795829, 0.0018237177960530302, -0.00021506357601903665, -0.0007985424555959402, -0.0019418995629448567, -0.0057265495966899276, -0.005128184213776945, -0.0018703378692554312, 0.004320892473952601, 0.004552626325586089]",15050,0,0.07963299751281738
ackley,30,18,1.9033039012732371,"[-0.9331689331049831, -0.0020330931997989883, 0.0022001126229085725, -0.932658143813933, 0.0008328294891160174, 0.9287340417594628, -0.0018189545864696708, -0.00272862815189528, 0.003518358923131194, 0.0001449865753230667, 0.001739683773224574, -0.003818621980249749, 0.9276686223722721, -0.9299621577986539, 0.0001676190590035407, 0.0008417336791652217, -0.00010055169238059927, -0.9330248684245208, 0.0033320249782988493, 0.0009837390924850838, -0.028486324667188586, 0.00030841260836537293, -0.9300742894209174, -0.03081249746346762, -0.0024474310659495903, 0.002447970911562157, -0.003912811633513908, 0.003414354461258968, -0.00417677818194804, -0.9292866960610541]",15050,0,0.08021974563598633
ackley,30,19,1.5021944226906823,"[-0.0005406978879125973, 0.0047240511236870085, -0.9062992812095474, 0.0016138311453691573, -0.00023174705480123948, 0.004659960272064375, -0.0003647568618887786, 0.002769698498202195, -0.0017943687011870023, 0.0021615758354372335, -0.00314308838736949, 0.0004326298094068375, -0.0017973574455694024, -0.9055016647396152, -0.0001232452986631564, 0.0006702864514743329, 0.9106032605309387, -0.0005668924065071866, -0.9135273701988315, 0.917805019161388, -0.00202797372950357, -0.0029287239779274984, 0.0008284797075534828, -0.0028021980336241548, 0.0014273593151163584, 5.442269388833518e-05, -0.000333593111556299, -0.0008118608367944869, -0.0035224464010599004, -0.0004866075750296615]",15050,0,0.07984209060668945
ackley,30,20,1.502149916972233,"[0.0026922947948869115, 5.981791455875467e-05, -0.0042149255788889155, 0.004093002683492172, -0.003060951701576537, 0.003141931884188199, 0.0009116324876385781, 0.9158657571870974, -0.0031951456229522197, 0.003490332570152098, 0.9104250985702544, 0.9062148557696734, 0.004600414597693661, 0.001401071560912125, -0.0015278265132761242, -0.0005522901577429016, -0.0016337485279256346, 0.0013764526434336731, -0.002510352438234228, 0.002533346047634682, -0.0011333205292740995, 0.0009373131041107863, 0.0016906062098228083, -0.0012676107820489269, 0.002230546458777272, -0.001097406060826122, -0.0008490954135686111, -0.9078183719950623, 0.9079204909804156, -0.003022415732063661]",15050,0,0.07983732223510742
ackley,30,21,1.3407795701469323,"[-0.00025067731255996916, 0.0004504792350199833, 0.8955695228755417, -0.0006798326806853631, -0.003911542330441618, 0.0023490238801905754, -0.0031151960058467074, 0.8925876100679541, 0.0005438859737877025, -0.0010260604212861035, 0.8941012400514347, -0.0008337540906723333, -0.002629847163765174, 0.0005260677719090001, -0.890717760991142, 0.0006596619822184886, 0.0009483597362648602, -0.00035456819094428115, -0.0005241913102287646, 0.0011848972377624368, 0.0010693460739695636, -0.0027237589715475, 0.00777419254085622, 0.005282320887920636, 0.000661359758492039, 0.0012739974628479863, -0.0014994895085929682, -0.0035600224519770985, 0.00040175205917804214, 0.004055229386793131]",15050,0,0.08005309104919434
ackley,30,22,1.645324028932969,"[0.0031016591829929807, 0.0036505738444221713, -0.002196003255179456, -0.005431041162348171, 0.003825583807050064, -0.0017085614534415117, -0.008302720983395392, 0.004480428097696178, 0.009135894430455656, -0.011746884857768477, 0.004724898640958306, -0.0029188623276008912, -0.009501567667058473, -0.9164674963384926, 0.0026702431272859813, -0.018336697396272503, -0.009852848123694368, -0.0017047208521317734, 0.0025840102726036405, -1.7915431764989458, -0.0008444047899045827, -0.005283469217749567, 0.007097336893988378, -0.0015558849056297136, -0.0006885354706611096, -0.01143504650301184, -0.02766319741783685, 0.004376031517096996, 0.9243853464109659, -0.005924539539293311]",15050,0,0.07971787452697754
ackley,30,23,1.1608958586546447,"[0.007337009229413875, 0.0010237269394837295, -0.870016214489628, 0.00910779170211518, 0.01430432521687276, -0.0004715626568437964, -0.0042400527648188795, -0.007703590056669225, -6.333009093679662e-06, 0.0056614079947848225, -0.0013687585259834988, 0.013881708668791008, -0.8844610095663327, 0.008214614310256652, 0.00845599183774747, 0.00273229004183146, -0.00226398699684178, 0.013191175113107306, 0.0016264378339946543, 0.013578485826572926, -6.389606514473761e-05, -0.01590535340219303, 0.853588654180475, 0.009818107652283489, 0.005926914763553923, -0.017598280031983507, 0.021045430441816, 0.008384668800418054, -0.005898241559382094, -0.013525184569982094]",15050,0,0.08002710342407227
ackley,30,24,0.942986338052624,"[-0.003672690366872525, 0.03587302169209304, 0.0013578501825920264, -0.003130458885562073, 0.004079275817202063, 0.011125299657757756, -0.014886165589502677, -0.013145959409436966, 0.013356255806664795, -0.0009247659230647888, 0.8648287858441022, -0.005281600113195445, 0.010158153050387612, 0.009058073166233051, -0.006972219151509386, 0.015648536474087912, 0.007306485397815053, -0.0018183385551667208, -0.0018617144370348393, 0.01714322940698868, -0.004750029244078846, -0.016947773899836205, 0.016899862850659926, 0.0026300641893146105, 0.017588027004656993, -0.00904971773321606, -0.8474685209199566, -0.002441576805219304, 0.0284058275127572, -0.005534231779593285]",15050,0,0.08025693893432617
ackley,30,25,2.888510231309074,"[1.9107468101301852, 1.9048960750862602, 0.9549051520541736, -0.9559197362933013, 0.002529032474674997, 0.9606972182008363, 0.0029824241013015713, 0.008966863173600093, -0.005557239677955634, 0.001250824132209933, 0.9383224809014877, 0.003516945176121485, 0.9592476542647649, -0.012681854259831066, -0.0015461284243580295, 0.0022726356785421264, -0.9560184712159207, 0.001413213013014608, -0.003408782389952562, -0.004929781549604438, 0.9540019913554759, -0.0050616712435001335, -0.0054435183632726295, 1.9154303242562065, 0.002930624384902442, 0.0004296609931658509, -0.0026356841591060084, 0.0030765784301476193, -0.004120572688024274, 0.005053481353746728]",15050,0,0.08026385307312012
ackley,30,26,0.07225662516463816,"[0.015243379248135819, -0.0013988917904942215, 0.011814049774485845, -0.015394857880284472, -0.021321735946812845, 0.019108834864910624, 0.009615635608942751, 0.01752847832362025, 0.005341970981143224, 0.008287265779075183, -0.02435074429842375, -0.017570182113768998, -0.00043424655786381515, -0.00603106868605644, 0.018591939592800352, 0.001721391693347573, 0.026080562510101563, 0.0014731935722995318, 0.02136069670786183, -0.02111429884596728, 0.00375027932319018, -0.009369229530476387, 0.017916375290165466, 0.019449120054730328, -0.026704602789602398, -0.010497108608686145, -0.0015484211810246047, -0.017008074718014576, -0.009242165502444857, 0.0008643365719071287]",15050,0,0.08017706871032715
ackley,30,27,1.3423367527047287,"[-0.004540630071415948, -0.002317299851988809, -0.0029851488834081496, -0.9058179480002141, 0.0005151916145390636, 0.8974669539856585, -0.0028187258507658425, 0.004887575982733725, 0.005470815325516463, -0.004776646200008885, 0.0019701020830506333, 0.01195063547931527, -0.011385142027652466, 0.01079922817426887, -0.0004451253817162647, 0.8888398291213215, -0.0026786912723138854, 0.0011902611162118867, -0.005354646062098911, -0.0009588448321661142, 0.003065086457962985, -0.0019947351463480405, 0.005386860431870692, 0.8991449339168952, 0.0043790482138520714, 0.003615508930219345, 0.010945567715336415, 0.002458181534652516, -0.007926268658485643, 0.004179037781886058]",15050,0,0.08034992218017578
ackley,30,28,1.5021339597328311,"[0.005617868965914992, -0.0001065215349011152, 0.0014656158395741628, -0.9072306178733721, 0.0029987757082818103, 0.004240890089015386, 0.00011273235662869374, 0.0006845130380570921, -3.530126648610017e-05, -0.003064901620359473, 0.0012028328380169588, -0.0026230945084605114, -0.0015516426313328799, 0.9069272430694787, 0.0007884536261102548, -0.004696466129556599, 0.0016522069675919088, -0.005530646202869706, -0.9056295350265197, 0.0025677315946652838, 0.9084698117204092, -0.0005698706931861522, -0.0030577234194020565, 0.003278266198926763, -0.9048069928945668, -0.004224481106825044, 0.0029614430538449977, 8.421695673169541e-05, 0.00033432076334614924, -0.00031230280746494634]",15050,0,0.07978391647338867
ackley,30,29,1.340757595367045,"[0.0015179607122790537, -0.004411171086914955, -0.0013895506544827816, 0.8921524022317161, -3.707645502800327e-05, -0.0015388377502641476, -0.005947971309858037, -0.0017913195593839818, -0.00044394644151150636, -0.004312483150559279, -0.8978115037443682, -0.0006723653659954241, -0.0004820118399497343, -0.0049948129121072955, 0.0009601891821670052, 0.0018732753120225133, 0.0006220489472919795, -0.0001632174094240861, -0.0006627444986769633, -2.6958922685909328e-06, -0.0024196754874295516, -0.0005449297780222, -0.0018807245919733066, -0.0035060107043213243, -0.002450789911706382, -0.000770912300588385, 0.0010362271542173173, 0.8956355468015381, -0.8938282318691259, 0.003686078661806491]",15050,0,0.0798790454864502
