func,n,run,best_f,best_x_json,evals,success,time_s
sphere,2,0,9.784822978689279e-09,"[-6.583835834559823e-06, -9.86989163283612e-05]",1800,1,0.003874063491821289
sphere,2,1,4.196874639842127e-09,"[-3.417306246534389e-06, 6.469309590566465e-05]",2040,1,0.0043261051177978516
sphere,2,2,5.269184775896813e-09,"[-6.412195298784682e-05, 3.402293227987817e-05]",2190,1,0.004616975784301758
sphere,2,3,9.251916115270224e-09,"[9.149983498114124e-05, -2.9659674875057987e-05]",1860,1,0.0038909912109375
sphere,2,4,8.73090176566177e-09,"[-6.033502571041479e-05, 7.134834572844248e-05]",2040,1,0.004320859909057617
sphere,2,5,4.550435357116037e-10,"[-1.0217457929241917e-05, 1.8725573133439072e-05]",2100,1,0.00440216064453125
sphere,2,6,1.8860141461326762e-10,"[6.749076757757627e-06, 1.1960408752679125e-05]",1950,1,0.004103899002075195
sphere,2,7,5.588605392277109e-09,"[6.427463299897584e-05, 3.8175606676568675e-05]",1710,1,0.0035810470581054688
sphere,2,8,8.340743071770411e-09,"[7.211483673025157e-05, -5.603742852004873e-05]",1980,1,0.004361867904663086
sphere,2,9,2.6944344875945734e-09,"[-5.1819147766499686e-05, -3.0348661170212683e-06]",2220,1,0.00467991828918457
sphere,2,10,9.752427008581014e-09,"[-3.449128386235901e-05, 9.253528162872356e-05]",2370,1,0.005311012268066406
sphere,2,11,7.440436529516386e-09,"[-7.824660203310308e-05, 3.630297232720173e-05]",2340,1,0.004945993423461914
sphere,2,12,3.235708334830363e-09,"[1.4752375875354235e-05, 5.493701612631168e-05]",2010,1,0.0042266845703125
sphere,2,13,2.3496161985678878e-09,"[-2.7389805337601665e-05, 3.999268385762795e-05]",1680,1,0.0035130977630615234
sphere,2,14,3.1172152427755313e-09,"[-5.222889581286668e-05, 1.9732148513130782e-05]",1500,1,0.0031180381774902344
sphere,2,15,1.5137147339204e-09,"[2.9969929733114197e-05, -2.4809636146316165e-05]",1770,1,0.003734111785888672
sphere,2,16,6.573796518660401e-10,"[-1.712097228268863e-05, -1.9085386031239917e-05]",2190,1,0.004585981369018555
sphere,2,17,5.482212411721246e-09,"[-6.834384127534093e-05, 2.8483886171873585e-05]",2220,1,0.004707813262939453
sphere,2,18,8.545338107020606e-09,"[9.243900546476494e-05, -6.069396228323374e-07]",2040,1,0.004273891448974609
sphere,2,19,4.034376827496334e-09,"[-6.314457426451472e-05, 6.8658261301550715e-06]",1980,1,0.004147052764892578
sphere,2,20,8.794237757012148e-10,"[1.2227370240970955e-05, 2.7016942696971334e-05]",2190,1,0.004628896713256836
sphere,2,21,5.970108352075392e-09,"[-7.725899887243111e-05, 1.074916417718197e-06]",2040,1,0.004251241683959961
sphere,2,22,4.2082019833431e-09,"[-2.3381711167627986e-06, -6.482850406396739e-05]",2100,1,0.00438237190246582
sphere,2,23,7.873377682239982e-09,"[2.793411183880007e-06, -8.868807437416689e-05]",2310,1,0.0048520565032958984
sphere,2,24,6.996763860454606e-09,"[-2.0948789334693073e-05, 8.098093655833609e-05]",1980,1,0.004155874252319336
sphere,2,25,3.495342994775879e-09,"[5.710940747970884e-05, -1.52924351263118e-05]",2010,1,0.004230022430419922
sphere,2,26,2.8282694353727415e-09,"[2.2056868856502052e-05, 4.83917758675977e-05]",2490,1,0.005235910415649414
sphere,2,27,7.273231931643486e-09,"[-3.721630700546756e-05, 7.673446699181712e-05]",1770,1,0.003725767135620117
sphere,2,28,4.672389642787163e-09,"[2.6413791762485144e-05, -6.304523175875583e-05]",2190,1,0.004586935043334961
sphere,2,29,2.2558106138471714e-09,"[4.735158501641693e-05, 3.6929676792805824e-06]",2130,1,0.004475831985473633
sphere,10,0,9.579426039845038e-09,"[-7.022557836495915e-07, -3.1132826798195093e-07, 1.5475453634693215e-05, -8.221952240952647e-05, 1.9968846208517323e-05, -2.0295639419953256e-05, -2.497235271317975e-05, 2.4539183668869708e-05, -1.4636461293868992e-05, 1.8127677407259878e-05]",7440,1,0.016484975814819336
sphere,10,1,8.791771456055047e-09,"[-1.3682022562729499e-05, -1.4363570554169256e-05, -1.1629432411265052e-05, -1.5487648042104926e-05, 2.1601125387536954e-05, 3.27841519237815e-05, 7.164435994571926e-05, -4.194450817185775e-06, -2.541168933749193e-06, 3.639747396303769e-05]",7890,1,0.0175778865814209
sphere,10,2,6.325840521216167e-09,"[-3.367896733839287e-05, 4.139200667305061e-06, 1.2976044808587956e-05, -5.708336575470436e-05, -7.669158848827969e-06, 1.3267873599079808e-05, 2.6286538638150527e-05, 1.0265693537132201e-05, 1.992702419829616e-05, -1.7867315837838762e-05]",7290,1,0.016543149948120117
sphere,10,3,9.674157220159632e-09,"[2.014475592512609e-05, -2.2758985122489017e-06, 3.407281095773915e-05, -4.000882835747104e-06, 5.2780882890851295e-05, -1.7202229559028544e-05, 2.9620153163396826e-05, 5.5805150363495376e-05, -2.010314358450404e-05, 2.4673059027562686e-05]",6570,1,0.015006065368652344
sphere,10,4,9.223617424837502e-09,"[6.32396862529791e-05, -1.7063496734150753e-05, -1.2821462870453458e-06, -2.447275478699035e-05, 7.22224338903786e-06, -1.2719021587709547e-05, -1.1938286054852297e-05, -3.0363383062236386e-07, -6.161246171039483e-05, 1.3416122596927242e-05]",7260,1,0.01619100570678711
sphere,10,5,9.542126321612324e-09,"[-1.2691930677606239e-05, -2.051269362032934e-05, 5.822787758235451e-05, -5.111823030790525e-05, 1.2411629725680605e-05, -3.2245688559887595e-05, -1.7338068738601412e-05, 4.895723671749857e-07, 2.929233307546902e-05, -2.457619480977287e-05]",7440,1,0.0164639949798584
sphere,10,6,9.589660216121313e-09,"[1.784699500079525e-05, -3.3518828478734224e-05, -2.061871741201144e-05, 3.978474656339762e-05, -6.620878886001819e-06, -4.466430188539913e-05, -5.2701084207867834e-05, -1.8934490842473642e-06, 6.619351808307515e-06, 3.572302354968297e-05]",7410,1,0.016299962997436523
sphere,10,7,9.375085708194645e-09,"[-2.0331501374932754e-05, -4.0073080393950334e-05, -9.789724399711495e-07, -1.4966707071089516e-05, 3.512985884756843e-05, -8.56551000476231e-06, -1.11836802711342e-05, 3.504721189213523e-05, 6.524545329630898e-05, 1.4597170761279048e-05]",7020,1,0.01556396484375
sphere,10,8,8.138029199826857e-09,"[3.854821664163061e-05, 4.138484618516764e-05, 3.288957196878203e-05, -2.0978138751609684e-05, -7.71072807955138e-06, -6.151014013829853e-06, -8.924856588998766e-06, 3.760372781160062e-05, -4.130906732007753e-05, -1.0960369327826185e-05]",7470,1,0.016499042510986328
sphere,10,9,9.021511811807174e-09,"[4.668857873102382e-05, -2.5733509899193492e-05, 1.4944991958426317e-05, -4.2294935677533174e-05, 2.804316842375368e-05, -5.237826925071182e-05, -1.2969172592854878e-05, 2.3012515522056104e-06, -2.08099035618233e-06, -2.143670742657998e-05]",7530,1,0.016809940338134766
sphere,10,10,5.165051638212404e-09,"[-1.427726213387747e-05, -1.7654351240077114e-05, 1.9680238504966185e-05, 2.2378733169992492e-05, -6.241165406670931e-06, 1.3880352439373319e-06, 3.266516378049158e-05, 3.1814190981152615e-05, -8.938793973559799e-06, 3.9515557984086294e-05]",6990,1,0.015421152114868164
sphere,10,11,7.041984454517318e-09,"[-1.878281319170429e-05, -2.9275634206800886e-05, 3.771041418942345e-05, -1.594065794486027e-05, 1.1838096520862963e-05, -4.648225922544501e-05, -1.3411221476029246e-05, 3.396166479380267e-05, -1.1646730561609394e-06, -2.2816545719002576e-05]",8070,1,0.017796039581298828
sphere,10,12,8.102172773067707e-09,"[2.5892062118687553e-05, 4.160377654880042e-05, 2.9029611998076927e-05, -7.734139079986071e-06, 2.4920498833852302e-05, -1.6136240323263944e-05, -5.0964821724517175e-05, 8.018283569106574e-07, 1.471687212813202e-05, -3.320109287147097e-05]",8070,1,0.01800394058227539
sphere,10,13,9.594168960146574e-09,"[-2.6521622632116057e-05, -4.401204387658874e-05, -4.3607259284178124e-05, -4.555240449184226e-05, 2.3284263440002224e-05, 4.246715336245658e-05, 1.8142786507806142e-05, -2.957444437126838e-06, 1.5903374565696107e-05, -6.376309947633884e-06]",7680,1,0.017073869705200195
sphere,10,14,8.898475587668938e-09,"[6.5129018849294615e-06, -2.3506198650947066e-05, -1.1161705309193967e-06, -2.305845907566455e-05, 4.141401222250538e-05, -2.1843219896399047e-05, -3.1096736723386176e-05, -5.5731907206556045e-05, -1.5758170427192148e-05, 3.545361526481856e-05]",7620,1,0.01688385009765625
sphere,10,15,9.594698710800123e-09,"[2.7089696146017026e-05, 5.815437115292229e-05, 3.201642502020833e-05, 2.8116101688713588e-05, -9.534893438035452e-06, 2.6448053089547168e-05, 4.2828750019874065e-05, 7.430690598017603e-06, -2.2725687958971464e-05, 2.1609302504731126e-05]",7470,1,0.016530990600585938
sphere,10,16,7.433505846808976e-09,"[4.62510178362487e-05, -2.2514290663303737e-05, 3.482360305812044e-05, -1.977851520368906e-05, 9.736792002236265e-06, -3.582698489129524e-05, 2.2929000823018767e-05, 2.0897126828348144e-05, 2.2635878110835824e-06, -2.8942220632489504e-05]",8250,1,0.0181581974029541
sphere,10,17,6.818798914384987e-09,"[-2.4481932174095643e-05, 3.925333748646672e-05, -1.8087838361924497e-05, 1.677935570187938e-05, -2.0738956474346357e-05, 2.161126715442699e-06, -2.3546885265744453e-05, -1.328851470011933e-05, 2.4291070482595453e-05, -4.8104276473462734e-05]",7470,1,0.017060279846191406
sphere,10,18,9.662859996535791e-09,"[-5.338801931434468e-06, -1.9670410628935192e-05, 3.736569167774857e-05, 3.695741373002087e-05, 2.630093300695686e-05, -1.7809102684164094e-05, 2.797579247878287e-05, -2.375076260988575e-05, -2.8435606244353968e-05, 5.762947322933575e-05]",7740,1,0.017047882080078125
sphere,10,19,9.315182007352925e-09,"[-9.661064283659704e-06, 3.0184326767105352e-05, 8.739464015880813e-07, -1.0332622554295044e-05, 4.820275895220439e-06, -4.1498530965610836e-05, 1.6885501133428247e-05, 6.70411742391135e-05, -3.465687232744677e-05, -2.184317438691591e-05]",7620,1,0.016901016235351562
sphere,10,20,9.822415379517911e-09,"[2.6903663104872664e-06, -6.309334688508729e-05, -4.3731479042631496e-05, 4.130305545572594e-05, -2.2193330072959876e-05, -3.4406174810664597e-05, -1.1032739678467231e-06, -2.584025579228278e-06, -8.269962726779778e-06, 2.152688524293621e-05]",7530,1,0.01659417152404785
sphere,10,21,9.962758622564473e-09,"[-3.132068452818745e-05, 2.2742865186079267e-05, -5.967566171271221e-06, -2.4874072088478324e-05, -6.398562998343764e-05, 6.815655099188283e-06, 5.088242944443312e-05, -2.2404219921450118e-05, 5.63045225534732e-06, -2.3386265846476874e-05]",8070,1,0.017808914184570312
sphere,10,22,9.492581698910827e-09,"[-7.398928051281041e-05, -8.515960160882018e-06, 2.5450391494200233e-05, -2.4052644234179247e-05, -4.494993007725112e-05, 1.1881897134814335e-05, 4.447813162726828e-06, -2.1280653575656736e-05, 9.131477188966912e-06, -1.298283913233025e-06]",7980,1,0.01779913902282715
sphere,10,23,9.450134376883968e-09,"[-1.0644436661965133e-05, 5.8818205759164174e-05, 4.504659905865082e-05, 6.603988840700804e-07, -5.299065203030177e-05, 1.2956556509534936e-05, -4.043272752382577e-06, -2.8913925400966156e-05, -8.60263001174216e-07, -4.316486373638024e-06]",8130,1,0.018218994140625
sphere,10,24,7.579680514279905e-09,"[3.082404403419997e-05, -7.291607949988805e-06, 1.3853122160771558e-05, 1.0761612581366669e-06, -1.0026737962458735e-05, -5.68862721019533e-05, -1.0317821479704691e-05, -1.9935549205786075e-05, -3.331255175032738e-05, 3.7856717585385005e-05]",7140,1,0.01617908477783203
sphere,10,25,9.549407619394638e-09,"[1.0928236484045956e-05, 5.255482832813213e-05, -5.316976615382618e-05, 1.5295471780436053e-05, 2.1788920896249514e-05, -2.74001198598289e-06, -3.1819809783549306e-05, -4.484348257792531e-05, -9.88429363870435e-06, 1.895671829420604e-06]",7770,1,0.017260074615478516
sphere,10,26,7.905430537164044e-09,"[9.275288836072154e-06, -8.305633953821197e-06, 1.333736282121384e-05, 4.409070807700337e-05, 2.664608720193889e-05, 3.8371250810422245e-05, -1.0752190233505897e-05, 9.959927163850936e-06, 2.8717988532189854e-05, 4.905752492583598e-05]",8040,1,0.017749786376953125
sphere,10,27,7.036952201307757e-09,"[-3.6149078212907494e-06, -6.126281944482267e-06, 5.972716081126349e-05, 3.8621940347710575e-05, -4.635973958831681e-06, -2.9855318634860526e-05, -2.2045997678042604e-05, 1.967894378030911e-05, -1.074352264114842e-05, 5.081620950610525e-06]",7470,1,0.016653776168823242
sphere,10,28,9.811711310355278e-09,"[-1.6671362168478384e-05, -3.791321314541114e-06, -5.8500906324169034e-05, 5.122952477905694e-06, 1.8918163217253807e-05, 7.254059883833253e-05, 1.0481559133523502e-05, -1.7141532745389227e-05, 6.65870192926418e-06, 1.6532622902610023e-06]",7020,1,0.015545129776000977
sphere,10,29,8.499842920598241e-09,"[-5.846440352412567e-05, -7.761163363568833e-06, -6.625002302361113e-06, -2.131241432782405e-05, -3.171117500496295e-05, -4.649366084805063e-05, -7.992534316107835e-06, -2.782259050553849e-05, 4.455203230784481e-06, 2.232321710940725e-05]",7800,1,0.017425060272216797
sphere,30,0,0.004405452015335715,"[-0.009213088070751472, 0.010237980977870868, -0.003945518166377162, -0.0007150711667847885, 0.011868861935158941, 0.01717167224430146, -0.0034816834068246644, -0.023327003570602238, -0.0173115464654374, -0.008001989233750837, -0.0016502165923099965, 0.007607445112304076, -0.01316083797607311, -0.010368884419558836, -0.006226556451905123, -0.0014662965252722246, 0.0027582730700655067, 0.006129279828533206, 0.016120209884058573, 0.021941952633369996, -0.008877003891724496, 0.014675493420800191, 0.013018388906022013, 0.01252775337743471, -0.009049023189572934, -0.01842428189668278, -0.0019485669133152768, -0.023257018709162327, -0.009310085617869458, 0.0013878324366561135]",15050,0,0.03477907180786133
sphere,30,1,0.004900307409837254,"[-0.001634198513514231, 0.0019118257984174379, 0.0029604365974962455, 0.007299976278111832, 0.00894329751916763, 0.005021855546049817, -0.010654681311881261, -0.01099003343983624, 0.01897372304595105, 0.004835598328293002, -0.010912217200430755, 0.014281017820192601, 0.001706859290663003, 0.00767635080548874, -0.0029928530467538805, 0.006943481032203765, -0.008496933449562805, 0.00673747519724275, 0.007460757652434627, 0.023254403515020047, 0.006566870756391218, -0.009573642320131115, -0.0034933969558198943, 0.003272877258126946, -0.01764048060990226, -0.0048422223893680155, -0.015382711975832807, -0.02494395197773208, -0.03899116124515349, 0.009028662947859038]",15050,0,0.03501391410827637
sphere,30,2,0.0051433274957124134,"[-0.0065324304532455085, 0.01069395534149231, -0.0009470097349332175, -0.03723297566756772, 0.0045345098726872635, -0.023163338745768466, 0.013553734831420704, -0.02044145300966361, -0.013856555364121519, 0.008679354408337926, -0.006026222907316054, 0.0029353865565708713, 0.0038393752900725536, -0.021881737527850817, 0.0037351703403908547, -0.013560833569838225, -0.014440360609514554, 0.006350159443963719, 0.02192589917018169, 0.0076388594109869454, 0.010445537375467388, -0.010528554648708622, -0.003451329845794596, -0.0037536653914446117, 0.005514337125064571, -0.00012401760044190413, -0.010727211175486216, -0.0032906872884657496, 0.010736940097332823, -0.011457048020419617]",15050,0,0.0348200798034668
sphere,30,3,0.006209513637435616,"[-0.011606684023489784, 0.005048664163010037, -0.013739049919751741, -0.015620612932553336, -0.002926120749533704, 0.0021271423325380204, -0.02726795567919965, 0.008768621746676504, 0.013866312918060321, -0.022227067260405742, -0.010808195950537617, -0.02197353198758788, -0.02041236950581794, -0.009826092665188808, -0.017816192926420824, -0.02083503588520573, -0.010009351294734379, -0.018950381098070866, 0.008053538506459733, 0.000500805294304723, 6.821979257055563e-05, 0.003916227173122706, -0.004073428639698299, -0.012261935014178582, 0.027837463965130427, -0.005094249088783833, 0.0005152667476077764, -0.01922101400111493, -0.017195765361693937, 0.007703114868727571]",15050,0,0.03608202934265137
sphere,30,4,0.003413522003922165,"[0.0004940148616214136, -0.0035079534731078457, -0.0028518927139923825, -0.005114043180453784, 0.01154694013659046, -0.015260168183550402, -0.0038033463232725238, 0.009126046746891579, -0.006699604977493267, 0.002495282505968484, -0.005805143903874718, -0.009334361848628308, 0.027018681856657237, -0.0032435297948083287, 0.007584156877176937, -0.00016633716011849948, 0.004757437913051732, -0.007991919044197958, -0.0021826018332977344, 0.005181950930933504, -0.002830646057875281, 0.006030920346074772, 0.008290525709453465, -0.0015432513412831183, 0.030731026976385578, 0.0007809380386358028, -0.0035253716698789984, -0.0052492368567002125, -0.010935136869095802, 0.024382937932450353]",15050,0,0.03494691848754883
sphere,30,5,0.0023772563928466154,"[-0.0012744183528681007, -0.004698687988177082, -0.002431677055344427, 0.002526806281754548, 0.006864113869582031, -0.003568903017692503, -0.03153056682568362, 0.00457423223860496, -0.0008780379983560445, 0.0038803100086991812, -0.004838387489644953, 0.0016104309534486771, -0.003284352481361009, 0.003204896224751696, -0.004865331697268366, -0.014717733363612102, 0.007548205344604403, -0.003750929543140118, 0.0203387285174303, -0.002588945886764813, 0.010885387005851324, 0.009459127274060664, 0.01189126642029005, -0.00016829367890150047, 0.0024200274182792914, -0.0019174279694854424, 0.0008286007911362742, -0.008670974938336056, -0.005812601290686412, -0.0017692521166274011]",15050,0,0.03459525108337402
sphere,30,6,0.007436136087089532,"[-0.020215050846331892, -0.03682144812007947, 0.0067534380270689795, -0.002290298065874871, -0.02981173918480108, 0.018951213541312694, 0.008733753904125651, 0.0039032830582503876, -0.006052666868409565, -0.006199165009531372, 0.015496192899372204, 0.007282966718345487, -0.028033899315798968, 0.02446738086435659, 0.03281620133639248, -0.013560484447692634, -0.005087570102697895, -0.011480266932449006, -0.011825201968044508, -0.009249969057378366, 0.0026603249374507303, -0.010591080588789907, -0.000823496202746141, -0.001053431684636542, -0.019899434692750084, -0.008343429827323567, 0.013098550749397522, -0.00718712455159986, -0.006287748391860462, 0.005946060974954738]",15050,0,0.03490304946899414
sphere,30,7,0.002989724329893031,"[0.002392104067849673, 0.010899093599122278, -0.011369468869829953, -0.0012938250232865864, 0.012918851380539643, -0.004382801153902945, 0.01196496574934822, 0.007729927352643864, -0.01003096556865666, 0.013076387941706078, 0.0072410993492517915, -0.013211862309143865, 0.0059464634722909675, -0.008690803256082692, 0.00457209675663269, -0.004329517449290743, 0.0023029104609134103, -0.0015299174384250797, 0.005697696243269056, 0.0069760056884032706, 0.014932919253054365, 0.014401994941056193, -0.005779344965903426, -0.011736631015169098, 0.0002944694662533748, 0.00984536634907615, -0.004475891634577161, -0.02149598775940162, 0.016387881762155533, 0.012573541546812433]",15050,0,0.03469514846801758
sphere,30,8,0.00505465325642321,"[0.00460691907244452, 0.001280676380590505, 0.003572055272642336, 0.032683545801006006, 0.00897356037295546, 0.006397276048234397, -0.006955707642519122, -0.015855589278507342, -0.031390137738871435, 0.002616679468588599, -0.001994819769930994, 0.010311419221216997, 0.0015374519272600687, 0.008492219304579732, 0.01804613828994335, -0.023415857159565224, -0.004787305579993258, 0.002564419322680855, -0.0011782858629855305, 0.0006150759495919156, -0.016231828302711786, -0.0043100852765566525, 0.0023029267115373163, -0.010523634076197667, 0.001255511405369838, -0.020282171794746198, -0.020246577676626024, 0.0010178105111194255, -0.014997621176902749, 0.0006728901461849015]",15050,0,0.03464794158935547
sphere,30,9,0.0035677642027841803,"[-0.015552581716296157, -0.01322874371805232, -0.03475194408326823, 0.00868992661664945, 0.0008019900581316816, -0.0013063697914296479, -0.007641000113713187, -0.0119960350922224, 0.003937854701438463, -0.0024784507531285613, 0.006291549403518844, 0.0037960869555357917, -0.005907226142197124, 0.020903343296307463, -0.007878927562103592, 0.013707674188831226, 0.009349476607100818, 0.011860786886914155, -0.015391396964756662, -0.005476720086617775, 0.0005747035865953983, 0.002350662155034434, -0.005503879541739425, -0.006057139228502543, 0.004213713562839425, 0.010660714119970844, 0.009970844353728987, -0.002468865606765745, 0.007456431896417417, -0.0022864574811433187]",15050,0,0.03524303436279297
sphere,30,10,0.011188249455303667,"[-0.004222145544703233, 0.004984496008971877, -0.00030790648063948236, 0.002943739652135543, 0.025105441821087728, 0.013345833882776263, 0.03478342837853692, -0.026099253652061474, -0.013720622224264506, 0.0021125530598201034, 0.006489715280493211, -0.003922515872735114, -0.05272687742672913, -0.01653463904859009, -0.010765946080306413, 0.014018999612256566, 0.021334184541518347, -0.02885725685809171, -0.013335181829177504, 0.01355501905979226, 0.02345205705957477, 0.003977609656305673, -0.013557108359317942, 0.018451768317502414, 0.014693507815768671, -0.04215516896956502, -0.0025688064115490976, -0.00561780048977201, 0.0021947792979404718, 0.00676148034250151]",15050,0,0.035362958908081055
sphere,30,11,0.0034234007344676,"[0.006363379081960269, 0.0027129150286598824, -0.0038668931735901767, -0.00026163716136802344, -0.019923399488259805, 0.011002684488736475, -0.011781802468408969, 0.003933529173511977, -0.0038412599386860174, -0.004235326688736892, -0.0004575766879883155, -0.0035317022626473837, -0.018483422007629823, -0.00781228766411614, 0.004449226661941114, -0.024242704064420802, 0.0007067772899617031, -0.004180714493335843, 0.009147747456540919, 0.003225428856684955, 0.012975266044735975, -0.01014873210004073, -0.022559036412545794, 0.003507524390656817, -0.00889504233677138, -0.0023222415455317245, -0.0064134615832542995, 0.011463082641109991, 0.004271798038211522, -0.02127831166202402]",15050,0,0.03526592254638672
sphere,30,12,0.0047522605389443764,"[-0.0007115279915011077, 0.00015101933484503154, 0.011863009392762684, -0.022877103961351557, -0.009426722082511814, 0.0004465542234568763, -0.005350963348335463, 0.014296853952781824, 0.0009272026366661457, -0.0014642672022814247, -0.021363966384506976, 0.01022721995988571, 0.0011947631253840622, -0.01227398744503197, 0.005844025559415126, 0.0023531651198518927, 0.006133227590128109, -0.015148273261407112, 0.007297451093558751, -0.011578075042770695, -0.01590175896089575, -0.0012485969871897837, -0.006887284163414261, -0.012829672045842523, -0.010239375163720907, -0.0048826928610169445, -0.04183900331684993, 0.005143499981550824, 0.010509464797310731, -0.008533030533581475]",15050,0,0.03525400161743164
sphere,30,13,0.004808554325793165,"[-0.010222849726999985, -0.012717720565336717, -0.004555676251283983, -0.009792940497358307, -0.027690657520685946, -0.009852659799900902, -0.0019195499290041726, -0.01654310651735253, -0.006216377540522931, -0.0012772613122926527, -0.006350971994523499, -0.017637684023419073, -0.005869703281363452, 0.012552046526552998, -0.023509300804702354, 0.010319270513955692, 0.011789037090046256, 0.020921251790363218, -0.0074492764125406105, -0.009023364831653188, -0.013770523091393769, -0.015004428412051777, -0.012736215733897684, -0.005204790497052026, -0.00986235117960372, 0.007723227302547807, -0.0036292900563661577, -0.007173256507478262, 0.006569783720089624, 0.021429132770843545]",15050,0,0.03499007225036621
sphere,30,14,0.004600674051402692,"[-0.014438346085052666, 0.005448250231522184, -0.02982371003761155, 0.0019589565464868328, -0.023254367135021797, 0.004375010954031172, 0.00047299821588791375, -0.0053365683859469965, -0.010403710661403193, -0.0025670840695623835, 0.013747451795519502, 0.004653488094994503, 0.005427314854191997, 0.025276498640727743, -0.005491510316490277, -0.00033061707187332853, -0.0021195325550858457, 0.005648489658092337, 0.0036488847164373728, -0.011690904969950108, -0.003908407330413494, 0.009433942652225283, -0.016188832308350165, -0.01974721902163409, 0.007663504056098292, -0.010073777446552953, -0.013674550686104157, -0.0013210485638471708, 0.023335707412227444, -0.0045086130527903934]",15050,0,0.034976959228515625
sphere,30,15,0.004994846214431536,"[0.018943042714812824, 0.011794321052476065, -0.005919507664366627, 0.018459032844262035, 0.02274863240744862, -0.015542061624543545, 0.0036504511814880944, 0.002024325165895584, -0.0026626943994118944, -0.005095612433248473, -0.003542832252688413, 0.00014625969033653895, -0.00828123437353048, 0.0005041706212131217, -0.03809582026768266, -0.001617393665701601, -0.0036365134230312577, 0.010020344603601357, -0.0050044744431196105, -0.014098863259909368, -0.009046087528132024, 0.005037982845521009, 0.004377705321805894, -0.027508230823058043, -0.004074449327093391, -0.006364028157845744, -0.0008012702428862087, -0.0132276091172613, -0.014784896859005189, 0.010219360533108719]",15050,0,0.034963130950927734
sphere,30,16,0.0025042621205835615,"[-0.0003330226486726179, -0.004507810366881528, -0.0035580623622823264, 0.008138509764390492, 0.009353876166179484, -0.00867231961394915, -0.00028435032757974203, -0.009915614603292648, 0.015672426055464723, -0.004074500940724979, -0.02147887126168628, 7.4217339134697875e-06, -0.008461578744325595, -0.014666099756750803, -0.0011248893151980513, -0.005783888202467461, -0.004525959868956924, 0.0004294571431889384, -0.02079956948611455, 0.0103554305670162, -0.008887865573314948, 0.009696195272053076, 0.010411141710086995, 0.0014962313257057182, -0.01166341190252504, 0.0076601603600453495, -0.005106899684108463, 0.004843179039460042, -0.001180191767909347, -0.0030069436522444795]",15050,0,0.03482699394226074
sphere,30,17,0.006453520341577354,"[0.02238093423516139, 0.039660758073532275, 0.019457156898378535, 0.009787810283970624, -0.002808286029324245, -0.00489743155943276, -0.010654819780234484, 0.015188988657090272, -0.0070199063600216395, -0.012904508203163, -0.018434847297124173, 0.01073712443670747, -0.0017492753884392933, -0.0035166526238197544, 0.002866300240856873, -0.007395498557806995, -0.0004249580515785956, 0.013732624086291197, -0.012163351400725834, -0.011564392705823403, 0.013135369436631324, 0.013866221968765217, 0.007346068297588049, -0.010076845592618565, 0.010520786968644863, 0.004579293768203752, 0.015374962094809048, -0.008067020891700572, -0.03666087680839803, 0.003460507227007515]",15050,0,0.03479790687561035
sphere,30,18,0.005082251534575234,"[0.010381033396726393, -0.01885927642452107, -0.011001440567932891, -0.008376920469983016, 0.002196256310271919, 0.004900720039656751, 0.007119795294871835, -0.022711198176611234, 0.0046453766191982045, 0.010825096164606742, 0.0061654809344851395, -0.0017982851370014702, -0.00393523347102619, 0.040127799899101355, -0.0021492808585643836, 0.011443268978653495, 0.013603750566151828, 0.004176635450161272, 0.005300678523267225, -0.0020295639040856794, -0.01204612669754169, -0.008785480403796665, -0.02074126461971154, -0.004883247525837057, 0.006265070321004856, 0.0038862097883146543, 0.00035895416166511714, -0.009785597017233492, -0.008416644313446998, 0.027546902440114235]",15050,0,0.034864187240600586
sphere,30,19,0.0020167682155942013,"[0.00692632383697063, 0.006270714011629314, 0.005811795250061564, 0.0004984247490365072, -0.009885191482364325, -0.005535401419088648, 0.0048324975021421, -0.012326354275800193, -0.003504841101729948, 0.006140602668018358, -0.013589586376153432, 0.005043884728373339, -0.009039929862264668, -0.003938003482606891, 0.010851896006135304, 0.0063431468785713225, -0.01002342597945077, -0.004615097355867849, -0.0034462581072973383, -0.0034937598922891878, 0.0005314804162361234, -0.016259173247821276, -0.0015846171421252978, -0.009000798288922224, 0.0020749322483526594, 0.006186443147311239, -0.0024993691720096405, -0.0038763125090899883, -0.007085061237631342, 0.02164239839062356]",15050,0,0.034803152084350586
sphere,30,20,0.007203412796357603,"[0.019287371742990188, 0.017664305636854758, -0.0014080035838348152, -0.01695226243502029, 0.010624873229694692, 0.00536733201500407, 0.000995040735132454, 0.008810843518724432, -0.0010521990752635326, -0.011870631705977797, 0.0159535266110391, -0.009368525587767908, -0.016774940475517235, 0.012922509987502735, -0.006136787853854048, 0.0030986896803717884, 0.008817327185225945, 0.01586375575166203, -0.009898505691569777, 0.007452318370985207, 0.03704731367490373, 0.0015879761558713146, -0.00391761283455333, 0.030467732219407555, -0.01245143442987129, 0.03682090793606409, -0.01196939321265389, -0.018729598147033625, -0.002554218849174155, -0.014722958471459088]",15050,0,0.03476572036743164
sphere,30,21,0.0030112444502961412,"[-0.0071892846450346245, 0.0038584866595320765, 0.0001910943893152755, 0.0046960357521011725, -0.016644945551327367, 0.004285268988396512, -0.01625076114879811, -0.001698854105533527, 0.013933189682482354, -0.0019468816968237588, -0.015022492812263368, -0.00013788172510054847, 0.008467157920867855, 0.01163363956632677, 0.011497375837656245, 0.006161954726195235, -0.0018568326060240765, 0.004907027936310803, -0.01306060321660564, 0.006224577384129576, 0.00477868108610001, -0.0191162137335215, -0.016618299198384902, 0.012850967746665066, 0.010561406141596754, -0.0069202461849665955, 0.00040828309471548216, 0.008314621948114031, 0.005838030405663669, 0.015170062538099459]",15050,0,0.03473687171936035
sphere,30,22,0.00504711855692754,"[0.018820851357993273, 0.006126451812350919, 0.00822996579342735, -0.03201925975364981, -0.0052286359887320335, 0.011631389742527193, 0.0019459687587956608, 0.011807144618287684, -0.0011748190635942216, -0.016328762249266632, -0.0009341581137671884, 0.018560906637158994, 0.0007411923788624049, -0.0008260203687459888, -0.008904604260859329, -0.019954153331947933, 0.008777025757457903, -0.008883131570649593, 0.003919664057593837, 0.018715407293659236, -0.00412985346851992, 0.022124956175750828, -0.005533087681351932, -0.011334512135845829, -0.0005899873449819286, 0.010078852545733867, 0.013554580776716604, 0.017540990829017854, 0.013305942720633377, -0.014382873395085437]",15050,0,0.03511500358581543
sphere,30,23,0.004440552072813495,"[0.009069529597148181, -0.005650214420221084, -0.0003299479687101171, -0.017662111190877537, -0.010459350819114126, -0.009580505020934452, -0.011785128573538558, -0.003226968050655657, -0.016109744883647335, 0.002493466727043322, 0.00981831783193203, -0.011218673701287065, 0.032881234618198994, 0.007915649999004523, 0.0008303590986938614, -0.012155221801506227, 0.0002193245422506679, 0.007332284849116789, -0.007995729867987928, 0.011160982999507834, 0.01634685514811915, 0.0269060217755845, -0.01020983796203549, 0.007102868044776204, -0.011086399094593533, -0.010299378900495352, 0.012525012434224988, 0.005892823291874554, 0.0007879043737912565, -0.00861343695463964]",15050,0,0.03488779067993164
sphere,30,24,0.004148512322252877,"[0.008617566949349877, 0.006281021422705139, 0.020252903315286147, 0.03211026093988956, 0.00014979265364358733, -0.015622567096305667, -0.0038872828147839835, 0.0008214418192161667, 0.020730504852781512, 0.005702393926192915, 0.0004026188674070407, 0.008683391790531968, 0.002834363820005407, -0.013384580398572661, -0.004204439357770163, -0.01662132158419285, 0.0008643809896936305, 0.00028611568066596715, -0.007570494535755831, 0.01117434399176236, 0.003070675235234455, -0.0017598844352468487, 0.016125890689767945, -0.006511400129600228, 0.002546762380714607, -0.001047988265840999, 0.005086635445370374, 0.02788694555685794, -0.0006994572258178271, -0.00226069258837662]",15050,0,0.034751176834106445
sphere,30,25,0.0038932621047871965,"[-0.006392341070432345, -0.004163615376767553, -0.010628719511763304, -0.02699435854147802, -0.006906655502858328, 0.0005635112475789424, -0.011542798786278006, -0.01364650022899059, -0.03902130684910254, -0.012960943591164427, -0.01242068467116651, -0.003174281294769035, -0.00725949272785802, 0.00586206441635437, -0.0050980469488230915, -0.010581513250077492, -0.0012896520353335062, -0.007996130223975552, 0.005185043590584469, 0.006462414181032109, 0.0029694029603263396, 0.0024447788531133177, -0.002240743651339267, -0.007510711413332145, -0.0032504997072234816, -0.005713799352485829, 0.0015271006758243058, 0.011855607847451178, 0.0054145435656826136, 0.01095460883776775]",15050,0,0.03486323356628418
sphere,30,26,0.00621843533158008,"[-0.018358215197358547, 0.019752007063526644, -0.029978974864235567, 0.014994390992709253, 0.00545822636759518, -0.0022684053208247533, 0.02524607446923764, -0.0073578407951739614, -0.0004443188384242935, 0.009239852330329994, 0.0007194428103838872, -0.004023622307636536, 0.014341610676412948, -0.01026214671975077, 0.012299319578987512, 0.0077248307972561745, 0.0037390361941152936, 0.019120040191459433, 0.013378068812727812, 0.005251855363659691, -0.021981294216048358, -0.01360435650319793, 0.008489936104282787, -0.015559326753086113, -0.011351281497906892, 0.003872852854019805, -0.021307444875161775, 0.010470355552452603, -0.027034811492579906, 0.003183388705590736]",15050,0,0.03469514846801758
sphere,30,27,0.012881906387413447,"[-0.007555544553420574, 0.02903715235454411, -0.016624157246902197, -0.013838609068816341, 0.0022114670646098183, 0.01501724178713608, 0.01724404219249027, 0.01229070991054762, -0.011180320624864029, -0.003833440292858382, -0.019568098433799006, 0.0190110576030338, 0.02257415310925518, -0.013161516920620966, 0.024006008345458404, 0.03040811625069262, -0.012977584833451024, 0.017961149674608462, 0.015867867545620095, -0.06137924179126756, 0.010219997049333497, -0.018505186004145427, -0.002010028374526747, 0.0014303421591789992, -0.01583602714197386, 0.009824970049850648, -0.0016455947406015742, -0.04610562648977444, 0.01221600504786211, 0.013379356749747495]",15050,0,0.03477597236633301
sphere,30,28,0.0038735463532141327,"[0.00010157284609571635, -0.0007671573461890657, 0.016449248075368527, -0.02711677827860986, -0.001866851502965888, 0.0010488595458856577, -0.007250481714984807, -0.01328548314943949, -0.015096017670963541, 0.012590218771749501, -0.007588148509726347, 0.009573099706146363, 0.0025219150705489235, -0.004589560846207839, 0.009735060415965571, 0.004715653513915303, -0.016131107735273938, -0.00015162734730974898, -0.0020876180537944865, 0.009753057830662694, 0.011549205749046651, 0.01951053388653255, -0.005258379823496258, -0.022348443768337917, 0.01916752563187348, 7.377031758352363e-05, -0.006106721035456866, 0.010308967981925968, 0.004869674686184346, 0.004217370142327487]",15050,0,0.034853219985961914
sphere,30,29,0.0035958956448970555,"[-0.00997680819767101, 0.004361032822008039, -0.006204591107385604, 0.018798839418880886, -0.015740435782056816, -0.0033341090081637336, 0.009585271976449898, -0.010617585336370736, 0.013344750045884595, -0.006341377916366199, -0.006913753169807416, 0.01942573942722373, 0.0003007220079625593, 0.016922799368059974, -0.00980649187754048, -0.005140966871712484, -0.01313030334323766, 0.008047855121510666, -0.004622339206311723, 0.001534286451840025, -0.003399384163879561, 0.029602046307077957, -0.006320205818341303, -0.005350584142941841, -0.006790318167777422, 0.007163125882565105, -0.008999674780551586, -0.0027438696632282973, 0.012007193545121728, -0.004692296278961398]",15050,0,0.035035133361816406
rosenbrock,2,0,1.9918318112598997e-08,"[0.9999170781617407, 0.9998227429163059]",9030,0,0.047347068786621094
rosenbrock,2,1,5.9387683740386125e-06,"[1.0024369525907213, 1.0048803956857661]",9030,0,0.047235727310180664
rosenbrock,2,2,2.3547918573039437e-06,"[0.9987347625254811, 0.9973842946617981]",9030,0,0.0478510856628418
rosenbrock,2,3,3.04417262190589e-07,"[0.9995147156996401, 0.999055918835302]",9030,0,0.047591209411621094
rosenbrock,2,4,7.838472136712085e-08,"[0.999725379727784, 0.9994562831995457]",9030,0,0.047554969787597656
rosenbrock,2,5,3.3764087078040094e-09,"[0.999970691436252, 0.9999464011180653]",8250,1,0.043415069580078125
rosenbrock,2,6,2.0871998885960074e-09,"[1.0000173319047971, 1.0000304370484037]",7200,1,0.03788185119628906
rosenbrock,2,7,1.3190573079566304e-07,"[0.9996371075186548, 0.9992728811983967]",9030,0,0.047144174575805664
rosenbrock,2,8,8.026223455887087e-09,"[0.9999166253944963, 0.9998299791756727]",6240,1,0.0326230525970459
rosenbrock,2,9,1.1844566887132184e-07,"[1.0003170227125988, 1.0006475408039492]",9030,0,0.0473020076751709
rosenbrock,2,10,3.4579133405573296e-07,"[0.9994154857418898, 0.998824883198146]",9030,0,0.047324180603027344
rosenbrock,2,11,2.614641216350083e-09,"[1.0000277062795564, 1.0000511156491343]",8760,1,0.04589486122131348
rosenbrock,2,12,8.474388890174528e-07,"[0.999080309340823, 0.9981574545494125]",9030,0,0.047213077545166016
rosenbrock,2,13,6.407411080575333e-07,"[0.9991998786721934, 0.9983980588020156]",9030,0,0.047380924224853516
rosenbrock,2,14,8.564876488542167e-09,"[0.9999596522369193, 0.999910977275631]",8100,1,0.04221987724304199
rosenbrock,2,15,5.92994040857281e-08,"[0.9997626701678066, 0.999530850058936]",9030,0,0.04758882522583008
rosenbrock,2,16,5.432337502536739e-08,"[1.0002022400709443, 1.0003929355655041]",9030,0,0.04797077178955078
rosenbrock,2,17,2.5937165151959195e-08,"[0.9998413005031909, 0.9996853677879153]",9030,0,0.04772377014160156
rosenbrock,2,18,4.910934356602461e-09,"[1.0000480597306147, 1.0001012219637575]",8370,1,0.0439000129699707
rosenbrock,2,19,1.4066972148523073e-07,"[1.000373796847188, 1.0007446582948556]",9030,0,0.047431230545043945
rosenbrock,2,20,4.234600594941373e-08,"[1.0002057814517156, 1.000411606139641]",9030,0,0.04715681076049805
rosenbrock,2,21,1.5343082683356288e-05,"[0.9979116234186, 0.9961589956301365]",9030,0,0.04726815223693848
rosenbrock,2,22,1.724520026676451e-09,"[1.0000177118102496, 1.0000391800116883]",5880,1,0.03079676628112793
rosenbrock,2,23,2.9603270558495588e-08,"[1.0001720401405292, 1.0003438761994898]",9030,0,0.04734396934509277
rosenbrock,2,24,1.6694483283582923e-07,"[1.0004028269230807, 1.0008126537343391]",9030,0,0.04727888107299805
rosenbrock,2,25,4.393537532602303e-06,"[0.997905022975979, 0.9958212236960695]",9030,0,0.04729199409484863
rosenbrock,2,26,2.2662192148330857e-09,"[1.000046582876203, 1.0000921868267612]",5010,1,0.026224136352539062
rosenbrock,2,27,1.0141376502648677e-07,"[0.9996816993079165, 0.9993644920725127]",9030,0,0.04723405838012695
rosenbrock,2,28,1.7958127119494355e-09,"[0.9999942519855558, 0.9999843054650698]",8880,1,0.04624295234680176
rosenbrock,2,29,2.631801017865731e-09,"[1.0000377467275288, 1.0000720207100746]",7830,1,0.04095792770385742
rosenbrock,10,0,8.6527674279907,"[-0.8851327865467689, 0.7970346945426762, 0.6439064722028465, 0.4206718793094326, 0.18085662997685484, 0.041122993993110785, 0.011065417124659395, 0.008688897881490415, 0.009593425839924395, 0.0007613586960393216]",9030,0,0.04848790168762207
rosenbrock,10,1,6.042971608865352,"[0.7990850870207408, 0.6490284231679614, 0.437587443857042, 0.20516563862045883, 0.04921507509078427, 0.006414275033441522, 0.006853450897258479, 0.006138631297861118, 0.005260551524896054, 0.00486197341617317]",9030,0,0.048578739166259766
rosenbrock,10,2,4.5066726943000415,"[-0.9893793366221219, 0.9882481372645581, 0.9831458870252707, 0.9687956285735486, 0.9440852305135942, 0.8943439145453583, 0.8024015023472114, 0.6423982768121853, 0.41045719534674674, 0.16804315224097868]",9030,0,0.04857230186462402
rosenbrock,10,3,6.2335785505435695,"[0.7806213112784968, 0.628951443865412, 0.4116565599060088, 0.1601703406205402, 0.02738697304317703, 0.01774123803376347, 0.0005773520065318756, 0.003762368097298676, 0.00798828027630654, 0.001820193680547953]",9030,0,0.048631906509399414
rosenbrock,10,4,6.164036330468678,"[0.8018348031587668, 0.6335816643263861, 0.42695843842364983, 0.19834769260513382, 0.030634336166660097, 0.013535971629391606, 0.007241424047182006, 0.0015451750169861622, 0.0161555565431597, 0.004501626446362277]",9030,0,0.048696041107177734
rosenbrock,10,5,6.293684474153814,"[0.7654184079167681, 0.5977823602582789, 0.36812313354317067, 0.14910414298208288, 0.03369091485992863, 0.010577793046702701, 0.011481507521511662, 0.010723166735959985, 0.011728927514891005, 0.006763021199118478]",9030,0,0.04859328269958496
rosenbrock,10,6,5.350960567005379,"[0.874569283523164, 0.7652316085660985, 0.589296985796599, 0.3550280757965323, 0.138570164036275, 0.033859904092453846, 0.008677065159460772, 0.007384941051496779, 0.010848994247532898, 0.00804191354292448]",9030,0,0.04849505424499512
rosenbrock,10,7,4.1965174421931355,"[-0.9903907232013675, 0.9921243867887618, 0.990010966857685, 0.983048111434, 0.9692149212357308, 0.9390261137145981, 0.8839804645752186, 0.7816499137939874, 0.6139970226166275, 0.3744851123798371]",9030,0,0.04845690727233887
rosenbrock,10,8,6.072770369816649,"[0.8055240994412263, 0.6551008245584388, 0.4283528235534586, 0.18070012314255826, 0.031975295281355176, 0.012394870781140916, 0.021850584152854992, 0.01394279212041744, 0.005551792508301586, -0.004131217892655477]",9030,0,0.048648834228515625
rosenbrock,10,9,5.406421355474785,"[0.8725626212181654, 0.7681580339145279, 0.5802193426057252, 0.3467099390687437, 0.12912511141081964, 0.03245584962140358, -0.00025625734800146415, 0.009927993527082074, 0.00962174971455327, 0.0030551766436131395]",9030,0,0.04840493202209473
rosenbrock,10,10,0.37130471323514025,"[0.9886054571738011, 0.9931552862054538, 0.9930595187715533, 0.9870031954809891, 1.0077483103826812, 1.022331998597265, 1.0509811416025872, 1.1212904923574003, 1.2778619142564194, 1.6564417581893172]",9030,0,0.04836392402648926
rosenbrock,10,11,6.019013039637411,"[0.8192295108491615, 0.677889275033479, 0.4540047998796196, 0.19021720762806232, 0.04490231208938463, 0.017161205175457904, 0.01674482820449099, 0.018277139344955323, 0.01198588890371119, 0.008699807894898583]",9030,0,0.04842805862426758
rosenbrock,10,12,0.47868985248318885,"[0.9972380710754064, 0.9951162167402545, 0.9895578809251621, 0.9799807784099329, 0.9591809369458776, 0.9194900377346589, 0.8225575797870502, 0.6844046258613757, 0.472739564739363, 0.22217559989054114]",9030,0,0.04848194122314453
rosenbrock,10,13,5.058775762159659,"[0.8982064221550415, 0.8034081446949638, 0.6512001558061454, 0.4338651660970472, 0.1933489702368526, 0.042532119555774885, 0.014427523890224274, 0.016104627749317785, 0.01475079526829672, -0.0090329870736638]",9030,0,0.048345088958740234
rosenbrock,10,14,6.870153021995315,"[-0.9654338751967352, 0.9430961437547165, 0.8949186373840073, 0.8166068667361132, 0.6726348329992342, 0.4583705658527326, 0.21096074457069852, 0.05641160885435322, 0.014607345324166614, 0.0029372671078195666]",9030,0,0.048332929611206055
rosenbrock,10,15,5.963027116985691,"[0.8126039715174994, 0.6649895444133992, 0.44738189670464695, 0.2067176574162984, 0.04785219490624656, 0.011034079853842534, 0.016607349021062905, 0.005814262331688827, 0.01166113948474167, 0.0031041698885249215]",9030,0,0.048586130142211914
rosenbrock,10,16,5.1881426479621116,"[0.89604978439564, 0.808687587412233, 0.6538655283338535, 0.4154024317287865, 0.1625975003759152, 0.033400277073433515, 0.004651801422747169, 0.007775696340137495, 0.01153018954972983, 0.019639088504385505]",9030,0,0.04838824272155762
rosenbrock,10,17,3.801716410714239,"[0.9522740251138563, 0.9098651475334174, 0.8335888343010729, 0.6996865813732582, 0.4938297598309365, 0.2585534139456593, 0.07877651186469349, 0.015258535423671914, 0.010040743066712862, -0.008346033235076815]",9030,0,0.049044132232666016
rosenbrock,10,18,5.890079471046938,"[0.8171032138410207, 0.6794206481712652, 0.4700101814964364, 0.2308448532913325, 0.06110410724646256, 0.020806640604841255, 0.01602499398126376, 0.01277216463012236, 0.014670396008443214, -0.0014781200805237325]",9030,0,0.04846525192260742
rosenbrock,10,19,3.935116608928472,"[0.9467564940691017, 0.901963959887933, 0.8196372302221584, 0.6801429395165919, 0.47583659097550607, 0.22837506580729075, 0.0489512582542674, 0.015085243738666487, 0.011216842329076512, 0.006826439174541699]",9030,0,0.04856514930725098
rosenbrock,10,20,6.262432920165043,"[0.7723777823607749, 0.6150813412007302, 0.3876643135322499, 0.16047450889069684, 0.021422331363710717, 0.014322825547692328, 0.011465838110832344, 0.009697241328222342, 0.011568417172607488, 0.009701566165188844]",9030,0,0.04852890968322754
rosenbrock,10,21,5.639787409138327,"[0.8415428529103712, 0.7304970710321956, 0.5470399642566015, 0.3150697724557986, 0.10201074345635046, 0.01890140682945532, 0.002756423575577917, -0.002310149962147968, 0.016898095943715802, 0.005601010480743366]",9030,0,0.04837179183959961
rosenbrock,10,22,4.105871258126573,"[-0.9913128387836522, 0.9933444127202576, 0.9925017288724027, 0.9883135546955066, 0.9781188532211436, 0.9568157929912066, 0.915627299640068, 0.8376276969427606, 0.7028398643256426, 0.493141639295523]",9030,0,0.04850506782531738
rosenbrock,10,23,6.261116166384896,"[0.7860397172375758, 0.6166465850455873, 0.3867667249038809, 0.13952090690419122, 0.01764845237151487, 0.008675845330620883, 0.00945363784868012, 0.018833933269675012, 0.017337969665277043, 0.0009324025480000123]",9030,0,0.048341989517211914
rosenbrock,10,24,6.006780726392903,"[0.8271928263221653, 0.6926479411690887, 0.47928592521943986, 0.21697820897541042, 0.03919059700356113, 0.011882085182105767, 0.014773441266329172, -0.0021391755808587735, 0.026699877814395433, -0.020006366052093084]",9030,0,0.048438072204589844
rosenbrock,10,25,6.567577284433907,"[0.7327629378576063, 0.5503811208557012, 0.30663735884343013, 0.09821407074712188, 0.02443242742897858, 0.0044306502946031175, -0.005844493478215171, -0.0012788441855850884, 0.008967408252548008, -0.0066537666172581]",9030,0,0.049469947814941406
rosenbrock,10,26,4.505669587865085,"[0.9231964159956545, 0.860202836740196, 0.7506638739931332, 0.5702375520674076, 0.3224363322194348, 0.11858003137542533, 0.025662957279479145, 0.002832660683629388, 0.0026799830042530644, -0.0002926869733437783]",9030,0,0.05274391174316406
rosenbrock,10,27,6.816756329117532,"[0.6974054193408734, 0.4910913178793804, 0.24100593457397154, 0.06167240511515229, 0.015685853548013266, -0.0006396378769475174, 0.02909413206832318, 0.00931516472387459, 0.0001339049751076203, 0.007838183218467586]",9030,0,0.05191802978515625
rosenbrock,10,28,6.117809743224552,"[0.8062054112401795, 0.6548441567109564, 0.4379643303476396, 0.20818083637931067, 0.033249479631415675, -0.011921285271703238, 0.022625974582186535, 0.017267364880637737, 0.012572445233192241, 0.007409496821060046]",9030,0,0.05205512046813965
rosenbrock,10,29,6.162104860752022,"[0.7984156370150408, 0.6411027584873393, 0.41369715850948235, 0.17967595685460774, 0.02642898812594039, 0.0058980784111374845, 0.010793360171536407, 0.03237362403561417, 0.0037643714899326794, 0.002786583697000246]",9030,0,0.05054211616516113
rosenbrock,30,0,168.6831058741555,"[-0.03978641502961192, 0.04346631127383479, -0.013917731863369033, 0.04975305054652169, 4.806005645853831e-05, 0.04765618762123904, -0.012530594799291367, 0.003133763111424046, -0.0408324428213698, -0.0106596197231024, 0.0003621140156173999, 0.2813937054134873, 0.08570137363106167, 0.05302722698440165, -0.022430684203761746, -0.7126918861563181, 0.9484914602438866, 0.8691297086327657, 0.6872832845461158, 0.458110845339919, 0.17372598722503427, 0.18245138488554638, 0.5492261691880153, 0.7900418433771542, 0.9491700908436789, 1.0836803851625463, 1.2254231559759197, 1.4961948970430523, 2.1578152491007154, 4.6141367995821145]",15050,0,0.08580923080444336
rosenbrock,30,1,106.82066222215491,"[0.1424929717523373, 0.14616690276055644, 0.17959830206042415, 0.1642313702328866, 0.021005518940082856, 0.12885093326363128, -0.028871496696282764, 0.010450446969100862, 0.07248208546580998, -0.039381572318454516, 0.027480160435471992, 0.0069002515452008415, 0.08542950938104792, 0.17597790324981405, 0.217253034696037, 0.07515053704389578, 0.07148423856099882, 0.04047263590127145, -0.4085752145991257, 0.6690080257858692, 0.7844606623910578, 0.8747063377511403, 0.980831773644954, 0.9693741131955201, 0.8412714462831903, 0.6308225036323921, 0.31400650801544994, 0.21878571492782664, 0.07320515177043065, 0.16712683447283233]",15050,0,0.0868537425994873
rosenbrock,30,2,123.23565048594918,"[0.9603869025477387, 0.8125139491228244, 0.6580825064055323, 0.697780329664167, 0.8380879141014174, 0.7300435629899915, 0.6205396105088989, 0.3588856410855654, 0.18158212985676822, 0.06576570164356174, -0.013583853819500235, 0.30161964744489345, 0.0893285806640147, 0.09829439054509104, 0.03168606229799584, 0.2087152322965443, 0.016052079028818826, -0.044294583320366954, 0.13799683004247118, -0.019401921907301955, -0.5503989820814117, 0.8560554182956177, 0.9862786398039175, 1.0059347909956395, 1.0622651477680747, 1.0491898691974464, 0.9529542085058759, 0.9831017087664052, 0.941907685034166, 0.9348789999817944]",15050,0,0.08809995651245117
rosenbrock,30,3,200.12229453222187,"[0.7964371017982582, 0.708044749365092, 0.6865535303835772, 0.6514103946952492, 0.5515341631940531, 0.5183986669362035, 0.5595264232775279, 0.36928715451362815, 0.2732912816634009, 0.2362530212183611, 0.011343110127561364, -0.9264125637121455, 0.9867299242079234, 0.8579630428587498, 0.8476907360422, 0.8630417579793552, 0.8226787245473823, 0.7242916033612873, 0.5446856124899904, 0.4741133348436245, 0.34928826075618286, 0.08258887637523835, 0.294612651743041, 0.16000021909626702, 0.021515853201434267, 0.26478407263862425, 0.5660594493961294, 0.7698344080989128, 0.7542056925356474, 0.5905502049988084]",15050,0,0.08782625198364258
rosenbrock,30,4,148.53793942939487,"[0.7187016235810522, 0.4909590951953135, 0.1841694386202879, -0.5648408004937419, 0.4396817136301984, 0.3502978607453302, 0.3363646051401895, 0.29048757710150713, 0.4742067907893711, 0.7313089541569611, 0.7823561549176133, 0.8385328216800628, 0.9302845539899087, 0.960691322047514, 1.0146669674788735, 1.0267817473272127, 0.9616252167852788, 1.0003339536860931, 0.9924899406082606, 0.900885884051141, 0.9774625099496022, 0.9851527399621849, 0.9527734537284016, 0.8113510869384434, 0.673410472809532, 0.5260054215768268, 0.4390405047373236, 0.689911409691549, 0.5738332134824867, 0.38574488777306254]",15050,0,0.08880901336669922
rosenbrock,30,5,138.8317916215419,"[-0.853805863873349, 0.7995881345205045, 0.7183150753086797, 0.5227541228174061, 0.2759140973084235, 0.05568716604700441, 0.04488959268057224, 0.033741923742957286, 0.05766764266820574, -0.011171229386302247, -0.06252829623955349, -0.011257981693439773, -0.5453233199610074, 0.7552773491045238, 0.8471721248665434, 0.7241150043932036, 0.4799892046219815, 0.22500860158711955, -0.015616422112427515, 0.36886901997702437, 0.5397959117964519, 0.6379849149673193, 0.5144773621026685, 0.21742396446891696, 0.058711501840492925, -0.036678008289517165, 0.045416051709694163, 0.16977387792760912, 0.34463535228247416, 0.13864378563030053]",15050,0,0.08786606788635254
rosenbrock,30,6,115.32932905999738,"[1.0334323611213543, 0.9441963699320837, 0.7307114652417827, 0.6488444749659854, 0.6292281140218217, 0.6010926439556765, 0.471132751188312, 0.321369148680125, 0.062033624399476295, -0.6301600823549623, 0.8135251017668634, 0.9148517676062199, 0.9543000446854891, 1.0132244057139412, 1.0154991385921517, 0.9189694061258173, 0.9012578136147221, 0.6236686189140751, 0.45329224795490464, 0.14703713561315016, -0.11684289430134945, -0.06789644115586511, -0.024174389208567692, 0.09693792885020146, -0.16908080450487337, 0.2162836804136971, 0.03985827815126054, 0.022846929282642786, 0.07246892847819378, 0.09819214853242594]",15050,0,0.08752989768981934
rosenbrock,30,7,97.6459435632669,"[0.1534390973503275, -0.054246157023846955, 0.012829549273609088, -0.01781489639710839, 0.09177652481153187, -0.02953580211549673, 0.03918084689132288, 9.001660515215587e-05, -0.03722943595757364, 0.06420339449946322, 0.15568053804748488, -0.02852129476989624, -0.03244686469601105, 0.020504099451938942, 0.10626947472840165, 0.04812806201641148, -0.5891006180703869, 0.7946474104897016, 0.9349454502571469, 0.9113471747095869, 0.8680667435395455, 0.8196936584975989, 0.7949035919071217, 0.6742223200228544, 0.46115001259834243, 0.2461837712402035, 0.09235320806209887, 0.15661322931710991, 0.12806895416331918, 0.06256958800540315]",15050,0,0.08756494522094727
rosenbrock,30,8,103.30726458319353,"[0.5771024228402778, 0.30301641478465474, 0.11150895445619873, 0.04205125831115206, 0.0013824790268229421, 0.1507727183256538, -0.04072751268103489, 0.1489812025573651, -0.028314181153065696, -0.0841895244166782, 0.11337770989933448, 0.018677461888784053, -0.016955847508946298, -0.07665045906178101, 0.1814346789647891, 0.08243534773421256, -0.13319029642511052, 0.12231659801429678, 0.07606886334236547, 0.03300499072998887, -0.43698312691460656, 0.8086990723350187, 0.8089037054925048, 0.7822718957961157, 0.5921771112296684, 0.3795565663871688, 0.2804327095633377, 0.17490988167015592, -0.0757061055155416, 0.09152864823366921]",15050,0,0.08897113800048828
rosenbrock,30,9,185.23550445001763,"[1.0310436093943258, 0.9790217929075179, 0.8191676491318369, 0.6986708420966334, 0.45957258487433, 0.1964243764896312, 0.11316282503929839, -0.04016096223839696, -0.036406983077276356, 0.0800076682009018, 0.05631274058584578, 0.16486807474062778, -0.054073702719445865, 0.38368364910114483, 0.6533403123821789, 0.9311072365811596, 0.8990923322242788, 0.6091161697782584, 0.3503864577637679, 0.10857972198061269, 0.8886001964313941, 1.0497072536170475, 1.1556403515878355, 1.067804631662678, 1.1044896960158617, 1.1547333898772942, 1.285952275213776, 1.6003456754163468, 2.705790768488438, 7.391024817339384]",15050,0,0.08897185325622559
rosenbrock,30,10,40.66032331456018,"[0.9748368844173169, 1.018987099917449, 1.0125684493343028, 1.0183943256063754, 0.9938342708230228, 1.0158207724332362, 0.8834590816581565, 0.7637195334787532, 0.5024241806746703, 0.13430261886070513, 0.1319976292040945, -0.049886994158505796, 0.10157410131142697, 0.048068285493790885, -0.1519485665270743, 0.08216807355793686, 0.03697953930711664, 0.027608158825541483, 0.08859324336327346, 0.023793013997107045, 0.09863225537962243, 0.055392831549936586, -0.09985699125190055, -0.06550404384775958, 0.19330215648852472, 0.20374563606862137, 0.12149530002487305, 0.06399603780830133, 0.08137110626631222, 0.0382568628072462]",15050,0,0.09511780738830566
rosenbrock,30,11,100.6287489900142,"[-0.8717679201486283, 0.8201217418757475, 0.8009061817361038, 0.8412117632053773, 0.8117884697849563, 0.8079112107334407, 0.8776714104697948, 0.9018524267650727, 0.9555320749456587, 0.9338314121560201, 0.8122960912409124, 0.6098410342861458, 0.3401151234529428, 0.0029709382269745635, -0.27092468932964414, 0.39480621374090674, 0.5930227503214097, 0.7916522791412346, 0.8450677743703151, 0.7962553615609549, 0.7300886459090267, 0.5337353419246103, 0.25374446924721905, 0.1656450142045993, 0.10817749583565958, 0.08295261692996919, 0.05330514069458703, -0.004104413007099021, -0.05447963129836854, 0.12205782930306161]",15050,0,0.08803725242614746
rosenbrock,30,12,146.32737825493825,"[-0.7167914193981848, 0.598088714205298, 0.48249489621968544, 0.5580559363471682, 0.5804319343809493, 0.44450698308341313, 0.18949016687347528, -0.1040082399275487, -0.15788395735143185, -0.19352332855582252, -0.0007822383020214067, -0.1294001800710667, 0.31062416387356684, 0.4475773622421173, 0.6271211261677422, 0.7165325971977373, 0.6337959195565388, 0.4757911711648393, 0.5648977176628135, 0.7915618411815536, 0.9237833753906747, 0.9620390906086049, 1.0158390279383291, 1.055348769803907, 1.0721186870543145, 1.093720319335657, 1.026955296517098, 1.0191600245896126, 0.9261120978926998, 0.8526282862586662]",15050,0,0.08849906921386719
rosenbrock,30,13,144.01325417609758,"[0.8996715015824273, 0.8130995457643897, 0.7597235297185652, 0.7910325069282477, 0.7726814263434512, 0.7253044394106442, 0.6593935641159898, 0.5913204165222786, 0.2643701600719191, 0.1208736314878408, 0.10480417812564279, 0.17041978381895134, 0.4389390201067341, 0.5524485343627731, 0.5649934618670486, 0.6581017648338557, 0.5380083730360121, 0.42279009549377394, 0.28104226072734856, 0.16495853490916146, 0.03936831454271903, 0.231903726504899, 0.7015429482718126, 0.8240144210606256, 0.900561071274532, 0.9388277728437766, 0.9775154577459899, 0.9524273940939441, 0.8878279370777666, 0.8097362162090883]",15050,0,0.08802604675292969
rosenbrock,30,14,95.44463717243859,"[0.40354211833240217, 0.06139545557946521, 0.03631426620817019, 0.24502381903133952, 0.23044460150668908, 0.29043651645721474, 0.46211624850304506, 0.46632177992961965, 0.43737982929320435, 0.17400723902167753, 0.036405451091765365, 0.04647561920098962, -0.07128980483776162, -0.02260162512375098, -0.058756073459557114, 0.08901561351029587, -0.07824939060512345, -0.14477887534814254, -0.026910556702242978, -0.08546243204741148, 0.26461937733164054, 0.26247991336376403, 0.2067488824825213, 0.06280817389948401, 0.014443689103494192, -0.03618285895799478, 0.2425178911203754, 0.005456776940413025, 0.17752315425792328, 0.225876282840965]",15050,0,0.08790993690490723
rosenbrock,30,15,103.07916473796406,"[-0.34585770502002056, 0.02030946201617813, 0.04657847752388041, 0.02433880167690916, 0.033650435419220956, 0.0970607520365142, 0.23852405462130583, 0.12937949736221405, 0.16363454741021005, 0.016876221192927705, -0.07310495807287473, 0.1684502715761026, 0.2499460158536121, 0.5154510410841844, 0.7200980714655033, 0.818814420447346, 0.8477290740744946, 0.8435980199506639, 0.7321189669246562, 0.6337677895041252, 0.5814297936392352, 0.41754164382156844, 0.27462188748071376, 0.013423301002691873, 0.050681484611969405, 0.04831428356289924, -0.0191479250131538, 0.1033024468050695, 0.10237942207282263, 0.16350008429925153]",15050,0,0.08841443061828613
rosenbrock,30,16,83.69270776421668,"[-0.16699088354652838, 0.11161828769329844, 0.09279216103748747, 0.03810300996759079, 0.0064115713179971265, -0.10594857315068024, 0.05368194033035717, 0.39280564604370377, 0.36507573715674396, 0.18783240536063045, 0.16134403209441275, 0.17528703850924116, 0.01299788153817911, -0.018919289288700895, 0.03191311709379693, 0.2866903254765743, 0.3196878585157642, 0.26960365510586065, 0.17736099922122017, 0.10848166058381786, -0.28768887881168526, 0.12811409173562005, 0.11565590314939399, 0.06304527190842316, 0.06836702434062203, -0.03766402165916874, 0.17173223197686538, -0.0025172627159164695, 0.03843812888831746, 0.045894332496587566]",15050,0,0.09952402114868164
rosenbrock,30,17,125.8621626263714,"[-0.9933279942163326, 0.9714089346404746, 0.8594504112833308, 0.6053138454349508, 0.4119957999781313, 0.1292059164002843, -0.04014732012089598, -0.019463183970489538, -0.013071026153701988, -0.015640366770705193, -0.5521024038602675, 0.9097054575366801, 0.9209240946818251, 0.8608173635458979, 0.850360366484562, 0.8973624199684872, 0.9361595014653984, 0.8901701974344676, 0.7807001125999249, 0.662562559447046, 0.3921643649255397, 0.016053966666768848, -0.3402140322874888, 0.08200698216592497, 0.16088407089980478, 0.08535517759392548, 0.231599109910597, 0.20229261514375654, 0.25436162247521493, 0.14135956170357014]",15050,0,0.08839869499206543
rosenbrock,30,18,87.95728953975602,"[0.7001767983587729, 0.485066497467352, 0.23649426900115048, 0.07869848505438379, -0.0161727788091584, 0.06595865339964771, 0.04722561052154825, 0.18569731906850515, -0.07529196840093648, 0.014021555685832875, 0.1864651545855186, 0.30410406513905014, 0.5815877109617092, 0.6779305366287411, 0.7704730858352473, 0.7432727762725633, 0.6917309079387173, 0.5417330304134838, 0.26447115117980924, 0.11061984940426638, -0.04030505581661526, -0.03816315659216822, 0.015359211850101057, -0.08680941071814904, -0.002106445202312007, 0.08375990838638601, -0.03984418462654811, -0.0007917885460941507, 0.014481725362491059, 0.019460859833016944]",15050,0,0.08990216255187988
rosenbrock,30,19,161.77108698387156,"[-0.5879629553499336, 0.3376944852048566, -0.38001468099531266, 0.5807013738751001, 0.705789914521623, 0.7998094082705827, 0.841554321735972, 0.7164691682072619, 0.4224054429772342, 0.12350850616640478, 0.03267262592751565, 0.04277626061787678, 0.07445186374940346, -0.06479289481626194, -0.005801254356546365, -0.015518766961852129, -0.019173400691334642, 0.047013681753837036, -0.014464585355038084, 0.03337879413864478, -0.0014113782649800436, 0.11562011350425885, 0.4915847750089017, 0.7517114431303253, 0.9005872738758796, 1.0329821125323149, 1.21996856582263, 1.4739985393848265, 2.143870636175734, 4.620289146059136]",15050,0,0.08803582191467285
rosenbrock,30,20,111.53440969047699,"[-0.7153341031524044, 0.44532267986877194, 0.3079189575906256, -0.018001243306663417, 0.0632878366476593, -0.08900787179166572, 0.1962759730000153, -0.06370059210864523, 0.05071899064313428, 0.05723604388521929, -0.06442008388891757, -0.020449800301959503, 0.02807887964813011, -0.005467860769144545, 0.1958605945932404, 0.07854867827344902, -0.0009158985789219712, -0.03838413529256679, 0.03804181674672705, 0.08037436085334776, -0.038907705065784275, -0.015092009490195651, 0.021791250308354073, -0.3678577453291219, 0.6297450249735503, 0.8113079333230635, 0.9674417986058539, 1.1531218104969132, 1.4438258751987068, 2.152885440826633]",15050,0,0.08756113052368164
rosenbrock,30,21,112.7824442494515,"[-0.13414258228377607, 0.11367338366684059, -0.33242946480338115, 0.6892317803216739, 0.9186162229038343, 0.91975273608632, 0.8921583071025926, 0.9075280013639396, 0.7925876734652322, 0.7677784650699732, 0.7757421772229773, 0.8664788717700418, 0.8548279396890573, 0.7283204598697086, 0.5461118363034096, 0.5386341131336286, 0.43187374991577776, 0.2934695791743223, 0.1473448653232852, -0.011992996321726882, 0.023001966701620233, 0.09645573977380346, 0.015346226296489025, 0.1873583047581511, 0.057134965554348834, -0.02128130531617023, 0.08388815437496744, -0.059826384431345636, 0.020273686155690133, 0.06729496023775548]",15050,0,0.08792972564697266
rosenbrock,30,22,95.27334684826741,"[-0.9543232551751538, 0.8566626992379704, 0.7765431494527639, 0.6103330109541523, 0.5136358756316709, 0.33039259317148156, 0.19823412142232205, 0.030588185822972024, 0.009892821527102923, 0.03681261981026953, -0.5357997043660624, 0.7825606229422252, 0.8552511186237505, 0.9510864691223242, 0.888058417601966, 0.8576101374359697, 0.6868965295493472, 0.42682832582154884, 0.18536263726941746, 6.95853528984644e-05, 0.0732747323591125, -0.0766641254388781, 0.034057166085811705, 0.03334568133744334, 0.1083373405230855, -0.010507148091684751, -0.006513711605023694, 0.12912875731978918, 0.005984847945486066, 0.08517639364550783]",15050,0,0.08242392539978027
rosenbrock,30,23,102.35819792094661,"[-0.9398812677053437, 0.9477756337398846, 0.947758101320358, 0.9298899974507091, 0.9321830230277117, 0.9441050540811422, 0.8628933448916836, 0.7451233573045809, 0.4911238811593637, 0.15816592465589038, 0.06659153098179785, 0.03371176938347255, 0.03954409987398462, 0.040084444033411784, 0.16261349031706984, -0.04802871979026703, 0.04438483406823964, -0.5340991313220762, 0.8111768411285344, 0.9712304844678258, 1.0128789130694442, 1.0446848221142238, 1.1072306777060374, 0.9303331904965806, 0.7559079985579396, 0.4558486411069232, 0.12963026396733612, 0.026780184763624478, 0.04260492056178169, -0.03216371860272792]",15050,0,0.08283424377441406
rosenbrock,30,24,100.56956390777215,"[-0.6505189579536688, 0.4844172727148005, 0.23025399858043044, -0.05588418252578152, 0.16733655433504646, 0.11801471875492739, 0.20683268202086946, -0.035083858163607366, 0.0669076682722136, -0.02928311164706304, 0.08785804219479572, 0.08786997297718391, -0.06346064753626128, -0.022749667337456456, 0.4926466780738628, 0.7039468592350856, 0.8885375702135984, 0.9127119106023317, 0.9853325815998006, 1.0181175588457225, 1.042508920627113, 0.948666046358861, 0.8735373910817076, 0.8657047950890725, 0.8651304069119601, 0.8650569784090393, 0.83022346379263, 0.7354008647209596, 0.5371743484710172, 0.45097341508469035]",15050,0,0.08413505554199219
rosenbrock,30,25,152.8584816893272,"[0.9121345758720713, 0.8756101625514172, 0.8924385840897053, 0.7470593655856946, 0.3962807080561648, -0.006765303885806294, 0.0323577656598236, -0.6214776160729566, 0.8029224982958577, 0.7909351232609567, 0.6476940004172288, 0.4740659371229223, 0.358863783268689, 0.14187437903352362, 0.036918601380075196, 0.025469983541223422, 0.054881285356848886, -0.010860148534821683, -0.4056273724127861, 0.4299554663353665, 0.6050993528839185, 0.7302334824878158, 0.8023920727822127, 0.8971859008836817, 0.8432788969419065, 0.6403543738169007, 0.47113901734884095, 0.30794211354153506, 0.10881315665999097, 0.01597192674430255]",15050,0,0.08253812789916992
rosenbrock,30,26,159.16443209421092,"[-0.810939294614912, 0.7861783430545356, 0.8248880381965586, 0.696463345038828, 0.4167309746505478, 0.27234014074905055, 0.15615943249046654, -0.21940319312260875, 0.34452063363580804, 0.1359592589963558, 0.11358592865935682, 0.013011436202163083, -0.008960470147870004, -0.3759003805776201, 0.07103765134529437, -0.7629619546076064, 1.02461295398734, 1.0297388422323963, 0.9924711742514064, 0.9853346951261661, 0.9050351212342677, 0.8168442399996387, 0.8073876296086852, 0.9732944314527944, 1.0288548784915108, 1.154180626755951, 1.243784491749298, 1.687650440499085, 2.6561173002746896, 6.942821290477944]",15050,0,0.0827949047088623
rosenbrock,30,27,120.51858099963209,"[-0.9932273996782377, 0.9620717719244976, 0.9374227821905532, 0.9128378444850223, 0.9111337505898591, 0.909273004587621, 0.8588369340604319, 0.7822855775832108, 0.6697354856988172, 0.5416567382970927, 0.29596567522758155, 0.10333106962899831, 0.046310879246069137, 0.04442208880645149, 0.01783819415661865, 0.03753105628411376, 0.07706659509735277, 0.013685592404492474, -0.012610795175648944, -0.011227888940678584, 0.0862256489302577, -0.02243602668499949, -0.002523896130577144, 0.04684716751966143, 0.012160105985679985, -0.7605641996646253, 1.1115483936355361, 1.4644017429193967, 2.2438010550935172, 5.03339026132205]",15050,0,0.08249688148498535
rosenbrock,30,28,104.7382868958193,"[-0.9616164570581506, 0.948736513655862, 0.9806256226896678, 1.0113593195132227, 0.9578904656328696, 0.9294100155873101, 0.899792737376211, 0.7677293052951568, 0.5596443011238688, 0.23012105679219994, -0.050969493273775965, 0.0207323054780078, 0.03878338353756938, -0.07305791842750971, -0.0322168295660967, 0.021075364272286047, -0.35700612172615737, 0.8650760563386611, 0.8070124489771048, 0.835533067017484, 0.954559980329657, 0.9276955920707642, 0.98717875554319, 1.0086950376852297, 1.127635623109702, 1.1419026192735648, 1.232904943810734, 1.5167218498228572, 2.4501339841002956, 6.037206559049856]",15050,0,0.08217787742614746
rosenbrock,30,29,113.65999766918324,"[-0.6749187852171589, 0.5388817468611019, 0.28492985962256023, 0.04834293434458942, -0.03063636055836813, -0.11491058552360235, 0.18397439362366608, 0.08559673173695719, 0.04976422645228658, 0.1448965688715293, 0.3956510456546241, 0.6881797689018045, 0.8024109672154969, 0.914516701555224, 0.9233282131456733, 0.8493565757746725, 0.7597287656503328, 0.7335648751312588, 0.7591007193019734, 0.6683136282359332, 0.6795298629702353, 0.40346376130266975, 0.16734477047791793, -0.019352938099917314, -0.011175895814438392, -0.026037811686082102, 0.04016250171157696, 0.055382620484434375, 0.26106591768843085, 0.3127367368939041]",15050,0,0.0821230411529541
rastrigin,2,0,3.198272496618415e-05,"[-0.0003581696954481914, 0.00018145028627619003]",2700,1,0.012849092483520508
rastrigin,2,1,3.7712272522583135e-05,"[-0.00033656974453202056, 0.00027714701461762823]",1830,1,0.008603811264038086
rastrigin,2,2,5.2596481829425556e-05,"[0.0005146803701855497, -1.4770027330085944e-05]",2280,1,0.010746955871582031
rastrigin,2,3,5.65759049919734e-06,"[-7.700784027455526e-05, -0.00015028976247840708]",2430,1,0.011443853378295898
rastrigin,2,4,8.030216858401218e-05,"[0.0002205514638082256, -0.0005967599600142752]",2370,1,0.011126041412353516
rastrigin,2,5,7.608915232992786e-05,"[1.020090334530278e-05, 0.0006192136869828113]",1650,1,0.0077550411224365234
rastrigin,2,6,7.047826319350747e-05,"[-0.0005380720371818901, -0.0002563710584540498]",1320,1,0.006190776824951172
rastrigin,2,7,6.038601839719604e-05,"[0.0005439640504211526, 9.208989617710394e-05]",2220,1,0.010429859161376953
rastrigin,2,8,1.657033839208566e-05,"[-0.00011065879286570324, -0.00026697908206782875]",1860,1,0.008752107620239258
rastrigin,2,9,3.349380252970491e-05,"[3.1151074797956823e-05, -0.0004097023365587857]",2850,1,0.013363122940063477
rastrigin,2,10,5.7667845958064845e-05,"[0.000538918016109289, 1.56136489175545e-05]",1980,1,0.009283065795898438
rastrigin,2,11,2.4277690464202806e-05,"[-2.7068636982488774e-06, -0.00034980708031353213]",1770,1,0.00830388069152832
rastrigin,2,12,5.0549379938757966e-05,"[-0.0005037909823025141, 3.146742948598267e-05]",780,1,0.0036568641662597656
rastrigin,2,13,9.689827476933033e-05,"[0.0004707262260860087, -0.0005165609874649701]",2040,1,0.009592771530151367
rastrigin,2,14,8.618456166686883e-05,"[0.0006392114809983878, 0.00016070017892609676]",1980,1,0.009531974792480469
rastrigin,2,15,6.576686137549359e-05,"[-0.0005092929729928071, -0.0002685522690252626]",2130,1,0.010083913803100586
rastrigin,2,16,9.322080604334815e-05,"[0.00024475688226145053, -0.0006402939188845658]",1020,1,0.004803895950317383
rastrigin,2,17,1.840501951733131e-05,"[0.0002903287126398415, -9.208798608686725e-05]",1590,1,0.007473945617675781
rastrigin,2,18,6.141561968320275e-05,"[0.0004230047907160233, 0.00036143324082122297]",2220,1,0.010478973388671875
rastrigin,2,19,3.486389396556433e-05,"[-0.0003351645939237086, -0.00025178766743012176]",2400,1,0.011391878128051758
rastrigin,2,20,5.455252015451606e-06,"[-1.626458041698725e-05, 0.0001650236114638781]",1800,1,0.008948087692260742
rastrigin,2,21,1.4535945069837908e-07,"[1.0903632054499492e-05, 2.4774957958663407e-05]",2040,1,0.009582042694091797
rastrigin,2,22,6.0305282822525896e-05,"[0.0005336334956771577, -0.00013858484651308855]",2550,1,0.011920690536499023
rastrigin,2,23,2.336440361005998e-05,"[4.549494173868777e-05, -0.00034014567716980897]",3510,1,0.01647186279296875
rastrigin,2,24,3.62043081736374e-06,"[0.00012703682308847115, 4.594032415599871e-05]",1980,1,0.009348869323730469
rastrigin,2,25,6.158059110816794e-05,"[0.00028622220319073424, 0.0004779910725854078]",1260,1,0.005928993225097656
rastrigin,2,26,2.8711097133538033e-05,"[0.0003580864948973471, -0.00012842538422309143]",2100,1,0.009880781173706055
rastrigin,2,27,3.279749236639873e-06,"[0.00010517240389883165, -7.396228340433766e-05]",1710,1,0.008043766021728516
rastrigin,2,28,7.277404409933297e-05,"[-0.0006041341073353941, -4.2915061709062046e-05]",2400,1,0.011317014694213867
rastrigin,2,29,7.809163373906358e-05,"[0.000604505641348496, -0.00016791691826010331]",2310,1,0.010886907577514648
rastrigin,10,0,13.929402563759396,"[-4.0140642644363416e-05, 0.9948520527043508, 9.679448019314982e-05, -0.9949570575936441, -0.9949823602801269, 0.9949171421056029, 2.9786821560632675e-05, -2.0801516470477428e-05, -0.9949761297076127, -2.9847908873896283]",9030,0,0.04446983337402344
rastrigin,10,1,3.9800345047339647,"[-0.00013270091128551593, -6.71233476759541e-05, -0.00042620889385901927, 0.0004862632851825461, 0.00010955409647246434, 0.9954556941314634, -0.9945029452292936, -0.9950164763973105, 7.888056077622117e-05, 0.9946702354876589]",9030,0,0.044182777404785156
rastrigin,10,2,6.338814777131262,"[-0.9363227333019418, 0.03559044761539199, 0.9982350523326157, -0.018055360301517664, 0.9886560132915804, -1.0046817929204326, 0.0007477699890419163, -1.0182562693971187, -0.011052625139987936, -0.033128512856638065]",9030,0,0.04385113716125488
rastrigin,10,3,3.979890003355493,"[0.9952507526690797, 7.641309211259078e-05, -0.9946330534087876, -5.441609609469158e-05, -0.00018114403044208822, 0.9950533434073416, 0.9950281409757277, -9.481232663041641e-05, 0.0001229667413174001, -1.724728714054342e-05]",9030,0,0.04403495788574219
rastrigin,10,4,6.100317971811847,"[-0.0015029991449958748, 0.9932648410484944, 0.9903768245366702, -1.0197916674884562, 4.125331291133204e-05, -0.9978792479723702, 0.0006112856822270505, -0.9954476411193085, 0.0025926179901870922, 0.9950440444386136]",9030,0,0.04398202896118164
rastrigin,10,5,10.948152363873959,"[-0.000980404532785441, 0.993849188467574, 0.001522224478833328, 0.9949617760903445, -1.9892028011469198, 0.9955032391751008, 0.0006352889176042052, -0.0030921406842838893, 0.0015898506785676956, 1.9905539559971372]",9030,0,0.04399704933166504
rastrigin,10,6,11.939582521961142,"[0.9948706505576927, -0.9948490334203309, -0.00015668954538497877, 0.9952016220505064, 0.995242788634657, -0.9951380319430042, -0.9947344023848371, -0.9948296885517801, -0.9951159083870119, -1.9902121834608135]",9030,0,0.044071197509765625
rastrigin,10,7,5.972515661117029,"[0.9951041149418817, -0.9924802632763322, 0.0010272079366468055, 0.9931580562190009, 0.9946756576207979, -0.00047772351526683614, 0.0013669431547644758, -0.9943068375602795, 0.00018429464621276136, -0.9940480910930237]",9030,0,0.04397702217102051
rastrigin,10,8,8.946598105789775,"[-1.1028075322409807, 0.0009167372665034354, 2.5653548549154877e-05, -1.0409736004730241, -0.9977530400219751, -0.9812728475565681, 0.9571458444350215, -0.0022001381429361568, -0.9929880891185672, -0.0017363820294590284]",9030,0,0.04400897026062012
rastrigin,10,9,5.991221690629061,"[-0.9932312492210373, 0.009443207487289827, -0.003308212625755736, 0.0007296677985570001, 0.0002609716771471558, 0.0009259808937160628, 0.0009136948206980309, -0.000262246163120676, -0.9965215951361597, 1.9893161156502295]",9030,0,0.0440371036529541
rastrigin,10,10,7.960150799038985,"[-1.990186310301239, -0.0002691451559452717, -0.00047462312728523116, 0.00017781864218538088, 0.9959702551866539, -0.9953040969392444, -0.00011327438063776058, -0.9946088074579034, -0.0003176726996690946, 0.9957674714771813]",9030,0,0.04390907287597656
rastrigin,10,11,12.93501228358943,"[1.9905521767164704, 0.00018254815313737945, -1.989771088701585, 0.9951937265656629, 0.9954471288133686, -0.00011179515479174283, 0.00015131193120310053, -0.9963077323539844, -0.9950766148723383, 0.9945446988319493]",9030,0,0.04401206970214844
rastrigin,10,12,6.965313514862842,"[0.0002421836351994432, -0.0007039595803137234, 0.0006096669089510938, -4.3695072762410674e-05, -0.9945384479272796, -0.0004545311080900007, 0.9945492807258627, -1.9902158120687843, 0.9940489562499686, -0.0008080170787652782]",9030,0,0.044100046157836914
rastrigin,10,13,7.9954519828220185,"[-1.981608413793878, 0.00030280628603737963, -0.9998869321400302, 0.0006701214075880298, -0.006882346881398103, -0.9902713518801554, -0.996954691190555, -0.9915577918694879, 0.0013178888968702574, 0.0004884083768190042]",9030,0,0.044187068939208984
rastrigin,10,14,4.042761548084428,"[-0.9969264025283371, 0.9938401629684211, -0.0025052088626248865, -0.9945024845453433, -0.0051906722199699514, 0.001898502346776625, -0.9796971119004448, -0.005309749110363891, 0.0034950524436688523, 0.0014950149982912702]",9030,0,0.04403805732727051
rastrigin,10,15,9.949637356486988,"[3.7543348400315186e-05, -1.9899610273814423, 2.1844481719934222e-05, 0.9949623217143337, -6.0103291260729675e-06, -0.995017836813972, 0.994468867476733, -0.9950010536158201, -0.9949376170224314, -0.9948517712444853]",9030,0,0.04515504837036133
rastrigin,10,16,9.272384555230587,"[-0.004242466514542318, 0.004157725279924169, -0.015067243368794165, 0.00670929007664293, -0.9806624469974878, -1.9845753502479162, 0.013443439010732966, 0.0024872582439331805, -0.0296162086563879, 1.9907995674408672]",9030,0,0.044046878814697266
rastrigin,10,17,6.248818159784648,"[1.001333237011716, 0.007834114625569516, 1.006753042008281, -0.9942475413241112, -1.007258476473408, -0.0260296335937866, 0.9860095463228516, -0.007319365859057594, 1.0038524588312185, 0.011188163961447645]",9030,0,0.04396414756774902
rastrigin,10,18,8.954628047052424,"[-0.994960950329972, 1.989970837923433, -0.9949380733066174, 0.9949894119552956, -1.7456610684214203e-05, -2.8473730521786987e-06, 0.9949582418570434, -2.8205837994803793e-05, 4.4625899627716154e-05, 0.9949627072595777]",9030,0,0.043907880783081055
rastrigin,10,19,11.951012188593921,"[-0.9947433221211726, 1.990191057481293, 8.328394613399597e-05, 0.007534472651704894, 0.00014265508633581244, -0.9948629442270371, -0.0007749290419595497, -0.9944536721340352, 1.9904193539300454, 0.9948928320243212]",9030,0,0.044181108474731445
rastrigin,10,20,3.98580458037128,"[0.9950667725199629, 0.0005000348408182089, 0.001366885195373248, -0.002162139740179723, 8.985174640017213e-06, -0.9972330894056273, 0.9981784596205386, 0.0013885798883608266, 0.9925632164745646, -0.00028495932132159975]",9030,0,0.04402422904968262
rastrigin,10,21,8.954627341926496,"[-5.682931387948834e-06, -1.9899245706689541, 0.9949751709798166, -0.9949687182322232, 2.3751442802753332e-07, 0.9949734432734805, 0.995008254074462, 1.0113831213961942e-05, 2.5816546404932786e-05, 0.9949775404719131]",9030,0,0.04404878616333008
rastrigin,10,22,5.225189328945248,"[0.9964486834732779, 0.0013669541381618783, 1.02902973477768, -0.003779641681115763, 0.004718604895480482, -1.0011670591762336, -0.9977873283178496, -0.003707840233521649, 0.0016402223783890148, 0.9947458022542043]",9030,0,0.04468393325805664
rastrigin,10,23,6.964881443025291,"[0.99507164102674, 0.9947740767130252, -0.9949851116433642, -0.9952361913762995, 0.9949569629055155, 0.0005153993651026141, -3.178469364961708e-05, -0.9949208545873311, -0.0006538600716499483, 0.9951227193596023]",9030,0,0.04395890235900879
rastrigin,10,24,7.9596676428229785,"[0.9949550035192549, 0.994960300412348, -0.9949661383856602, -1.1278237063005866e-05, -0.9949595542624836, -1.1037695496269927e-05, -1.307010109114425e-05, 1.904353402816672e-05, -1.6517740584405864e-05, -1.9899126421778446]",9030,0,0.04424095153808594
rastrigin,10,25,5.971991690122394,"[0.9941917630604192, 0.0014467979232681751, 0.9931795058804843, -1.9891598299400364, -0.00018956896920400263, 0.0004050738025855749, -0.0005235720877014742, 0.0018346629195615568, -0.0007085947632127783, -0.0007425371150762304]",9030,0,0.046816110610961914
rastrigin,10,26,2.989663193176213,"[0.0006376882033374597, 0.9961265239328567, -0.0004635081398191935, 0.0006230073654123208, 0.00044704654006308793, -0.0012910976087633452, 0.9981715979407402, 0.9958784895222669, -3.086662186127283e-05, 0.0029526297285559005]",9030,0,0.046630144119262695
rastrigin,10,27,5.972267994369446,"[-0.0004151786703924474, -0.9959898260930627, 0.0020631810071767747, 0.00024031003570324186, -0.0005776868833771264, -0.9936457821045742, 0.993760253442539, 0.9952760731551312, -0.9930797966675843, 0.9949397891616133]",9030,0,0.045815229415893555
rastrigin,10,28,6.969581476259435,"[-0.9947087950263319, 0.00041562777092836483, -0.002156661860396422, -0.0001988671356708833, 0.0006767248478536415, 1.9889906698061555, 0.0010714030463283425, 0.9954454821877271, -0.9990758771801342, 1.1757400204917806e-05]",9030,0,0.045423030853271484
rastrigin,10,29,6.977779260627756,"[0.9949619742786784, 0.00016003833103463773, 0.9956570637731669, -0.00037646622958321767, 0.9951304060755063, -0.9951786314599381, -0.9953559355657728, 0.9954325452963925, 0.008028195379728894, -0.99551140519237]",9030,0,0.04569292068481445
rastrigin,30,0,71.47278332664095,"[0.9570525291343585, -0.9776918831257199, -2.9926299340495284, 1.0103759762082798, 1.0131345722667682, -0.9812174012202182, 0.017043998152524234, -0.981523528427077, 1.9922241541458017, 0.9865039242064979, 0.04446092615884338, -0.967819065548241, -3.001469011754897, 2.973716186507007, -1.9939631822427955, -0.9856494023803941, -1.9900409034626787, -0.9755076345862387, 0.9901810784833799, -0.011974953174650657, 0.9874626097424614, -0.021948632263876163, 1.9756236740005109, 1.991858051754799, -0.9662499470835749, -1.9885324091454148, 1.9823555783040818, -0.9793082506511893, 0.0048604252153890614, -0.9729406908733438]",15050,0,0.07815718650817871
rastrigin,30,1,37.992205869040106,"[-0.1353489752391867, 0.9745828368112094, 0.01256047943672826, 2.002012962673304, 1.9523219054784062, 1.0012708400007608, 0.9991481184551652, -0.01262330517899319, -1.0329830093818346, 0.9726025610299578, -0.014359221342725575, 0.9816439188611598, -1.0033504090600451, -1.0286620748358586, -0.9952401280024995, -0.9679846167492676, -0.9919300001828043, -1.0008298479620836, -0.9772996111948372, -0.019000552636607562, -1.0061243143454335, 0.0028901731357601664, -0.9238612162602603, -0.9953400217652604, -0.014069154480416242, -1.0105293385218055, -0.98910887615624, -1.0000981587805784, -1.0158543873058106, -1.9684845003813536]",15050,0,0.0814969539642334
rastrigin,30,2,68.47751396548773,"[-2.011190430209853, 1.9858559541463239, 0.9682237785500416, -0.9743230093223239, 1.074591189025544, 0.004290916715841065, 0.9803688254192563, 0.992141746214725, 0.9891051087931481, 1.9577713563077297, -0.9893051598932185, 0.9872789676206866, 1.9755457443120181, -0.009554466848121529, 0.021503365346307427, -1.9875592821492445, 0.9358240221748296, 0.019485387077160837, 0.9968196833179641, 2.997236470888621, -1.0072499438717009, -0.049145674582737095, -2.0037709953332166, 2.008824017491493, -1.000882080459322, -0.9921381232960842, -2.994742274780991, -0.9509043467200246, 0.9932594758923936, 1.983189323815749]",15050,0,0.0810689926147461
rastrigin,30,3,69.60062987298193,"[1.9826493600802053, 0.01730718036548385, -0.9777600120075636, -0.013627625864074058, 0.9932387830016507, -3.008239236861277, -0.9826309347149269, 0.9847070568335414, 0.9702216893404488, 0.006078178717301225, -0.9988149523025882, -1.9978765200525457, 1.9962329073429868, -0.9992575107075484, 0.983163351144978, 0.980720582077022, 2.949794962523731, -1.9928862317120422, -0.9969414880703116, -0.05775505430389616, -2.989418527633765, -1.9636550348512718, 0.9826918987742969, 0.024254203394872543, 1.0196255520784414, 1.0292050300268138, 1.0048813657364009, -0.09697849908635323, 1.004396685204993, -1.9938266475812416]",15050,0,0.07996797561645508
rastrigin,30,4,70.4479006451825,"[0.9601244276560085, 0.9828189714549406, -1.0070234260540465, 0.9838318944453391, -1.0046453961222437, -0.9984985500042846, -1.026872789294431, 1.015156124085969, 2.9891970226305316, -0.9970336298043176, -1.0413712797489374, -1.0079648602621871, 0.03430312937218209, 1.9322049311876672, 1.0132500213709186, -1.078988399251248, -0.022063278944766174, 0.020314702193509965, 0.9918997242214769, 2.021083126961913, -0.9792893524632721, 2.95631998759685, -0.9836939087923251, -0.9715667819278233, -2.96428968457688, -1.958481420728633, 1.9555130031419543, -0.02143888662526157, 2.01568597090436, -0.9262086871670508]",15050,0,0.0774240493774414
rastrigin,30,5,72.72305733788909,"[-0.9709718889109676, -1.0119350452386522, 0.9982489903300721, 1.0021099450326494, 0.9994655511285961, 0.9480277565979847, 2.0149367442503188, 2.08919033728791, 0.9824818575846699, 0.02018730822167707, 0.02892449052322817, -0.039633995135498035, -1.9611865077763704, 0.9971418332076757, -0.9924292520029858, 0.981995984351127, -3.001612728804343, 1.9933288702300462, 0.9724109906465338, -0.021309709137850397, -0.9947298644858414, -0.997120795189725, 1.9998317093632136, -0.9803283249951078, -0.010567195883278372, 2.023404123318078, -1.0001032310788953, -1.0041407159464395, 3.9950405131629645, 1.9947137299352513]",15050,0,0.07701826095581055
rastrigin,30,6,95.69112669092613,"[-0.03618007813384248, -2.950682798651132, -0.9742753877951561, -0.03234709975085205, 0.0026690594014877594, 2.015602849181289, -3.002644605924655, 0.9989464666426997, 0.060973123272971365, 2.0231250138978076, 0.016414342335374896, -1.9572626448394377, 1.0522848309394603, -0.007026601954762363, -0.08430263873007494, -0.004320463144068958, -1.020560278160014, -1.0102693895026873, -0.9586823289431204, 0.9820090445525222, 0.004697565640594017, -1.0684690809582964, 4.004525095530315, 0.9885532477796967, -0.9734767701009972, 0.05608362324110143, -0.9389672746226513, -5.12, 0.09782295666046602, -1.0029622066473325]",15050,0,0.07716870307922363
rastrigin,30,7,55.75666319627672,"[-0.02908335831989628, 1.9738094742928982, 3.0098027216330285, -0.967897693336655, -1.0074920720855822, -0.022207389071236743, 0.005048799361822405, 0.9962539978286297, -1.977584200323454, 0.05604516482808339, -1.9902480913153229, -0.9576870394798727, 2.018116189257631, -0.022265881560948032, 0.004976571475655132, -0.011205214142559431, 0.9628974098948145, 1.0121342968209237, 1.0311684603843974, 0.9494786850623079, -0.003900306283298345, -2.0094866521213537, -0.04738342966561824, -0.004457739164615032, 1.9774815841947488, 0.013151997490251853, -1.9854701351698405, 0.0874824790146762, 0.9845630031139009, 0.16869337283914873]",15050,0,0.07676100730895996
rastrigin,30,8,74.58597347382417,"[-0.9864074703084853, -0.9673228196601835, 0.9975417334479076, 0.007987648218151108, 0.045478770203575436, 1.0103024236277667, -0.002937093998790214, -0.026608766725382975, -0.032601167941966644, 1.1122579414986085, 0.002273151593518926, 4.954754070510836, 2.0320241550209284, 0.001118361938398468, -0.00393612541803426, -0.003948518181383067, 0.05510527587597539, -1.0009472381226179, 2.0056773969914388, -0.99566854066121, -0.9843271757090103, -0.998739385275256, -1.003394481224756, 0.02089693267033823, 1.9789072926199405, 2.9960356796025276, -0.014759038667199425, 2.9869957939996974, -1.9876215395495245, 1.0042461457497016]",15050,0,0.07722711563110352
rastrigin,30,9,43.974254849233716,"[-0.003935617175274096, -0.9833286342363416, -0.9087460432238472, 0.002496534793670395, -0.9947550673827937, -1.9804941211522742, -0.9903502442855674, 0.9751962816756192, -0.9938729914755908, 1.0336603788077614, -1.9882473429134295, 0.012356412039917981, 0.984901125315042, 0.01626188568658712, -0.9920695236726117, 0.007970882404069592, 0.2200131391827676, -1.0425386234264054, 1.95730629044739, 0.011454421789419583, 0.9294491214947463, 2.2926819241371292e-05, 1.004417504286995, -0.9726271919604859, -0.999388371231907, 0.026994920876928622, 1.9951431873333874, 1.0198386258139638, 0.9761698758815485, -0.0056041798001465176]",15050,0,0.07869076728820801
rastrigin,30,10,85.100887411972,"[0.011762093214400247, 0.010843787913932042, 0.9983088240698905, 2.9827900604219186, 2.0135909385740733, 3.0052022908135, -3.0164538100941254, -0.9449781299221873, -1.0250419175750731, 0.0024707197551078813, 0.9758579001160299, 0.12211115600247893, -0.988620216407693, 1.0232528070119848, 1.9948934841983437, -0.9903649121415523, -0.9841218539302974, -0.09101933247823896, 3.0107217759785505, 1.004639879799753, -0.007230755214774636, 1.0136303227337198, -1.010486219646268, 2.024900115723801, -1.0074811374249564, 0.997096807784334, -2.959164805969471, -1.993675998788935, 1.0017614646973, 1.9862026055774462]",15050,0,0.08078312873840332
rastrigin,30,11,62.218567148390946,"[1.9250486042988613, -1.0425744707730462, 0.00987242302629622, 2.0138322802508006, -0.9717395377854527, -0.9882947768394088, -2.1858051573414596, 2.0314765774233954, 0.021176247643649733, -0.0006158728953610053, -0.04395864077916662, 0.07043672755898031, 0.9952463562068469, -1.9729484739594405, 0.021405245178226385, 2.0566670647120318, 2.0031088595579156, 0.9742612524097731, 0.051856882591298434, -0.007915899304706707, 1.061567307776742, 2.9642283874867883, -0.9708185987897764, -0.9886251258635961, 1.0156159756823884, -1.0003594381179668, -0.9600616057957821, -0.020434263490721468, 0.012522451415565706, 1.0168585972229758]",15050,0,0.08203387260437012
rastrigin,30,12,55.79202503318862,"[0.003925770112585525, 0.9721637653986709, -1.9834952720471009, -1.012965108225981, 2.0116517526259092, -0.9970166815234931, -0.028619251699942276, 0.0006187736561502101, 0.9479037806031618, 2.984854318509199, 1.0088164890395024, 1.9508412709285003, 1.008864184471968, -0.9984819997027671, 1.0338604835647314, -0.007354567670058196, 2.002504881670784, -0.013154071168554993, 0.018367240073746228, 0.010744876285232291, 1.0025536832729949, 0.018960458233332714, 1.0330413650281551, -1.001562054941586, -0.9998769650875797, 0.995130055554624, -1.005458667986868, -0.9822517689396136, 2.9169843639506414, -1.9785983076591926]",15050,0,0.07937097549438477
rastrigin,30,13,83.9549349776915,"[0.033598100179329134, 0.9903672947700598, 1.0336055675177904, -1.0844227761480767, -2.9599416479400498, 1.972089230491406, 0.9990721699418779, 0.982560735292941, -0.9244558234409121, -0.9839169990800041, 0.017440909000988485, -0.0002674971691979237, -0.9722108241529932, -1.9865018853200485, 0.0027017690348960367, -1.9414670933526748, -0.9920539831852014, -1.0134784033690627, -2.0292861838156906, 0.03773728982604923, 1.03038816577611, 2.9944306627567876, -2.8514710560277883, -0.007293683700823447, -0.9968925696629353, -0.9864741592773492, -0.12038484582316103, -0.00048230328980203643, -2.9729483329361805, 1.8319906147279474]",15050,0,0.07911396026611328
rastrigin,30,14,67.63569549025178,"[-1.9925426215397486, 0.020684617748762693, 0.9785325400429941, 0.9803605092519885, 1.969458902076801, 1.0030134669221609, 0.001856209934180824, 0.9884389360888428, -1.012045836232774, 1.9152814443286217, 0.00046546582761313685, -0.9469485726702674, -1.0266216824482772, 1.9934422363326685, -1.9886985983867462, -1.9971262367870533, -2.0138588092343785, -0.009811905078882154, 1.1234501404708932, 0.048307706856153064, -3.8953131969637447, 0.01369932823757096, 1.9550312474987757, 0.9504334692851902, 0.0564988989939371, -0.012709447293951206, 0.00698119962671645, -0.05946345734229465, -0.010467517816440335, 1.0562483419578013]",15050,0,0.07981204986572266
rastrigin,30,15,63.910620053675274,"[-0.9635882086029339, 0.9829281980329914, -0.10096470099238776, 1.9787043764758268, -1.991228852037681, -1.0113178143623065, -1.0287083710503324, 1.9985167442643086, -1.962991845437545, -1.0144941365880353, 0.9895862034792553, 0.9866555057633728, 0.9435788004434251, -1.9587345006463013, 2.0359805243970377, 1.9595561501812326, -0.9966482534404872, -1.0567980894073497, 0.9732134574184855, 1.979598615354367, 1.9833345152075794, 0.0662254627677496, 2.0006239214479615, -0.9923807977176122, -0.006732011517000593, 1.9893490642344194, -0.0035768142324601633, -1.0335223645251643, 0.021528528324304755, -0.9903846230484405]",15050,0,0.07782793045043945
rastrigin,30,16,60.40929330006088,"[1.987198060906586, -0.9920407003848395, -0.9904856348472356, -2.003593739244052, -0.9932145577601778, 0.9983543857063598, -1.9970363387855452, -0.014153872709767123, -1.0148753241509767, 2.1039935272962005, 0.005975790601488551, 1.9467889683118038, -1.0069150931395785, 0.9363815312190417, -0.0026986267704913114, 1.9951191402510993, -0.9910251230771205, -0.004390545643615291, -2.6183130766098406e-05, 0.00041157255068760947, -0.06491646048175519, 1.9883490857943733, -1.9989625792372723, -0.9843183508372608, 0.004124202545379322, -0.9936653538441339, 0.0057642363129232765, 1.0059157375864938, 1.997255191493611, 2.994278768249812]",15050,0,0.07736015319824219
rastrigin,30,17,70.9579207112877,"[0.9892697928008736, 0.018580699487026776, -0.013916915470036931, 1.0148399867285924, -0.9757401591069558, 0.9747001423876721, -0.9899167991054602, -0.027304579037420805, -0.9849825579577751, 1.0515489130606022, 1.0269300729860322, -0.9824860938562776, 0.09194849306444527, -3.0799662733623134, 2.9641791354748146, 1.0022931649597424, -0.9822892344846793, -1.9641002293631196, 0.0013030020017976937, 1.9742622544174904, 0.0020306367498417353, -0.020688790322890324, -1.940430814247302, -1.0633503131669957, -0.008423192724675392, -2.0314935887025256, 2.999396406543934, -1.0017055910058812, -1.9711077112167996, -1.9552817983041981]",15050,0,0.07737088203430176
rastrigin,30,18,44.94101010834396,"[1.0086667142316872, 2.0064830351176717, -0.002330648073637888, 0.015845951897177867, 0.9823435005788769, 0.9875625992617646, 1.9841092214816674, 1.9972172146205105, 0.011334499089492366, -1.0242114094128982, 0.9800991899605664, 0.989053110179744, -0.9918640754704221, -0.0019315305017997945, 0.0033519231449282132, 1.9916998158084953, 0.0023026308875270757, 1.0069498352572528, 1.991879157300073, 0.9592372809842522, 0.040834028447364966, 1.0003158480456065, -0.9916054771966927, -1.9885490957794247, 0.0004838381798507984, 2.005598970634562, 0.9949046126334594, 0.007163085371246216, 0.010777839670313415, -1.983350710322204]",15050,0,0.07731294631958008
rastrigin,30,19,63.83525304286363,"[0.004830625455043279, -1.978523773234252, -1.0130051971701568, -2.0138690596082705, -0.7605462849303398, 0.9930235316935574, 1.0068476035796234, 0.028363429612520655, 2.9612820938450968, 0.9974771865932369, 1.9963941124851734, 0.008216229039721027, 0.03034686964747855, 1.9517116877457503, -0.05418795687341833, -0.00036147976759374166, -1.9994490074448052, 0.9872256121064336, -0.07892382653624257, 0.0013724048137234758, -1.9819713557240455, 1.0110428676388872, 1.9859533955679882, 0.024508385081643887, 0.9331796994844563, -2.008429804616128, 0.961407488458077, 0.9750030652532354, -0.012744328614543892, 0.011274830375829256]",15050,0,0.07699799537658691
rastrigin,30,20,29.876574061751,"[1.9837218738270195, -0.003702199063371636, -0.020081310294965512, 0.025242431657313665, -0.021523219700704647, 2.9782872606407724, -0.017014266295542403, 1.0025730021255854, 0.00819452894506732, 0.07915002883542782, 1.0000847234806336, -0.0006312824641045737, -0.975257928572803, -0.01637729086648084, -0.9945446296708155, -0.9996715116153554, -1.009078916105684, 0.9687290807786509, 1.0370744346582186, 0.011385860163622396, -0.9869629006565152, -0.990007203517337, -0.008601118508454745, 0.9890510683694015, 0.9780792725539927, -0.9886360463423391, 0.004241152005607552, 0.05267536843251053, -0.979960522913832, 0.006286099917414988]",15050,0,0.07675719261169434
rastrigin,30,21,69.14699949766126,"[-1.99352341227837, 0.97453448391994, -2.0303335004486773, 2.0376404995254584, -1.9821060823350347, 1.0087440365476004, 0.9827856156965756, -2.0575234111540475, -0.09544518359269771, 0.9971339922641999, 2.0181956972731707, 2.9834591929181133, -0.00434409734596647, 0.045744568051322335, -0.9098544437499152, 0.9848011966886486, -1.9750781043358305, -0.07605949545567939, 0.9530122662765724, -0.948289239246789, 0.017087986310962814, 0.9832062979864863, 0.027128046097670274, -1.0131493811169727, 1.0004491988434892, -2.9627439364789785, 1.034776500068871, -1.0258259635342992, -0.9837054514792699, -0.9988147648186336]",15050,0,0.07747507095336914
rastrigin,30,22,84.96550472120538,"[-1.9688970556385454, 0.02975623195744443, 0.012902399473914354, 0.12206468468586387, 0.02001988211213899, 2.9868990314426695, -1.0027709165495968, 0.9824657654548256, -0.0075792589580180696, 0.8661726137425748, 0.9991176586263905, -1.0048341312451126, 0.01820368928053554, 1.031526869279858, -1.9755302589570425, 0.00146699073152424, 0.21711228181309306, 0.0730904518851718, 1.9921102785457816, 1.0071613224958165, -0.03632686731604051, 1.0440504365514933, 2.065133212328227, -0.017851511086911187, -4.962913953160635, -0.014550241597398263, 0.03219982914769409, 1.9948462172688655, -0.035040042909331694, 2.0638452525328828]",15050,0,0.07671999931335449
rastrigin,30,23,48.09252866657587,"[1.989073401695691, -0.991042016243856, 1.015035868452292, 0.9861731958634729, -0.019052865535105813, 1.9155575084887004, 0.00484495806552287, 2.02714891332082, -0.9397542538267323, 0.02856476340033435, -2.092902780180115, 0.988006526731718, -1.0021265998719733, -0.08363871304442046, -0.009458022022465122, 0.9636421137905297, -0.9944143841851956, 0.019670529563709013, 1.0024951995175426, -0.9661200066496427, -1.9806091853168237, -0.9952166665095793, -1.9677183873872537, -1.0193084259106442, 0.9872779885231773, 0.9713086103927482, -0.9457350683611395, -0.9914633485858239, -0.0116134271965435, 1.0321544982194015]",15050,0,0.07712888717651367
rastrigin,30,24,52.88477696890669,"[-1.9694281965983782, 0.9939742466452237, -0.965278770036203, 0.00903201389851217, -1.0070881940301228, -1.9906893148303344, -0.008491764130146294, 0.01283905083128183, 5.047481159074765, 0.9853404223389685, -0.9651965506334957, 1.0058935725914628, -0.9938005094093898, -0.9988695618205126, 1.002445539321317, -0.009095750415092158, 1.000741813648508, -0.9857987010122539, 0.001992672784995436, -0.9862355644583087, -1.003561793245052, -1.015793023953475, 0.9949712612006941, 0.009666741294025494, -1.029190700238979, -0.0017810071771614125, 0.01497696823501839, -0.9966224698419226, 0.01787698868337201, 0.9969390214483174]",15050,0,0.07700300216674805
rastrigin,30,25,56.92591190562487,"[0.0003046683651475191, 0.985262087848258, -0.9981703033817554, 1.9731264339388763, -0.9949913861738776, 0.9934170466549934, -0.9929597300549121, -0.9952251082082809, 0.9976685406925794, -0.9923290526556613, 0.003536964513373203, 0.00637624089572458, -0.9949767855538215, -0.9911326460038201, -1.9898620479461533, -0.9903217563684543, 0.9969845748624919, -0.01477037607850457, 1.0028982129303048, -0.9917741740078351, -0.9997481582259815, 2.986733929015301, -2.984443424000203, 1.98898203989561, 0.003099508376521021, -0.9938636849584691, -0.994814413139508, 0.0036408480178064004, -2.999126120593526, -1.000512126222563]",15050,0,0.07661795616149902
rastrigin,30,26,72.3058939803702,"[0.005532707156667814, 1.0000545608222247, -0.014995542932344945, 2.989539603921109, -1.9966568122392625, -0.9645685963774808, 1.0009803794313314, 0.004699831803642649, 0.0008954334262206852, 0.9849615320700071, -0.9939468474770385, 1.9919075589607957, -1.005300318837607, -0.0020268406886058627, 5.12, -1.00846794501124, 1.9772916852277933, 1.9882683647069523, -1.0024131264982366, -0.01367624169980292, -0.010235030377516566, -0.9936195436636336, -0.0019221355035644308, 0.9721113569842891, 0.004286073736123111, -0.9848162128584863, -1.0034998682806626, -0.9961526341289769, -0.9920051322669727, -1.9827223986403257]",15050,0,0.07691431045532227
rastrigin,30,27,50.16605157840726,"[1.0003308246665512, 1.9937324988097096, 0.9867401029345, -0.0001945634433167774, -2.001416099017206, 0.9847255202649128, -0.014098117187053635, -0.0030600868027262787, 1.0009615583954665, 0.9874828296551984, -0.002874888992377752, 0.0023704691543748784, -0.0020506033038214556, 1.9909195779375153, -1.9878367997052475, -0.9914785819168992, -0.024136428589561255, 0.9899757328071874, 0.9893611842310691, -0.9970247154635383, 0.0014467044518322088, 0.023466725731345082, 2.9779322049551364, -2.990238379154263, -0.9867190250732706, 0.00021260788297842483, 1.9864534060248022, -0.9986491017401024, 0.0010083464990128068, -1.0027230857623846]",15050,0,0.07678508758544922
rastrigin,30,28,59.188221329335335,"[2.056116626579295, -1.9909157112117246, 1.0269055414141537, 0.9768161976018567, -1.112154452864683, 1.9868158714031396, -1.0099115400436924, 1.0034329936960567, -0.008433978624791599, -0.011949850285695887, -1.952231758748777, 0.9864781522090476, 1.9920525227971022, 0.012475221184487783, -0.07690039066882745, 1.02818197019566, -1.007459896061978, 1.9853823258276126, 0.003730183772468104, 1.0533148772354701, -2.0097065512705665, 0.9951014741594354, -0.9652914516127608, 0.9862251876721926, 0.99291134742789, 1.059700149481877, 1.0251878908890124, 0.980227735389684, -1.847171603724381, 0.02821828314368534]",15050,0,0.0769968032836914
rastrigin,30,29,58.865246248874826,"[-0.9950183415757174, -1.9819154048889018, -1.9996141416888045, -0.9986526281006427, -0.9935477001588504, 1.0078889944368206, -0.005558153321610028, -0.9927717960687263, 1.0144034695240565, 0.9797355761568016, -2.919745157720435, 0.9953650653397488, 1.9655558385338332, 0.02567502168386408, 1.003084140536954, -1.9716381941378824, -2.0057529333420314, -0.9509662915514749, 1.992592155064849, -2.029450354006402, -1.0006889263552265, 0.012232630378558498, -0.02135424670801566, -0.00031896407633617493, -2.0784364059424965, 0.008339209418581591, 0.004287704443981431, 0.9894536061689523, 0.9511863922631404, -1.001408911481638]",15050,0,0.07712697982788086
ackley,2,0,8.748797621338511e-05,"[1.6973493879691987e-05, 2.5847861070637452e-05]",2940,1,0.018297910690307617
ackley,2,1,5.5077934892455715e-05,"[1.2801483651639029e-05, -1.4669028867178861e-05]",2550,1,0.015870094299316406
ackley,2,2,4.297905836780913e-05,"[1.1720200053103823e-05, 9.668029921708967e-06]",2580,1,0.0158541202545166
ackley,2,3,8.300432280394787e-05,"[-2.056809039487876e-05, 2.092110913291741e-05]",3300,1,0.020198822021484375
ackley,2,4,8.645594721956584e-05,"[-2.6088341491067437e-05, -1.5911942920972866e-05]",3150,1,0.019609689712524414
ackley,2,5,9.99684406868262e-05,"[-9.764892622637369e-06, -3.3956256505926415e-05]",3300,1,0.020274877548217773
ackley,2,6,3.5997617665817216e-05,"[-4.654599817502931e-06, -1.1843751745340336e-05]",3270,1,0.020021915435791016
ackley,2,7,3.1717771062478306e-05,"[-1.0677675105009391e-05, 3.4224018177547917e-06]",2820,1,0.017153024673461914
ackley,2,8,1.746935093338564e-05,"[-5.33378893559117e-06, 3.113444659865388e-06]",3540,1,0.021424055099487305
ackley,2,9,9.655605536140754e-05,"[-4.2812900079615694e-06, -3.3857141745099475e-05]",3210,1,0.019594192504882812
ackley,2,10,4.068979270543949e-05,"[1.4357062939280481e-05, 8.809692403589572e-07]",3330,1,0.020281076431274414
ackley,2,11,8.16119503821433e-05,"[-2.877626794788794e-05, -2.0095236169830792e-06]",3360,1,0.02046513557434082
ackley,2,12,5.269394980489395e-05,"[1.8562546432780632e-05, -1.5465168521669367e-06]",2580,1,0.015749216079711914
ackley,2,13,4.293760241980138e-05,"[-1.496811392055479e-05, 2.5188149573494124e-06]",3300,1,0.020110130310058594
ackley,2,14,9.85188649917923e-05,"[1.3495439490399021e-05, -3.2098658902758245e-05]",1980,1,0.012027263641357422
ackley,2,15,9.004433457393546e-05,"[-3.0925032098078325e-05, 7.518849230452593e-06]",2430,1,0.01503610610961914
ackley,2,16,7.985288221279419e-05,"[2.795147398280601e-05, -3.9181660929092275e-06]",2490,1,0.015117168426513672
ackley,2,17,3.531990761063142e-05,"[9.985270006180967e-06, 7.496313279329355e-06]",2550,1,0.015614986419677734
ackley,2,18,7.04860560429843e-05,"[3.3117993993272235e-06, 2.4693648126063983e-05]",2700,1,0.0171966552734375
ackley,2,19,1.5190125691066925e-05,"[5.243986045275044e-06, -1.1576631351445637e-06]",2490,1,0.015526056289672852
ackley,2,20,7.166760942611816e-05,"[1.4529666601069478e-05, -2.0751227425862924e-05]",2820,1,0.0177001953125
ackley,2,21,7.287794314736473e-05,"[-1.941200974157019e-05, 1.6933732710877413e-05]",3060,1,0.018896818161010742
ackley,2,22,8.144083075878328e-05,"[-2.792902453449783e-05, 6.9711201502857555e-06]",2820,1,0.017506122589111328
ackley,2,23,5.524538001866475e-05,"[9.95614723052436e-07, -1.950320510867361e-05]",2910,1,0.01793503761291504
ackley,2,24,3.7746324498488804e-05,"[-7.305623010634972e-06, -1.1166076325396166e-05]",2700,1,0.01667499542236328
ackley,2,25,4.1040827767790944e-05,"[6.484925504600784e-06, 1.297813278699777e-05]",3240,1,0.019819974899291992
ackley,2,26,8.535740423143423e-05,"[1.2585742608619836e-05, 2.741929517844999e-05]",3300,1,0.02028679847717285
ackley,2,27,8.675638399724406e-05,"[-2.4535763227704982e-05, -1.8392583050502636e-05]",2790,1,0.01719975471496582
ackley,2,28,8.227211039057991e-05,"[-2.7387553682698174e-05, -9.774780950558065e-06]",3180,1,0.019428730010986328
ackley,2,29,6.83535277343772e-05,"[2.29412321038296e-05, -7.580228385613717e-06]",2730,1,0.01673102378845215
ackley,10,0,0.00011961397777726646,"[2.1532328688837212e-05, -4.4439479608374844e-05, 4.965335494022653e-05, 2.0274168723608994e-05, 2.698382584964247e-05, 9.146755866078499e-06, 4.266064219732664e-06, -1.0007688382168557e-05, 1.3325728494323946e-05, 5.012336890154411e-05]",9030,0,0.05666995048522949
ackley,10,1,0.00012232290994207418,"[2.9662730024891573e-06, -1.0111889080390718e-05, -2.6478397384184125e-05, -3.344437779450785e-05, -6.088705885190487e-05, 1.4858787443560416e-05, -1.2279359890829735e-05, 1.3554095876411119e-05, -2.92639132239002e-05, 4.790229680814859e-05]",9030,0,0.056925058364868164
ackley,10,2,0.0003185474393032628,"[-8.89962709512092e-05, -2.3614354453088897e-05, -0.00013466532764036776, -4.397553042049824e-06, 4.027337901845313e-05, 7.989816203299539e-05, -4.8375800869715865e-05, 0.00011950325544512395, -8.510910019632807e-05, 6.916380161097754e-05]",9030,0,0.056559085845947266
ackley,10,3,0.0003431820439243616,"[-2.005472358953411e-05, -3.65906438156045e-05, -0.00016278515959998783, 2.820503797063497e-05, -1.3245562882102093e-05, -7.227745743451531e-06, -7.518746947215334e-07, 0.00011562059138338029, -4.858606914297831e-06, -0.00017545777977740685]",9030,0,0.056906938552856445
ackley,10,4,9.711629385167342e-05,"[-1.8222597364524074e-05, 7.154075502997646e-07, -2.351677914492046e-05, 1.2567448742048982e-05, -4.599993884474402e-06, 1.314714364993936e-05, 3.214119068127071e-06, -2.2591180877039374e-05, 1.429722589526703e-05, -6.267584540680556e-05]",8880,1,0.055864810943603516
ackley,10,5,0.00011142331419877749,"[3.209519006628272e-05, 1.0152505582946243e-05, 9.904006357791672e-06, 2.6844392497427737e-05, -3.4201346822682396e-05, -1.7981564600060175e-05, -2.5288766719695585e-05, -5.630513500657722e-05, -1.3740026954763285e-05, -1.7612186622091194e-05]",9030,0,0.056507110595703125
ackley,10,6,0.000153873852628994,"[2.1186944826345495e-07, -7.583641180560703e-05, 4.321812931866585e-05, 5.248927028945764e-05, 3.579486294801569e-05, -1.8511912452975274e-05, -3.985016875994015e-05, 2.7165686398398835e-05, -1.74750765995997e-05, 1.239350769263516e-05]",9030,0,0.0566401481628418
ackley,10,7,9.649913111475783e-05,"[3.98462577480343e-06, -2.417304281946932e-06, -2.2050977480691868e-05, 4.4120786576781605e-07, -7.584605758076851e-06, -3.366521813177738e-05, -3.609003896275876e-05, -3.422458318655794e-05, -7.3343688802137905e-06, -3.987073631662749e-05]",8730,1,0.05464982986450195
ackley,10,8,8.896171025840616e-05,"[-1.954230302167726e-05, -2.6363146125524175e-05, 1.7890820018743527e-05, 5.620784987044703e-06, 3.1864195951614654e-05, -1.761611743515176e-05, -1.6119928796389408e-05, 3.141400361167794e-05, -2.6634426865196476e-05, 1.526788252173775e-05]",8280,1,0.05175900459289551
ackley,10,9,0.00020231317370944524,"[7.441906237553597e-06, 2.427560078740237e-06, 6.285745791557231e-05, -1.3518962079040175e-05, -1.554334360814754e-05, -2.2815863206056036e-05, -0.0001296969038081727, 6.0080191710767996e-05, -1.102584543776749e-05, -6.123699107128164e-06]",9030,0,0.05658316612243652
ackley,10,10,0.00010094216768452569,"[-1.4082275845231754e-06, -1.8706884532144307e-05, 7.745768120969822e-06, -7.973633524214967e-06, -1.3394281471402395e-05, 1.4692560008547419e-05, -8.311678654355473e-06, -9.388013234784288e-06, 7.252486963284047e-05, -8.728686112667462e-06]",9030,0,0.05652308464050293
ackley,10,11,0.0005065497147396236,"[4.9395285554504864e-05, 9.560054105094837e-05, 0.00011168214337623011, -1.2735916293808751e-05, -0.00011952487727400752, 4.509809763620092e-05, 0.0003232591210499398, -3.899860570997864e-05, -7.599336401794047e-05, 8.663152284221019e-05]",9030,0,0.05668830871582031
ackley,10,12,0.0003337582356768287,"[5.853307744663026e-05, 0.0001060770988257241, 2.2865017898530496e-05, 4.809142439056094e-05, 2.3127097069639582e-05, 8.324112263038291e-05, 9.174491071734254e-05, -1.9229901475625564e-05, 0.00017986966292262818, 5.7873242004120905e-05]",9030,0,0.05670785903930664
ackley,10,13,0.00011107951039734942,"[1.4611776158536272e-05, 9.903945542610892e-06, 2.482066544219391e-05, 4.934294652301631e-05, -3.9750102319100245e-05, 1.921012767177295e-05, -4.4802264213141555e-05, 1.4630125755157116e-05, 4.159643095051709e-06, -1.2485755754424088e-05]",9030,0,0.05749773979187012
ackley,10,14,0.00012751387767950817,"[6.560370840729595e-05, -2.068581847403877e-06, 6.216379563025377e-05, 6.932956501799405e-06, -2.3478408455782585e-05, 1.102379765903539e-05, -2.1776899524773627e-05, 1.1468254613787816e-05, 2.531451051543763e-05, -3.7260333860986524e-06]",9030,0,0.05669283866882324
ackley,10,15,8.601946245834213e-05,"[-4.1447577469267396e-05, -1.3016959023470865e-05, 7.161919362272517e-06, 1.935972311564043e-05, 1.5697253925404116e-05, 3.543095534651305e-05, 4.470488849681141e-06, 2.4667651741729188e-05, 1.2480978912198957e-06, 1.32935628632067e-05]",8880,1,0.05553579330444336
ackley,10,16,0.00017711947008480777,"[-4.99338725251414e-06, -4.05681602326597e-05, 7.709275449593409e-06, 1.4347048668592543e-05, -7.637974154501206e-05, -5.432977634549115e-05, 4.8131072678114615e-05, 4.690880574949164e-05, -6.344257130253008e-05, 1.7900171348298412e-05]",9030,0,0.0565190315246582
ackley,10,17,0.00010709808141529109,"[5.0385562286396595e-05, -3.810713539556351e-05, -7.769123687099082e-06, -2.903411492037231e-06, 2.8785945873326366e-05, 1.583431374480395e-05, 2.0475407896447443e-05, 1.9978988288391324e-05, -3.283092988551009e-05, -1.1329904767970657e-05]",9030,0,0.0565180778503418
ackley,10,18,0.0001513445817633574,"[-2.2838426141576843e-05, -1.4651648234803278e-05, 3.549093805084321e-05, 9.283593030902941e-05, 1.7734911638466018e-05, -4.189704561464668e-05, 2.9983164077777173e-06, -3.7215833833016104e-05, 2.615706096275075e-07, -1.4932734661895797e-05]",9030,0,0.05644702911376953
ackley,10,19,0.00012744850180057554,"[-4.3382769113780895e-05, -3.892086918085657e-07, -1.0163322204702403e-05, 4.8809076001949e-06, -1.3526796371535413e-05, 2.815116567456136e-05, -8.124446263960494e-05, 2.214071266525362e-05, -1.2652597711470867e-06, -8.128751928102896e-06]",9030,0,0.056484222412109375
ackley,10,20,0.00022380976114222406,"[-6.063629932403437e-05, 6.82546065877894e-05, -6.085042600824962e-05, 2.3082872955466655e-06, -1.0399122508234778e-05, 6.569948360971722e-05, -4.691610968826235e-05, 6.190513832026518e-05, 8.026315268485052e-05, 4.8130427780855066e-05]",9030,0,0.05647635459899902
ackley,10,21,0.00020611745296905681,"[-6.764125033020746e-05, 2.01766803090872e-05, -6.304325888476978e-05, -5.481573833404779e-05, -4.8794528038275195e-05, -7.093375190792017e-06, -2.523081104658639e-05, -5.368869047972126e-05, 2.0786557652962545e-05, -9.04010724668357e-05]",9030,0,0.056632041931152344
ackley,10,22,0.00016575763334403248,"[3.69007863276088e-05, -4.020430682186019e-07, 5.7139712971334955e-05, 1.9963140625864345e-05, -1.1688211580480614e-05, -7.808482238808525e-05, -1.906674091847948e-05, 1.5615007347265007e-05, -5.035202097564774e-05, 5.245446090344525e-05]",9030,0,0.05657315254211426
ackley,10,23,0.0003446630068322243,"[-9.88627562572211e-05, -0.00012744077329181097, -3.3515041645076703e-05, 0.00013699886928251274, -4.839983766733914e-05, 3.3409915916852214e-05, 1.9469800207346972e-05, 0.0001495134069868902, 3.199649199960407e-05, 3.0865586908159906e-05]",9030,0,0.05689692497253418
ackley,10,24,0.000304447243348438,"[-1.6176842380550906e-05, 3.71128232980398e-05, 0.0002027590491300099, -2.1346632064256608e-05, 4.193183082751261e-05, 4.95912049665919e-05, -1.9767885551389944e-05, 9.539247803803884e-05, -2.6818166276097135e-05, -1.340628418627753e-05]",9030,0,0.05661892890930176
ackley,10,25,0.00025994278835783646,"[1.024628254311519e-05, 0.0001031008077180011, -8.259870889674104e-05, 4.638942693349987e-05, 0.00013388940600562543, -1.7504626700522085e-05, 3.5113142156576272e-06, -5.2227829836344056e-05, 7.751341584520234e-06, 3.7633146877793026e-05]",9030,0,0.056558847427368164
ackley,10,26,9.445150299614014e-05,"[-4.045296987711453e-05, 6.5034373145042505e-06, -1.0078370097357187e-05, 1.5119060581622742e-05, 3.072602344400293e-05, -3.656223298180775e-05, -2.0003923945637153e-06, -1.4236341984874696e-05, -2.7112576484293042e-05, -1.845607550385515e-05]",8340,1,0.052332162857055664
ackley,10,27,0.00011399164570891074,"[1.5896122292175523e-05, -2.33850432523021e-05, -1.4318204847840575e-05, -2.3007118435209517e-05, -1.3500787729374674e-05, 5.957067739592518e-05, 3.070338385333463e-05, -3.148963861543046e-05, -2.999808729622798e-05, 4.018686511534012e-06]",9030,0,0.05673098564147949
ackley,10,28,0.0002187370456252502,"[-3.298159044753775e-05, 1.3014843967954346e-05, -5.1114306754427346e-05, 5.8421860743647136e-05, -3.838063187622603e-05, -2.3426161220052305e-05, 1.2807202217568758e-05, 5.603889785815101e-05, 0.00011534120601668683, -6.28285552008248e-05]",9030,0,0.05643010139465332
ackley,10,29,0.0001433643770245574,"[2.3315860189589727e-05, -7.422622570871263e-05, 9.503955810314102e-06, 3.15862202517693e-05, 3.730604399777711e-05, -3.4399313059197747e-06, 3.0255602820999502e-05, -3.9423879626198884e-05, 3.261382179278167e-05, -2.748707755145468e-05]",9030,0,0.056584835052490234
ackley,30,0,1.940248750556393,"[-0.002381708788157697, 0.8713996525410679, -0.8535553363810963, 0.1128033147607351, 0.19718374749260562, 0.18256729573730313, 0.7991919334663596, 0.02309604456500424, 0.09492005538515469, 0.12771907757057926, 0.16312839831322273, 0.04235184628229153, 0.01985749903195931, -0.1074518238483181, -0.10814601274852896, -0.15276661103779365, 0.037881328241739044, 0.051850279395592544, -0.21078105879432912, 0.03484716999974595, -0.054149062577726476, -0.032210132774078484, -0.8458398809639743, 0.026314363704606138, 0.150633402937864, 0.10884337276390707, -0.04412805089473736, -0.3508515877813951, -0.018593803882387662, 0.017721376508278344]",15050,0,0.09770321846008301
ackley,30,1,1.1582204356491528,"[0.09759395611888597, -0.26458677546352355, 0.05007448314525231, -0.010520302011861285, 0.09044868746083184, -0.02104558082214509, -0.10697933470037514, -0.05487115431820519, -0.07084850323089907, 0.1924233755347736, -0.013875209097765795, -0.06836731650703609, -0.0529316470656562, -0.04095843694170064, -0.5197302952626538, -0.1311215521672367, -0.11440434120607013, -0.08892925871340343, 0.12205237752519148, -0.07729992921649012, -0.11757406349204377, 0.23304459548193118, 0.007445882391279043, 0.1315626833335549, -0.06970764360122184, -0.08728487820710715, 0.04911123398320538, -0.00014293502149879261, 0.011523277284816558, -0.01703379848364167]",15050,0,0.09795522689819336
ackley,30,2,0.8421539507618836,"[-0.029533153895584356, -0.10532580869733618, 0.020243804671879174, 0.10527580979020909, 0.06596046444721092, -0.009714781444969012, 0.13847495785343394, 0.04260321166430465, -0.12610175482336405, 0.04379033573085987, 0.09010845278603508, 0.12710904381618804, -0.03777741590973312, 0.02846585919383038, 0.06304191978174642, -0.40320149027521945, -0.03186825132241497, 0.09913826474832302, 0.06754250888136948, 0.04061950842092829, 0.16425568114777178, -0.0006022302337736658, 0.06623174867344017, 0.04591546382258966, -0.13039596870641848, 0.007834454018773987, 0.04608537654368392, -0.07017512000995314, 0.02425814082541763, -0.023776720346797196]",15050,0,0.09826326370239258
ackley,30,3,0.8554515063547474,"[0.21203729392162293, -0.028826792356377626, 0.061729200383325536, -0.14388992628942926, -0.09017234865004765, 0.18405150673906273, -0.05159827014665004, 0.047263779252228695, 0.04148301483998307, 0.03665175650165982, 0.06190120191815934, -0.145270293143347, 0.030174219137050817, 0.03186220940502333, -0.016229068370069943, 0.023140329761211147, 0.03595412865610833, 0.0007402700504579346, 0.035912378127192536, 0.0248687295034538, -0.021868612390934128, -0.34267887065873015, 0.01377115807089379, 0.037434895486037276, -0.061869417554831455, -0.1445196940200313, 0.08325995394135342, 0.10876344219998998, -0.10417880725030504, -0.009327005321675429]",15050,0,0.09802389144897461
ackley,30,4,1.4639221671747014,"[0.07665640299484656, -0.9214118342547312, 0.011748181713516874, 0.03831901675602671, -0.07342764861766007, 0.08600208907146169, -0.019123461955380654, -0.9199119961922989, 0.9167197107344226, 0.05186081793573288, 0.008329172067091124, 0.010965282932523036, -0.02956297609892703, -0.06386321020694663, 0.042762123750436344, 0.04917132381841818, -0.016250234877144734, -0.10838956285061536, 0.0486099591401184, -0.05351476105708923, 0.026854276257101836, -0.9949602851138637, 0.018825134814261443, -0.03605854143698923, -0.005521602472814732, -0.027923139387907355, -0.003695470818335012, -0.0015492449030044347, -0.011818196402427048, 0.047380178614207485]",15050,0,0.09797501564025879
ackley,30,5,1.0574935647654908,"[-0.05889075916160588, -0.17596311103049228, 0.02054597291524657, 0.1705401831371803, -0.02584181050481152, -0.12553251880539507, 0.03300345476314371, 0.03001052552000271, -0.04825727649677153, 0.005462404000818372, -0.06893459582051444, -0.09786886484417623, -0.004565858611025812, 0.07876220172361416, 0.11009202197545134, 0.6678283374832535, -0.009675720996233728, 0.03074464480174388, -0.12964619348155149, -0.039530878776006376, 0.05448184776310678, 0.15826425932546812, 0.12794548389367033, 0.05573051101651962, -0.058500947510719145, 0.09476789652436818, 0.04589155214615892, -0.024246267527864157, 0.16106659132109724, 0.0008455773571025647]",15050,0,0.0979619026184082
ackley,30,6,1.2936165213926825,"[0.21314147918738308, -0.12672563572491158, -0.126067316088005, -0.12080663642321426, 0.0991159661525929, -0.13344770779465095, -0.04525662582557764, -0.16682432689353746, -0.08531196766825247, 0.1105663408027354, 0.07400963819422221, 0.14929958573858026, 0.0670316213711491, 0.09224866563964798, 0.09970957367948632, -0.03207090819551149, 0.1739118217488599, 0.03381617993990241, -0.13285162709963882, -0.02304762246954472, 0.03745875821457649, 0.08214332249442155, -0.7844306491619384, 0.2312153392538031, -0.06362541669874856, 0.01782246907911319, 0.0877114770285078, -0.09959684328119911, 0.052462979104959256, 0.03806312293717915]",15050,0,0.09789109230041504
ackley,30,7,0.5359177806045499,"[0.07413404419678611, -0.010168306264986084, 0.027370030345508514, -0.1319194678635623, -0.07067154691617088, -0.11664035421495059, -0.0036509955944097547, -0.020696178805649945, -0.09736934450673541, -0.07332441436440891, -0.09204384264411747, 0.0939325607441141, 0.0284514399266125, -0.07035970491716044, -0.16145093134830407, 0.02495592532458163, -0.034175364896905785, -0.053283903278002, -0.049880702668411256, -0.052158938926648774, 0.001263432962526581, -0.006541541874586582, -0.048068887907938146, 0.10411797745873022, -0.020436411337636327, -0.11808945359049235, 0.07857480165999167, -0.00047853338561669456, 0.004530714337958278, -0.05820541729815905]",15050,0,0.09775781631469727
ackley,30,8,1.2798226477852315,"[-0.03988918630812961, -0.06185899240684203, 0.27591688079792653, 0.00919287575458825, 0.0789475580200372, 0.03446172179084519, 0.42788652349740736, -0.029004669806757172, 0.04900493492803974, -0.0036248128863481804, 0.1383170045903216, -0.015637134418060045, -0.050096896428307114, 0.027756497097536328, -0.17377588520289733, -0.1433524331707, -0.09107025206594133, -0.36550305727381416, 0.011606275911415276, 0.02612908838439691, -0.14894294905904082, 0.13554157587432808, 0.1434859771396963, -0.0009479949572191448, 0.11176330280658864, -0.05441457447558676, 0.12222571892455272, 0.0023503718141773267, -0.02403398201965396, 0.21573257397200607]",15050,0,0.09797024726867676
ackley,30,9,0.7997955923075222,"[0.06498331744101885, 0.11266473442920388, -0.24541779269306666, 0.000292440479831315, 0.06207069300583544, -0.16783164081505295, 0.029911685412184516, -0.0857901688295216, 0.18999394596949232, -0.08848374574392354, -0.002050457561479585, 0.049217649898537386, -0.08726100720950775, 0.11994112855325945, 0.027381139988679942, -0.005314377818738279, -0.11092442107297956, -0.11183330943402904, 0.004560767456705202, 0.032141883846106334, -0.08698147859564183, -0.10305810458735336, 0.11865888337993186, -0.05618947645650623, 0.00043851676215919417, -0.029982758759893674, -0.040759650251489254, -0.0016694279785593093, 0.16452747278791896, -0.024703844697563926]",15050,0,0.09810829162597656
ackley,30,10,1.4238993841619956,"[0.14082898137716413, -0.10250936367118425, -0.029389308906027825, -0.017135829607846348, -0.04016968789232727, 0.01874027465084091, -0.08693124357737234, 0.10460658607572904, -0.08687712291145713, 0.047450441071350664, 0.058601175623992335, 0.25784499088211105, -0.0019731085823774096, -0.010763221722192656, 0.0934206957093888, 0.03096938304682783, 0.14376483450454108, 0.1514599154309931, -0.052038976999169595, -0.07465628020393089, 0.05740058116805992, -0.6773258649349339, -0.1650701750230429, -0.06670893145190997, -0.8627762450108343, 0.17536216215269462, 0.08648672065911006, 0.09176762772584457, 0.0707306552977649, -0.025763922577974233]",15050,0,0.09901905059814453
ackley,30,11,1.7553239920344414,"[-0.12634818186881036, 0.03656559689580452, -0.14685333427238922, 0.11423846904567495, 0.13577178855920113, 0.06847423524849919, -0.22677138691838866, 0.2798392726443535, -0.08157871764225608, 0.10898492722460847, -0.0023617627303213207, 0.08457169692285449, 0.00830151363444849, 0.013758829958540074, -0.09199022084763209, 0.9216869409757588, -0.07581210874122396, 0.9185726660756798, -0.05048150084011108, -0.8455613767425736, 0.02189770298421506, 0.12307881478478813, -0.14720599814354707, -0.038377964812439894, -0.10878797702464843, 0.001088496694756678, 0.07172884437923321, -0.06907793051305561, 0.11523773053743255, 0.21664651630669743]",15050,0,0.09842610359191895
ackley,30,12,1.7447013830439713,"[-0.008321323491554516, -0.06822528460004518, -0.08952716833062588, 0.012357846934147303, 0.005125629685715099, -0.03668293806979669, -0.0351004909233672, 1.0179271210912821, -0.10213885887953109, -0.05010012667508561, -0.005238363858634035, 0.008597562852124721, 0.12368975188326066, 0.8698396287306538, -0.9440086004195541, -0.17221486110846929, 0.004024468650748531, -0.04122262632935626, -0.05026391000219675, -0.002651547810703724, -0.10929354883639858, -0.023863150984366737, 0.08232927919797063, -0.09656386277880527, 0.03181502521471123, -0.8428568085238269, -0.0004193417762590535, -0.04336244967608388, 0.776064067264065, 0.022974503601873194]",15050,0,0.09807586669921875
ackley,30,13,2.0333461434794384,"[0.7962818632485577, -0.026931862887006594, -0.009444498217163491, -0.09119471760193433, 0.2019463502046521, 0.05935211858582798, 0.04576945259612289, -0.9724089142383187, 0.15546899710379772, 0.09230954755730489, -0.7668133074386764, -0.14975693630790277, 0.0030538958375070048, 0.03812319855115426, -0.9344457219344844, 0.054959890330008046, 0.008237412684634515, -0.019671532349295237, -0.09705933136655137, -0.002640961927022595, 0.8232115734134351, 0.22476348625957662, -0.16107712467004132, 0.17030205367507262, 0.076233363450147, -0.016038753336693794, 0.0029705241912995894, -0.071392778741204, 0.08594604855375512, 0.25383882414838976]",15050,0,0.09785723686218262
ackley,30,14,1.4707840061097035,"[-0.0890838590878444, 0.1004242892416512, 0.09578421495479128, 0.004268257514285584, -0.03208786079803572, 0.8770541616457644, 0.1302301603482453, -0.019721259374286555, 0.08020134538215123, -0.023331752938324624, -0.893899339076367, 0.037326141857178086, 0.22822075586079654, -0.0035456152479904635, 0.002360068267227699, -0.06774792175130384, 0.1427367665083764, 0.04077072298119486, 0.048594571720005614, -0.007415762174965618, -0.09277771057226057, 0.02706283445076979, 0.044681603019507896, -0.11229600070638428, 0.01556679774808557, 0.25715315791258964, -0.05136881886741096, 0.04707689671082781, 0.00989721033641356, -0.31767688235623276]",15050,0,0.09820795059204102
ackley,30,15,0.4494462443041276,"[0.06500869293573934, -0.04068706376246033, 0.04611410324508284, 0.05937794056651852, -0.0012110997516850477, -0.06951361973423265, -0.0420865422357915, -0.06036647398407713, 0.11780607921024548, 0.013459917704359559, -0.05237248311264553, 0.015531585971554308, -0.043431880438040305, -0.0685513126842151, 0.021791334225102668, 0.056041040908121724, -0.06793910923220128, -0.07863872519535563, -0.034862321582436934, -0.09241598869037193, 0.05103357975176227, 0.0969209347797442, -0.0364367722512009, -0.07595112762609296, -0.03549999255938893, -0.1369029359944545, 0.07080026670467403, -0.03925406085468984, -0.003928954269865774, 0.059971466152860246]",15050,0,0.09791898727416992
ackley,30,16,2.258402419219401,"[-0.04619976789173211, -0.2355380396662911, 0.13835841323113476, -0.011098157826802475, 0.047937597401239374, 0.17733808714052932, -0.07648968305235243, -0.014328178198028969, 0.2282058624811016, -0.20613175689810792, -0.03134515620320477, 0.07947416889917985, -1.0006550847829943, 0.036927468518419625, -0.9030618591316206, 0.07736351923283788, -0.007716955604312242, -0.07634451258000467, -0.029655646054784397, -0.22366752430718573, -0.14915523297654282, -0.17847313758664268, -0.8513038546908828, 0.10109226688584533, 1.0039231721565012, -1.0122692800916473, -0.1124154128416687, -0.08904652405628188, -0.8885431812201546, -0.014381950172934102]",15050,0,0.0982050895690918
ackley,30,17,1.2552259836033604,"[0.03495112688164626, 0.05821082531388536, 0.41272101885760387, -0.128667467456092, 0.1242584064330068, -0.014996753721465224, 0.09361240721805814, -0.08454338198184744, 0.15348914194173324, 0.07468871355309475, 0.11191389823943668, -0.05740631760202473, 0.03348745905302375, 0.06407644702439771, -0.06847207832822395, 0.514364468282774, 0.035629662921693506, -0.006615913848968424, -0.08038183251819482, -0.08062153128397145, -0.08417912420246985, 0.007910417739120101, -0.09265357584664519, -0.22609658700982166, -0.07055892773175246, 0.016438706560801084, 0.11669094606598295, -0.02882098673273792, -0.19076586478458202, -0.04479468820065825]",15050,0,0.09822487831115723
ackley,30,18,1.2962780632213442,"[-0.04837041166996357, -0.17191818484939675, 0.06927143613105524, 0.06311833321626256, -0.042566762576189014, -0.04686093423617886, -0.3615373269464629, -0.015062160981139045, -0.1506534802088669, -0.01868498144071603, 0.01189607689609459, 0.09665739049619393, 0.07263788236714215, -0.905733802486217, -0.012932158708342807, 0.07104828793789968, -0.08774679188399795, 0.054171905961281325, -0.03587352212766903, 0.027367335140256577, 0.06780054487915421, -0.07316202527010049, 0.1402992559468653, -0.2969375561911581, 0.05035680445969154, 0.004616809793734293, 0.0007608739353764903, 0.09019618261233056, 0.11866199754309731, 0.10755168595649256]",15050,0,0.09806513786315918
ackley,30,19,2.1178434401605917,"[-0.9507133471338723, 0.9084671008626901, -0.03212884530412877, -0.9523808877039589, -0.10647587289656764, -0.0005614816226106636, -0.020340772556724528, 0.12497405686502967, 0.07023209695691374, 0.0518676488423675, 0.9111158009843562, -0.009744862093596294, 0.01634142321651978, 0.03446111478615916, -0.01737245027695961, 0.006145148223655151, 0.9580782864969216, 0.02395001997256943, -0.0023825932837368254, 0.8670260714107388, 0.04063343105212482, -0.05188234969570105, -0.9183448117001617, 0.017951157352437783, -0.00983179442620419, 0.07988380385750057, 0.014447052170902778, -0.0481800940163701, 0.9336773793469871, -0.9118089901510464]",15050,0,0.0978231430053711
ackley,30,20,1.6377121064003117,"[0.19480623288176832, -0.007065564464538827, -0.04477785573714747, -0.16148525312950268, -0.1683872561038017, 0.0836122117135416, -0.030479797556016743, -0.00653828506764104, -0.07481256507530223, 0.05975068033721609, -0.3054535127454819, 0.42239538275685845, 0.04581314061927497, 0.049741377793466796, -0.3799842004100301, -0.14154837342034393, -0.06765711302353919, 0.013107952769412234, 0.28123042943830057, -0.21865312720069208, 0.25750702637213446, -0.20619018444400009, 0.036078290536743725, 0.11863108725538461, 0.07421681337602662, 0.03612157787216013, -0.01312105280343867, -0.10344473173002729, -0.22653210618519348, -0.12327496846180042]",15050,0,0.09809613227844238
ackley,30,21,1.249600179801988,"[-0.1141491775713961, 0.09639613318276674, 0.02015631045576693, 0.7712449624865791, -0.016234271158852488, 0.07751351923146549, 0.1827613341172561, -0.07009425656907137, 0.004752420918989558, -0.14863500098307766, 0.03259543206175633, -0.13404576755021883, 0.04015282426983202, 0.1856736304720736, -0.06331854643889837, 0.2846658300676496, -0.042548955830661296, 0.08923288472603103, -0.02147387963937237, 0.12598371242609654, 0.09536191660937589, 0.048579325170077015, -0.020464263258529014, 0.1442131860656547, -0.05679846514042318, -0.12583744823574647, 0.030863709525031813, 0.014543677629535647, -0.17916391038352797, 0.005583338394038241]",15050,0,0.0986180305480957
ackley,30,22,1.2438171920241854,"[0.09452879239326928, 0.009334185330335771, -0.06015717821484202, -0.004462072931793061, -0.002196394474821434, 0.07986554936084973, -0.011011282811171405, -0.017873148110812816, -0.02287064607932464, -0.01233522153819272, 0.03455205731975119, -0.13982229932994802, -0.2675198890661438, 0.1568011544912334, 0.029246957271166312, -0.04408658853185368, 0.0022141755196029, 0.05258677160053112, 0.10012338122698419, 0.8454126349724507, 0.10664051540718023, -0.03659501600952109, -0.04169176353417394, 0.03053038011985401, 0.044821182263088476, -0.8259032685897342, -0.009267044456885441, -0.0782146730122826, -0.047120258157164155, 0.008101977967758286]",15050,0,0.09795713424682617
ackley,30,23,1.3124181624383557,"[0.01319732239527259, -0.024976608788924153, 0.028565612465989328, 0.023217160787755944, 0.05082443995361666, -0.11520664836161999, 0.18784536382549655, -0.09073239672230643, -0.10304260302259155, 0.07335478040241591, 0.007479448702572944, 0.1014604793544243, 0.10370924236495598, -0.25626496587024167, -0.4683725271570265, -0.13275342259554845, 0.21702794701139458, -0.06823735968510779, -0.2116684605806258, -0.09110347254778182, 0.12837381972028522, -0.012542877209055094, -0.10175550199925884, 0.015182697429364955, -0.051097624860129434, 0.2559044412648507, 0.10505030640799908, 0.12528575617115464, 0.0760841324598511, 0.11185647038621191]",15050,0,0.09808611869812012
ackley,30,24,0.879133387713289,"[0.044008918916306115, 0.025383542516782175, -0.15419872745273422, -0.048774919443354214, 0.15917757752327544, -0.10328435961644905, 0.05198139616116191, 0.10635696159571052, 0.10087311175618008, -0.017722917118507535, -0.04696147485442875, -0.2820203030492151, 0.016175574944972987, 0.11649196888723769, -0.05175039544737403, -0.09582925395298064, 0.11306457602910791, 0.01420022929543168, 0.06503326703846518, 0.19230728166870656, -0.12634896977551557, 0.012038823155944768, -0.017772857394105862, -0.035249068478643245, 0.042820428403644153, -0.1440776131414964, -0.1584426814970057, 0.04553759895092513, -0.0587241908574285, -0.0006479315281616386]",15050,0,0.09862613677978516
ackley,30,25,1.2044244760012366,"[-0.0478846574079716, -0.0035945809198406897, -0.08904339724786224, 0.1515404450839938, 0.3531034403754156, -0.05291051270229675, 0.04541943083046036, -0.007570657733054318, -0.08093284762263767, -0.07272171436961755, -0.017923568513576116, 0.02094313919190334, 0.13303092710967773, 0.07051622354052434, 0.048248232616835765, -0.08890253152169537, -0.0050561173768527935, -0.04058728414365039, 0.13606098571107325, -0.01702579429994577, 0.04899167295313653, 0.9229558861062728, -0.176423236989539, 0.029193681044004775, -0.01573999049647841, 0.15717253310086796, 0.1321924370559598, -0.03469220601273675, -0.05497942902025411, 0.03957857745414618]",15050,0,0.09815502166748047
ackley,30,26,1.956961196452284,"[0.04373339029182879, 0.0405115037987524, -0.0942816729568878, -0.9203201166639453, -0.02154238960072371, 0.004955913030264452, -0.08678295414135928, 0.07097097615783506, -0.06965121215862691, -0.048794170458388554, 0.7929003237381768, 0.0606934297843565, -0.012678002606226757, -0.05931105531235903, -0.8639472698230111, -0.07656433554676664, 0.17779609354649883, 0.9221671892455593, 0.018703494337749312, -0.9047816692166569, -0.1002395167592861, 0.035774002234660575, 0.0017596343970983108, 0.044268980557936904, -0.021924556592223553, -0.05393243512967805, -0.06843826199262155, -0.0006013115271884423, 0.6046423312076326, 0.20325012544851398]",15050,0,0.09813785552978516
ackley,30,27,1.9253717065266653,"[-0.11946336014602385, -0.03712845042298274, 1.0781611126881867, -0.20201248156929838, 0.9245695626948096, 0.09058616390318694, 0.8887900630473655, -0.06107855988757409, 0.03663194594947994, 0.05854087648055997, 1.064069832224884, 0.008118024825161644, -0.11343488309920575, 0.01991054884772532, -0.021598763619418607, -0.14697219647706744, 0.0014449409353443805, 0.7972446582224455, 0.028581555062601117, -0.2098036254305037, 0.07106510702511981, 0.0072472599010849036, 0.13724888106452193, -0.006562645695108935, 0.07682325122880093, -0.014809356234225357, 0.07152163631726725, 0.00729191329870519, 0.02552829223908832, 0.01989810811353047]",15050,0,0.09812402725219727
ackley,30,28,1.6889005277442384,"[-0.062411182830114875, -0.008026063421283272, 0.03355864424093695, -0.9001420032334742, -0.027247794123519402, 0.08441480145174349, 0.8702993573659453, 0.04960099914290039, 0.03651953610085407, -0.05578053184870399, -0.04838153041256944, -0.07625001484519056, 0.003599963521411889, -0.05911298758505547, -0.09964318135166844, 0.009616533089322261, -0.12683234132268298, 0.04419329991219287, -0.01954254002887479, 0.0015961363148561392, 0.0015677348448885804, -0.07161033130892747, -0.032086361748417766, 1.040780699273573, 0.07786855146061455, 0.055881492581412465, 0.05556886234644544, 0.005508634528288327, -0.8167947769217924, -0.92791769799955]",15050,0,0.09800386428833008
ackley,30,29,1.8042786659587269,"[0.1735567950064971, 0.5168512328087322, -0.08807766158543212, -0.0001367313895098358, -0.19066111571961333, 0.021083531593430273, 0.3043503661241896, 0.023245321345789494, 0.7219948241207447, 0.17781658938895062, 1.0151983055428384, 0.0254937142206961, -0.0926966081827221, 0.01738333949105774, -0.019369470491526364, -0.09051577904217425, -0.05919993435671956, 0.04626108230285762, 0.18343069263536427, -0.011561071469434307, -0.009604543911940093, 0.03876211900333364, 0.08957986366939344, 0.257864954788664, -0.06310702663106743, 0.17560429239567754, 0.021159720898808222, 0.11791877935044572, -0.033831364401646274, 0.046862726660424105]",15050,0,0.09812593460083008
