func,n,run,best_f,best_x_json,evals,success,time_s
sphere,2,0,4.548776755944577e-09,"[-2.3335400607113217e-05, 6.327903155430018e-05]",1800,1,0.0028281211853027344
sphere,2,1,3.4120093902280012e-09,"[2.7152889677462683e-05, 5.1717791642640174e-05]",2130,1,0.002146005630493164
sphere,2,2,4.419682177749527e-09,"[-6.510859923775916e-05, 1.3436981917320373e-05]",1530,1,0.0015380382537841797
sphere,2,3,1.2198027708248513e-10,"[1.2776431858099724e-06, -1.097031927394269e-05]",1590,1,0.0015978813171386719
sphere,2,4,7.120006057147985e-09,"[7.81238838606402e-05, 3.188518194517927e-05]",1830,1,0.0018360614776611328
sphere,2,5,3.748099873679012e-09,"[-9.371480864939219e-08, 6.122165541059513e-05]",1500,1,0.001505136489868164
sphere,2,6,3.2100661166705984e-09,"[3.8090052587275615e-05, -4.194298523673746e-05]",1410,1,0.0014138221740722656
sphere,2,7,9.170643714458578e-09,"[-1.2279588504817058e-05, -9.49729194065916e-05]",1530,1,0.0015330314636230469
sphere,2,8,5.5530832107102355e-09,"[-5.443742609395142e-06, -7.431990902250144e-05]",1500,1,0.001531839370727539
sphere,2,9,1.7534581478818234e-09,"[-1.295113846928311e-05, 3.982117728334107e-05]",2040,1,0.0021920204162597656
sphere,2,10,1.4240275686243679e-09,"[5.173022112048818e-06, 3.7380040273555376e-05]",1380,1,0.0014340877532958984
sphere,2,11,1.7566577049227565e-09,"[-1.489108823110755e-05, -3.9177968250231235e-05]",1920,1,0.001997709274291992
sphere,2,12,5.426203723354392e-09,"[6.525238116062695e-05, -3.418084955384592e-05]",1530,1,0.0015480518341064453
sphere,2,13,7.420933836526817e-10,"[2.691747519767613e-05, -4.188426033150403e-06]",1620,1,0.0016312599182128906
sphere,2,14,4.601953622220103e-09,"[-5.4051981143464394e-05, 4.099191330844015e-05]",1920,1,0.001928091049194336
sphere,2,15,4.98799736130164e-09,"[-2.0948402573833634e-05, -6.744747431080159e-05]",1290,1,0.0013246536254882812
sphere,2,16,9.322586710710215e-09,"[-9.27452673476873e-05, 2.6849620021821957e-05]",1800,1,0.0018849372863769531
sphere,2,17,3.3130817418234487e-09,"[-5.287806682350009e-05, 2.273745348170959e-05]",1740,1,0.0017616748809814453
sphere,2,18,2.334960397715842e-09,"[-3.5075962843209973e-06, -4.819395362513912e-05]",1620,1,0.0016491413116455078
sphere,2,19,9.054938044022144e-09,"[-4.335876136135164e-05, 8.470511116356264e-05]",1650,1,0.0016939640045166016
sphere,2,20,8.867729790214255e-09,"[1.4227587742571908e-05, 9.308762290037098e-05]",1020,1,0.0010650157928466797
sphere,2,21,2.769097641141014e-09,"[-4.585484812306441e-06, 5.24220466042401e-05]",1680,1,0.0018029212951660156
sphere,2,22,6.800169731654821e-09,"[1.7945543066314742e-05, 8.048681392445513e-05]",1860,1,0.0018801689147949219
sphere,2,23,6.1593977931446896e-09,"[-4.4578753420667847e-05, 6.459204700738307e-05]",1890,1,0.0019528865814208984
sphere,2,24,5.437705227724939e-09,"[-6.848059716869963e-05, 2.7351655144492208e-05]",1410,1,0.0014300346374511719
sphere,2,25,8.090293168580427e-09,"[6.249416258008526e-05, 6.468982000279718e-05]",1770,1,0.0017690658569335938
sphere,2,26,3.250610714663141e-09,"[4.69244296490251e-05, -3.238377088568957e-05]",1470,1,0.001486063003540039
sphere,2,27,2.84050373948701e-09,"[-4.860474901232197e-05, 2.186508890757585e-05]",1650,1,0.0016469955444335938
sphere,2,28,2.0344976014783802e-09,"[-4.507546077340977e-05, -1.643300807270976e-06]",1290,1,0.0012989044189453125
sphere,2,29,1.9138765505634464e-10,"[-9.049634550113119e-06, 1.0463831495477341e-05]",1860,1,0.0018749237060546875
sphere,10,0,4.054244725373991e-09,"[1.8730306301662824e-05, 1.9607485279682463e-05, 1.5038151783120305e-06, 5.2409492999655184e-05, 1.3417008322422159e-05, 1.2667082792040929e-05, 1.4542144366051134e-06, 8.005541660338519e-06, -1.2313678408204802e-05, 3.413098889189737e-06]",4830,1,0.005368232727050781
sphere,10,1,9.528609807708706e-09,"[-4.626983443480786e-05, 1.2194043846501854e-06, 3.164559111658343e-05, 3.773432625850466e-05, 2.760276872089912e-05, -4.149770300554242e-05, 1.7859645629479735e-05, 2.58585079880423e-05, 2.729859847198262e-05, -2.727796574199016e-05]",4620,1,0.005144834518432617
sphere,10,2,7.2564866646149656e-09,"[6.612019938162758e-06, -4.365812397181382e-05, 3.4773001839639464e-06, -1.1130269821347655e-05, -1.476461044781061e-05, 8.040762735114127e-06, 3.170712070469377e-05, 1.8404426587920975e-05, 5.838076468778072e-05, 1.1650573006012466e-05]",4800,1,0.005307197570800781
sphere,10,3,8.472540957378584e-09,"[-2.6158809714884175e-05, 3.596381883779975e-05, -2.234514791379237e-05, -5.322459871979711e-05, 1.2725220981482202e-06, -1.589888142028622e-05, 5.043857270755059e-05, 1.7926005153680492e-06, 1.8180208003357243e-05, 5.5245889235128464e-06]",4470,1,0.00496983528137207
sphere,10,4,7.934249056131871e-09,"[3.492303253873751e-05, 2.2393648132027276e-05, -9.545141295266446e-06, -1.084694105361385e-05, 4.733046550675287e-06, 4.5042967716318205e-05, -4.005205122868574e-05, -3.13154808386926e-05, -3.411608456154333e-05, -1.4296345031637294e-05]",4920,1,0.005480766296386719
sphere,10,5,7.43384562413693e-09,"[-3.861954051238235e-06, -1.963933312966265e-05, 2.8339036331098016e-05, -4.3003983349123956e-06, -8.776591183299755e-07, 6.006851894021332e-06, -4.3354958838848616e-05, -4.7716944390084806e-05, 2.1609327367423672e-05, 3.9386016565896765e-05]",4950,1,0.005583047866821289
sphere,10,6,8.649716652892963e-09,"[1.2774057913317015e-05, 3.1595237919731386e-05, -3.812086467767727e-05, 2.0714153996809627e-06, -8.900341224233383e-06, -6.552336954749292e-05, 2.2969420710117595e-05, -3.337145560055702e-05, 3.969939008655109e-06, 1.1194505027265343e-06]",4470,1,0.0049550533294677734
sphere,10,7,9.534251337660276e-09,"[4.510338653304659e-05, 4.055237745731426e-05, -4.445368120869962e-05, -3.2700658162605015e-06, 1.2702566900056467e-05, -2.414729470116046e-05, -1.3328660416286211e-05, -4.64878450577335e-05, -2.7581073843626193e-05, -4.968081301250329e-06]",4350,1,0.004851341247558594
sphere,10,8,6.165946721821599e-09,"[4.040372203366202e-05, 3.1757070563832673e-06, 9.208230554944823e-06, 3.668766617637724e-06, 4.1951745178895456e-05, -3.996071609934909e-05, -1.6468966644687303e-06, -1.2632483721009495e-05, -1.6145210215588852e-05, -2.540436995231686e-05]",4860,1,0.005366086959838867
sphere,10,9,9.390465709826341e-09,"[-2.8767607673512032e-05, -4.789939468517834e-06, 2.159494475288192e-05, -5.7194802662688554e-05, 1.2893038507913379e-05, 1.8836210569405795e-05, -2.2025050130787715e-05, 3.7765121388575056e-05, 4.239838660812507e-05, 2.392480226965664e-05]",5070,1,0.006018877029418945
sphere,10,10,8.138861829974272e-09,"[1.9727075405196165e-05, 2.3203778550713486e-05, 5.288220793272486e-05, -9.496496058278193e-06, 8.144529259346515e-06, -1.0509557997707024e-05, -3.6234512625636254e-05, 1.4369246310211021e-05, -5.023542915878225e-05, 1.0236209259541752e-05]",4470,1,0.0051610469818115234
sphere,10,11,8.912426469983944e-09,"[-1.204670516561275e-05, 5.710337910873133e-05, 2.6966868185671933e-05, -2.2913589933297276e-05, 1.3416836200756138e-05, -9.513733784824713e-06, -2.472938090957117e-05, -4.618743986087397e-05, -2.134223645761156e-05, 2.7989771584902046e-05]",4710,1,0.005413055419921875
sphere,10,12,8.25114988235744e-09,"[-1.4751294082946063e-05, 8.304994426387176e-06, -2.0767971991317267e-05, 8.189434673903436e-06, -1.4983604657238228e-05, 1.2921511475621893e-05, 3.5451088500655545e-05, -3.0344217376353496e-05, -1.0182227470426642e-05, 6.923509185550368e-05]",4710,1,0.005461931228637695
sphere,10,13,7.883688897511705e-09,"[2.6721292471655242e-05, -2.3198875920058874e-05, 4.5413532929955375e-05, -1.3330620196458224e-05, 2.4558828275912718e-05, -2.6466731379655813e-05, -4.2747278416494106e-05, 1.663619657016154e-05, 3.135193147628769e-05, 8.478221267062516e-07]",4290,1,0.004881858825683594
sphere,10,14,9.92921264140204e-09,"[3.785183341727298e-05, -8.077420686799087e-07, 3.918403803922792e-05, 3.545414518662577e-05, 6.070342265427881e-05, -3.847515323769302e-06, -1.408071355190045e-06, 5.123895698412972e-06, -3.3253797844695355e-05, -2.9489874768359144e-05]",4560,1,0.005156040191650391
sphere,10,15,8.339610020946144e-09,"[-6.436799548964452e-06, -2.6956353284503774e-05, 3.535006615534598e-05, 1.8408870341913286e-05, -1.7526525065736774e-05, 5.237982937334949e-05, 3.7334741351623216e-05, -3.362115644428639e-05, 6.1971034487301e-06, 1.9223012146949105e-05]",4770,1,0.005300998687744141
sphere,10,16,7.946962641692687e-09,"[4.790568253061832e-05, 4.330375974188402e-06, 2.5582304661111914e-05, 2.109124913390832e-05, 8.571626453447354e-06, 2.288439666746688e-05, 3.035035119012774e-05, -1.048408747529429e-05, -4.389295537702726e-05, 3.129123095873839e-05]",4470,1,0.004967927932739258
sphere,10,17,7.093127471359449e-09,"[-3.196962589337746e-05, -3.2040695839920336e-05, -4.853521051230603e-05, 4.2619525655681234e-06, 3.9237542747366924e-05, 1.4320885945300912e-07, -3.1452926253021016e-05, 7.360641368896656e-06, -3.3065005425563152e-06, -8.753832065978129e-06]",4440,1,0.0051190853118896484
sphere,10,18,5.3212873361524886e-09,"[-2.0890892182464827e-05, 1.7278528495187425e-05, -1.3867873665843427e-06, 1.3135081960799796e-05, -2.1993978572881735e-05, -1.9577688991445717e-05, 3.718205825904844e-05, -2.1030327339723043e-05, 4.146934703398849e-05, -5.907522038617856e-07]",4440,1,0.0049779415130615234
sphere,10,19,8.48729194779945e-09,"[-1.6262600744593205e-05, 3.666334173144022e-05, 3.083409565535951e-05, 4.8776289105478376e-05, -2.861929346773281e-05, -1.960983539407009e-05, -1.1079655050591183e-05, 1.58891865397884e-05, -3.7751117907636554e-05, -2.3340304049704956e-05]",5220,1,0.005763053894042969
sphere,10,20,7.702451114444203e-09,"[5.736294159786641e-06, 2.1823215697990896e-05, -8.46895601250183e-07, -2.1167666274366807e-05, -5.289051092402569e-06, -3.190709968636299e-05, 3.69091135763427e-05, -6.452649293843414e-05, -1.3130999941166416e-05, 3.07872472887257e-07]",4320,1,0.0048351287841796875
sphere,10,21,9.761669578943066e-09,"[-2.9739612954875978e-05, 2.9227534454869233e-05, 1.7279486454725336e-05, -2.1924582705845427e-05, 6.109753976868221e-05, 3.2399974218847252e-06, 3.602852351793941e-05, 4.4268522052694684e-05, -7.2986757312614565e-06, -1.3757691770057965e-05]",4860,1,0.005452871322631836
sphere,10,22,9.548790506799144e-09,"[-3.259503499165815e-05, 4.275732590342995e-06, 2.297021695596214e-05, -6.761107857795867e-05, -2.7188767926821482e-05, 1.4732703044837152e-05, 3.0043277769841996e-05, -2.878601725308109e-05, 2.161221652643356e-05, -1.4648570783759334e-05]",4380,1,0.004827976226806641
sphere,10,23,9.724925497832946e-09,"[-2.9736581292355486e-05, 2.7411791846918174e-05, 1.123993281305517e-05, -3.708787438787094e-05, -2.9463340424967904e-05, 2.7413840818727093e-05, 5.150100441739776e-05, 2.5402540192851813e-05, 4.08439822955629e-05, 1.3884851177579569e-06]",4560,1,0.005077838897705078
sphere,10,24,7.366666168830145e-09,"[-2.029678906291519e-05, -9.070778565546228e-06, 7.400560071788557e-06, 3.88731668776126e-05, 8.268220750392219e-06, -3.2944706378768055e-05, 4.028879675851481e-05, 1.4241601342945326e-05, 3.055788784503969e-05, -3.7323237948212005e-05]",4710,1,0.00521397590637207
sphere,10,25,7.78790721065898e-09,"[-5.6335253040839796e-05, -1.2496549959586047e-05, -2.5223512739292087e-05, 2.687759248661719e-05, 2.9747642181537895e-05, 2.335813767782971e-05, -7.219293145387078e-06, 2.7146218898820024e-05, -2.6367953801552225e-05, -1.358760276742994e-05]",4920,1,0.005580902099609375
sphere,10,26,9.289139099850116e-09,"[-2.2930298181154456e-05, 3.155511391418953e-05, -1.133891435379696e-05, -6.170917679278538e-05, -2.2544663933622588e-05, -1.6622277416928362e-05, -3.89377635778969e-05, 2.1952957962497057e-05, -2.5867066546212942e-05, 1.9474930706092978e-05]",4410,1,0.004857778549194336
sphere,10,27,7.395140890889715e-09,"[-1.83223622390629e-05, -9.87124913605504e-06, -1.2412036389554905e-05, -2.6756140152887654e-05, -5.338855830916984e-05, -2.835339806981591e-05, -1.2600716265105422e-05, 3.8031642993914706e-05, -1.854889505831546e-05, -2.2102984473049454e-05]",4920,1,0.005411863327026367
sphere,10,28,5.808727885062321e-09,"[7.5839189320371585e-06, 4.0055297559816246e-05, -7.61619302171202e-06, 2.4834384113878847e-05, -2.5566764641755558e-05, -9.675171925262626e-06, -1.2570760761770369e-05, 9.801056042960183e-06, -2.7645210239783855e-05, -4.1308853587463073e-05]",4500,1,0.005210161209106445
sphere,10,29,6.803245514846963e-09,"[1.9949255399336454e-05, -6.065990567433672e-06, 2.3349719753353458e-05, 2.6629091421702035e-05, 1.8041107119235315e-05, 4.421897889916414e-06, -1.569033992179276e-05, 6.580544216306271e-06, 2.0201563231149777e-05, 6.380854446487889e-05]",5010,1,0.0055849552154541016
sphere,30,0,3.036731554972123e-07,"[-3.60721165189103e-05, 1.841356997473656e-05, -0.0001300827528322133, 2.3535211828192876e-05, 9.063483833969001e-06, 0.000156828233780179, -8.42906467570164e-05, -0.00012713082240444688, 7.341337530726543e-06, 0.00013327318193764789, -4.848711906555792e-05, 0.00010761420175687891, -3.5217098630894195e-05, 9.507819625681085e-05, 2.3473063187622937e-05, -3.9759580435175235e-05, -0.00012505214806499967, 0.00015606203261614803, -9.746488267247649e-05, 7.362452189145201e-05, 5.260257755073125e-06, 6.132114462329642e-05, 0.00011640082765243987, 4.7410700869846794e-05, 7.451000023001917e-05, 0.00010787490644880002, -0.00021226415196948473, 0.00023278263690487482, -1.9532893866905544e-06, -3.897525088520375e-05]",15050,0,0.01865410804748535
sphere,30,1,1.5847212336155216e-07,"[7.226526276655874e-05, -0.00013269228173006553, -0.00011642398878612301, -7.632796772815728e-05, -5.304046661322558e-05, -3.040639782300839e-05, -4.692652753150201e-05, -8.974364658964902e-06, 7.9535375916381e-05, -8.768520303551862e-06, 2.8831483398136158e-05, 0.00016615863562978667, 5.121483465295711e-05, -5.664699302289861e-05, 1.4600988771171374e-05, 9.387261932182551e-06, -9.221537866736912e-05, 0.0001724980366768232, 4.54670299371656e-05, -3.904142667510413e-05, 4.217896638934058e-05, 6.52804758801479e-05, -9.586127515506157e-05, 3.349921195059035e-05, 7.934745488396238e-05, -2.418870692866821e-06, -6.096607514628248e-05, -1.2584500550344256e-05, 1.782596716868966e-05, 2.3832434911772494e-05]",15050,0,0.019694089889526367
sphere,30,2,3.197148853300992e-07,"[-2.631987408446032e-05, -2.443684349415943e-05, -3.595878494312919e-05, -1.642406213881708e-05, 0.0001264123277257121, 9.862408362723227e-06, 2.1684122362180942e-05, -4.549500518462998e-05, 6.481105152028869e-05, 9.993010940350335e-05, -1.8448989565937704e-05, 1.2203492312120342e-05, -4.9886135945923555e-06, 4.367760483744946e-05, -8.256221675222717e-05, -5.958335641515971e-05, -5.609702036632255e-05, 2.0090348302932048e-06, 0.00010127423569598048, -4.0706349024631e-05, -0.00011164432878215581, -0.0003334592056366145, 3.165887940577482e-05, -0.00013810233492997826, 3.17817967595192e-05, -1.091042038387806e-05, 5.159507392725422e-05, -5.815687688332625e-05, 0.0003216259828650124, 4.3065844797691134e-05]",15050,0,0.018802881240844727
sphere,30,3,1.444620062235057e-06,"[0.00030970157466022485, -0.0003352566387310596, -0.00033344737043587404, -0.00015995590762561294, -0.0003215698062723441, -0.00026932980229176016, 0.00012157631716328988, -0.0001407561522369163, -9.129240606912451e-05, -0.000343805882097582, -0.0001837496115613114, 4.688133812857524e-05, -5.223834373944046e-05, -0.0001422771091391273, -7.825091433738844e-05, 5.628926167736321e-05, 0.00010350956970115333, 0.00016457525340250897, 2.506616011528108e-05, 0.0005446912458020189, 0.00023026791076022566, 0.00038156996855140065, 5.303482903661386e-05, -3.2598526766588034e-06, 7.309622191284077e-05, -0.00015265164904688678, 0.00029463002562694316, 2.4578231358110222e-05, -0.00011987349932226952, -0.00016507491143632596]",15050,0,0.01863574981689453
sphere,30,4,5.207033873368004e-07,"[-6.794646936960784e-05, -0.00011098325246014905, -6.934149319647326e-05, 2.6942155634784862e-05, -3.170528006425207e-05, 6.525926591842696e-05, -0.0005416790781789452, -1.358373087965928e-05, 8.489933669822807e-05, 0.00012955881165776606, 9.48647587335096e-05, 1.5736275198235185e-06, 0.00013600607382788091, 5.588006816412987e-05, -5.063971033459315e-05, -0.00013623084933812472, -9.365244300678541e-05, 4.7902064050743757e-05, 1.282730703658087e-05, -2.343104123368663e-05, 0.00013402193427932796, 0.00017636878209668927, 3.8553409378115156e-05, -0.00019943055046066523, 7.063103651942328e-05, -2.0855474502920045e-05, -7.955546267298026e-05, 1.52610995382009e-05, -7.468818857743158e-06, -9.738970070820131e-05]",15050,0,0.018284082412719727
sphere,30,5,1.7176491367621324e-05,"[-0.0003448567404425047, -0.00014878245512871415, -0.00011092090765716837, 0.00040835241963446873, -0.0005826988624089828, -0.00011483250933546209, 0.00032861562581842723, -0.0002594281295944104, -0.0002235273623426065, 0.0002996794278985583, -0.00033486285754268574, 2.5085864369827065e-05, -0.0007727542802688052, 0.0008647391183489679, 0.00039542784625676655, 0.002791607906915539, -0.00040393485510769114, 0.0014709027997122784, -0.0008858118775322645, -6.863417349477978e-05, -0.0006807015150516627, 2.3448747045251095e-05, -0.0001909407163459474, 0.0009175029567055012, 0.0005577214391017131, -0.00039951672986103916, 0.0001712170157536883, -0.0007877127352981712, -0.00012844952901718075, -0.0010891390165015389]",15050,0,0.018164873123168945
sphere,30,6,1.3830116181424285e-05,"[7.847105340694671e-06, 0.0003572761065008665, 0.0004772350526920321, -0.0003559936819975963, -0.00021096177578328653, -0.00013282889331793122, -0.000261171438369579, 0.0004053210953051156, 0.0003301881807651913, -0.0001916782492421274, -5.154563429634435e-06, 0.0003621404757313938, 0.0002660887047614, -0.00046648506546236544, -0.00019165682837157233, 0.00012419517568349703, -0.00044875117397095705, -0.0006293593870994719, 2.0642708243865624e-05, 0.000282114902904324, -0.0004315145763172047, -0.000435474728074563, -0.003265964647268491, -0.0007209121110986882, 0.00011725754888545074, 0.00010609332758940832, -4.1947694852567476e-05, 0.0002816970011702646, -0.00017752451630716713, -0.00024201862823680593]",15050,0,0.018481969833374023
sphere,30,7,4.822233087340667e-06,"[5.972611970522173e-05, 9.778656689144743e-05, 0.00027868762701362473, 0.00023720908869335187, -0.0008997015422198748, 0.0003541924661537179, -0.00017807905379922922, 0.0002858916469194035, -0.0005551974565595279, 6.78742706865391e-05, -0.000288466504565245, -0.0005286499257266706, -0.0001449576489148955, -0.00026038262963658254, -0.00011988064335067354, -5.35547286636125e-05, -0.0001505011546268963, -0.00018734446653497134, 0.0012255122993808378, -5.49145221615969e-05, 0.0001026783608635073, 0.0006295139733883188, -0.00013732960830703812, -0.0007243123907221507, 2.0362907424442288e-05, -9.602252302169775e-05, 0.00018701820020945747, 0.00039293623600671274, -0.00018453747777875284, 0.0003149514467491822]",15050,0,0.018152952194213867
sphere,30,8,8.417361199570059e-07,"[3.971129952600394e-06, 0.00010626613845947132, 0.0001196912460893536, 0.00047794112611292307, -3.936906568309008e-05, 0.00017848409991647247, -6.027459555476436e-05, 9.896359303490618e-05, -1.3689160151414967e-06, -1.0115101461154217e-05, -3.226948295772222e-05, 0.0004461624714657177, 3.612109096052784e-05, -4.703936835854088e-05, -0.00013659685236323466, 1.013254862850892e-05, 0.0002274241242987023, -0.0001515465033293158, 7.247323488079267e-05, -0.00015641169670348146, -0.00023404178782082989, -0.00021743231801938046, 6.849959027861586e-05, -0.00018042220281781619, -1.1282783796101107e-05, -9.88636602240635e-05, 2.3951083746498995e-05, 0.0001056670264759027, -8.150808998970118e-05, 0.00021533623624231808]",15050,0,0.018702030181884766
sphere,30,9,4.57340081826186e-06,"[0.00021361393130137313, 0.00021315938184070617, -0.00042884188796679933, 0.00017059504239165597, 0.00024901103242781786, -0.00019402466627925654, -0.0006618472131901619, 0.0009573020615050221, 2.276303019669936e-05, 2.6727622655488706e-05, 0.00028878942587005386, 0.0007842133979837064, 0.00012304914389526047, -0.00017380507230925577, 8.180132561967997e-06, -0.00012276461384536368, -0.0005349102021003413, -0.0007216274338706802, 5.598531157909077e-05, -0.0005708278054661205, 0.00015589660255271572, -8.060215465254293e-05, -0.00021970276174743217, -0.0002286286524221271, 0.0006620685877697743, -0.00028915586373014934, 3.0035304169155347e-05, -8.714241979410117e-05, -0.00022361646457734182, -0.00045547034685119157]",15050,0,0.018610000610351562
sphere,30,10,3.179538774505647e-05,"[-0.0006194509381809061, -0.001909065866541291, -0.00010085925876390203, 0.0005248125762545992, -3.396474290627509e-05, 0.0028488285457207757, 0.001169235047202777, 3.003087675570548e-05, 0.0024358650695506306, -0.00018238833617987947, -0.0006884963210445585, -0.00046751948989481396, 2.336647778566915e-05, -0.0011685068752397608, -0.0004949892336972191, 0.00023819548336329196, 0.0008727459124820258, 0.0015664754913594745, -0.0004938471827892039, 0.0013659505402256488, -6.947246659871942e-05, -0.0006198433109860964, -0.00037477383694124543, -0.00015174205465576853, -0.0009156910426417797, -0.0007477532876804068, -0.0008105000872352401, -0.0007476136444916266, -0.00012944004195525978, -0.0010777601333605677]",15050,0,0.0186769962310791
sphere,30,11,5.590979103911851e-07,"[8.887647746935514e-06, -2.56797777915906e-05, -1.2897298120492192e-05, -6.415111017510187e-05, 9.324904104137001e-05, -4.097625244710358e-05, 4.1822807164367104e-05, -6.614660999095961e-06, -5.950229324323534e-05, 6.500292935429771e-05, -0.00010942746184707201, -4.1333911317094926e-05, -2.243743704539595e-05, -8.809954629111458e-05, 3.5723219115474066e-05, -1.3156715408743479e-05, -3.1233353941985865e-05, -1.7996444625622522e-05, 7.11576870589801e-06, 3.940597167395669e-05, -6.854689930664283e-05, -4.2344612056583435e-05, 2.2024959292076748e-05, -3.949277736187215e-05, 0.0007005457338388403, 5.464677872860752e-05, 2.369447582093256e-05, 1.7233854042953852e-05, 4.87110739740393e-05, -4.823137121585299e-05]",15050,0,0.018777847290039062
sphere,30,12,7.468741128251602e-06,"[-2.045236778539729e-05, 0.00025989708332976923, 0.0001343626402041832, 0.0003120241484157627, -0.000165695510579319, -0.00029980200518537784, -0.0007783969116102033, 1.57370154904458e-05, 0.0020079146773704895, -0.00019654564683505742, 0.00028716490805063486, -0.00011785538236564704, -5.8108057327673716e-06, -0.0006093320488853625, 1.421591729279555e-05, 7.437314282274647e-06, -0.0005031442499561758, 0.00018135741098180956, -0.00010275666063241934, 0.0009422580875032617, -0.0001194140961979578, -9.758515458952653e-05, -0.00041381073895321944, 0.0002513944532896258, -0.00017431471223229635, -0.00021586989176750914, 8.261405013303968e-05, -0.0006993356288939476, 4.529185436319958e-05, -7.739061593175925e-05]",15050,0,0.018173933029174805
sphere,30,13,1.2229664952975903e-06,"[-0.00021735955106277777, 2.320781825709409e-05, 0.0003934377468501413, -0.0002697362425899932, -0.0001971697463189541, 7.87431114603468e-05, -5.468186851837875e-05, 2.3050330125009013e-05, -1.9683208914747838e-05, 0.0003608571786869345, 0.000358554506572002, -0.00033791945977357273, 1.3536935095419127e-05, 5.795223724687829e-05, -8.177984040521466e-05, 4.799146807206315e-05, 0.00013554792922925915, -0.00016117866097366707, 9.256542945374196e-05, 0.00014949776361818237, -0.00011026331696377573, 0.0002490492830830224, 0.0001250679877080762, 0.0003334567949301673, -6.53563628267276e-05, 4.560365602685669e-05, -7.131557434751474e-05, -0.00013776821764108538, -0.0004201463923284774, 0.00017296268674964156]",15050,0,0.01823115348815918
sphere,30,14,4.582262816144761e-07,"[-0.00010431068817681081, -8.485516538172822e-05, -3.830378703196763e-05, 4.8164649805455275e-05, -3.024162399281644e-05, 0.00016343634949658395, -0.00016684817186147667, -6.57207250176163e-05, 0.00010588393325076713, -8.182617580038945e-07, -0.00011950940034338322, 0.00025600415326399036, -0.00019238608742466458, 0.0001527942312934396, 9.50863016992722e-05, -3.374837296720187e-05, 5.133649378533811e-05, 3.3736414658896226e-05, -5.7077085844896495e-05, 6.266162266956015e-05, 0.00016426325832143255, 4.263272195833664e-05, -4.998767574492682e-06, 9.475510768506307e-06, -0.00016532834028609557, -0.00021428094050206757, -9.43805634563841e-05, 0.00030344981895093887, 1.2351319839582564e-05, 2.7178514061710432e-05]",15050,0,0.018268108367919922
sphere,30,15,4.816783033223868e-07,"[-4.058430054049489e-05, 0.0001233021348880438, 1.4799814527190777e-05, 2.2910673902402356e-05, -0.00019091165306663483, 0.00016147357532651096, 8.417662503850037e-05, 5.0002503636865705e-05, 4.356922510745072e-05, -2.856050238987182e-05, -0.0002740581793602978, 5.230400876658999e-05, 0.0003644771206428093, -4.9822173314521655e-06, 2.3115870150386676e-05, -0.0002525648059078308, 0.0002644882975298599, -5.152408022933296e-05, -6.723617093230705e-05, 4.284254619485461e-05, -2.6470181929176303e-05, -8.099065231318247e-05, -4.728169933893505e-05, 0.00010495792468839074, -4.4756883096872656e-05, 8.711136736175573e-05, -5.228817043712644e-05, 4.274638406774429e-05, -8.02750290297206e-06, 2.3096996965107566e-05]",15050,0,0.01822376251220703
sphere,30,16,7.5551068351999025e-06,"[-0.0002698271530703388, -0.0005079315530907123, -2.754715295952124e-05, -0.0005685872324023224, 0.0001338403512744429, -0.0007164884420521871, 0.0004173272781733547, 0.0006213459266737752, 0.00010178367383230174, 0.0008762665141877179, -0.0007951346060861262, 0.0009169947357039346, -0.0002896678961754204, 0.0009032888555714278, -0.0004301947966334488, 0.00011840206080860922, 7.069779098711174e-06, 2.7001576080893513e-06, -0.00013320650850683579, -7.598471166314333e-05, -0.00021201813426696128, 0.00014762631390869592, -0.00012356201846889955, 4.6406824598601995e-05, -4.313920440283235e-05, -0.0003628749272382401, 2.060757336954695e-06, 0.0013323976753170379, -0.0006295936818121651, 0.00021342670228885713]",15050,0,0.018148183822631836
sphere,30,17,1.8984505926950969e-06,"[6.0921170242506814e-05, -0.0002381432235708302, 0.00023344389921540608, 0.0003036877349192088, -0.0002704299254015387, 2.474823438245724e-05, 0.0003304332192420984, 0.00013149239306626837, -2.9917823215800498e-05, 0.0002862521006652068, 0.00023440390920849384, -0.00036269597155344036, 0.00025636075541105247, -0.00016977637713446456, 1.1384269712418979e-05, 0.0003275771773708068, -0.00029122395404257255, 0.00020427963113115192, -0.0002930588214833913, 0.00036715417764638785, -0.0006320866554016595, 7.33911952084679e-05, 0.00010529216746934934, 0.00015299698003901663, -0.00011439799494605692, -1.7924589300170402e-05, -0.000263699903128962, -0.00015439497357281666, 0.00034378438330521393, 9.033537594161217e-05]",15050,0,0.018342018127441406
sphere,30,18,4.1627609548124853e-07,"[-6.366162443290835e-05, 6.690750922504158e-05, 7.721537378927442e-05, -8.375017991375217e-05, 0.000125545933972364, 0.0001135678632042395, -8.319891156446798e-05, -0.00013217120651728062, 8.243042311161796e-05, -0.0001179716946357522, 6.545830738611212e-06, -9.174747355420522e-05, -0.00046875369666500875, 6.101634901402821e-05, 7.549187766123789e-05, 3.1702041666763995e-05, -0.00011528446534181521, 1.9061052611533222e-05, 3.49333070444385e-05, 9.278300248533659e-06, -1.2440371594008849e-05, 2.2936487326532113e-05, 2.9402284148065822e-05, -5.1957312607538214e-05, 1.2836213788309254e-05, 0.0001837668197089074, 0.00013129674171405577, -7.187525151639648e-05, -6.554440288806013e-05, -5.0486749903825876e-05]",15050,0,0.018052101135253906
sphere,30,19,1.5905711989294838e-06,"[-0.0003134754001092352, -0.00015404735372459775, 6.316600059587589e-05, 6.217598924171092e-05, -0.0004155115362091468, -3.245700097676388e-05, -4.841655343351109e-05, 1.3661727403012407e-05, -5.5909382123867416e-05, -0.0002076073404956696, 0.00011371976270688296, 0.00019754424281980573, -3.592263997440683e-05, 4.748122584017999e-05, 7.08199595957167e-05, 1.727867167213403e-05, -0.00020526099550915517, -8.565215101031035e-05, 0.00019525726481427048, 3.1916473251935305e-05, 0.00022327499011179716, 0.0003113044138306648, -1.551114613626339e-05, 3.002861778580055e-05, -0.0008365671853014554, -3.064146211356072e-05, -0.0002293554293505749, 0.0003684950474935802, -0.00015777403718398312, 0.0001638803600437301]",15050,0,0.018174171447753906
sphere,30,20,3.605538485051771e-06,"[8.911552074424551e-05, 4.689228753104304e-05, -0.00023218546052684294, -9.643583794394917e-05, 0.00012521905416453246, -1.942518908975836e-05, 2.618746660823233e-05, -0.0002746748670638487, -1.1220083486276802e-05, -0.00013068776355434065, 0.00013491413910057766, -0.00024054122468456816, -9.396490137246564e-05, 0.0001705390845708238, 0.00010512417885171459, -0.0008110742311597704, 0.0002050509850307581, 8.418863592349872e-05, -2.5289067416050994e-06, 0.0014655001624340697, -8.795329550783835e-05, 3.8195953535721285e-05, -0.000368146846435208, 0.0004784300615318714, -5.09558742566646e-05, -0.00013840117279651122, -8.210921263829736e-05, 0.00013402665202531263, -0.00013204573737663503, -7.470513017143729e-05]",15050,0,0.018166065216064453
sphere,30,21,4.049267287260934e-06,"[-8.934046101883876e-06, 0.00024386114559908802, 0.0002342018443777209, -5.296721218762004e-06, -0.00042146340324385103, 0.00019474325630731493, -0.0007018857368638066, -3.8952159047352656e-05, 0.0002794795765704425, -0.00031810988370147594, 8.698623076237866e-06, -0.00022744737183264826, 0.00023795302054607347, -0.00011957240130645278, 0.0002803665461860922, 2.089888781000291e-05, -2.621272552403072e-06, 0.0003875027843757976, -0.00021169133694742126, -0.00015695802742015123, -0.0005402131447222792, 9.946691151197012e-05, -0.0002939471994671675, -6.144046218403465e-05, -0.0005082641578887952, -0.0005745350384217848, 0.0002062248162872486, -0.00015335405211790485, 0.0004375331389227337, -0.0011775520879706825]",15050,0,0.018121004104614258
sphere,30,22,3.855856119130485e-06,"[1.85995098904595e-05, -0.00025330656867386024, -0.00048090510176877315, 0.0008074337716474964, -0.0003420926272921368, -2.0347067152093822e-05, -0.00023063411596966596, 0.00011958966400041495, 0.00024100110693753532, -0.00024290726035565966, -0.00047301392325028427, -5.9375509659043857e-05, -0.0003745617228388436, 0.0002747762455175281, -0.00010074527194890677, -0.00022756069543617498, 0.0004898995745348158, -0.0004349885051751069, 7.506404823548464e-05, -0.0005540493316501404, -0.0004746122178062159, -0.0001418261587112928, 0.00012538666163091066, 0.0009014777198872689, 1.8548384488401254e-05, 0.00015967226973086468, -0.00017275297846213247, -2.4778915257890892e-05, 0.00040235905127222656, -0.00025949933891464115]",15050,0,0.018109798431396484
sphere,30,23,1.8475048710455309e-06,"[-0.0004836777929377913, -9.055514736997547e-06, -8.988814894983168e-05, 8.044909502614083e-05, -9.384640697249696e-05, 0.0005620701329809645, -0.0001950192555416813, -3.3699623422726735e-05, 0.00014506551401607427, -0.000370204508035611, 5.7596878304483405e-05, -0.00019954388668455298, -3.629375857324926e-05, 0.0001880655168171146, 2.24744245966036e-05, -0.00012609175433019775, 0.00011693731357367557, -0.0008174662486975995, -4.8992548581653825e-05, 0.00020995319698222375, -0.00013234843727401825, -8.59908181241203e-05, 0.000235482698528885, 1.9511759492071268e-05, -7.894255606932538e-05, 0.00022084795628793668, 8.753479531610393e-05, -9.306134875377198e-05, -0.00030865342402970413, 7.044943059329795e-05]",15050,0,0.018046855926513672
sphere,30,24,1.757377335191356e-06,"[0.0001858671388143986, -2.4767518418772715e-05, -0.00013326839134409767, 9.525549157188542e-05, -4.220430084109058e-05, -0.001115469352898527, 6.954480826694358e-05, -6.802407915351915e-05, -4.327344090156858e-05, -8.694796155227119e-05, -6.751764487645986e-05, 1.4610903746421826e-05, -0.00019192595219737804, -8.719881143952251e-05, -0.0001038153057208449, -0.00011006316137777084, 3.80641491998535e-05, -6.15635857647057e-05, 5.123075156105899e-05, 0.00034905334774131794, 0.00023773412441383364, 6.977577480314065e-05, 0.00011895477398068315, -2.636802650263204e-05, 0.0002797727323265538, -6.652418662291886e-05, -9.521321175461961e-05, 0.0001891236580345101, -1.3047651902155818e-05, -0.0001571488488057321]",15050,0,0.018191814422607422
sphere,30,25,1.3555497035190749e-06,"[-0.00016994923620263617, -5.775369248078394e-05, -0.000415166730065008, -0.0001252200899176497, 0.000190681934478849, -0.00010472353557582553, -6.641969134183297e-05, -5.618813446853636e-05, -0.00017179642179265532, 9.367241092411333e-05, -0.00015589313793552283, 0.0001930989856929848, -9.837467162951018e-05, -3.435256608788119e-05, -8.44032589664847e-05, 5.609304432061605e-05, 3.0132072186690994e-05, -0.00025258433798488604, 0.00011467996156778513, 2.8181629745039624e-05, 1.8355328773775846e-06, -0.00021782991331709698, 0.00031584983699149634, 0.00016355517022140442, -0.00018761308632671094, 0.00031981200844916204, 0.00021520476607843662, 0.000675364347464061, -0.0002081695090197441, -0.0001533821441666019]",15050,0,0.01816725730895996
sphere,30,26,3.7297564223347607e-07,"[-0.00011751433963506244, -4.474188739491604e-05, -3.3970432223937246e-05, 8.873859329596152e-05, -0.00012214148120276826, -1.942575606090753e-05, -4.355265561385965e-05, 7.94240716563355e-06, -0.00010862844472756942, -0.00020321923442503503, -4.118569604793281e-05, -0.00010830516754595722, -7.099939966121409e-05, -0.0001186290813251028, 5.850971134534003e-05, 0.00012639289624567475, 5.325431396589933e-05, -6.8159414210988916e-06, -0.00012652094799615448, 8.391305343912164e-05, 6.830814521853546e-05, 0.00013095088516388705, 5.841840264069696e-06, 0.00024499785858755224, -0.00010233863512873249, 5.614828786217204e-05, 1.4939508473682756e-05, -0.00025127960913174177, 0.00017053252625740282, 0.00010939654731897654]",15050,0,0.018140077590942383
sphere,30,27,1.1881094110015765e-07,"[2.1556342867542428e-05, -4.3407737265359575e-05, 2.6657027808271106e-05, 1.2560613949058759e-05, 0.00017162779261678724, -4.977138166962568e-06, 3.049273919994958e-05, -2.484579611923719e-05, -6.14290250664735e-05, 3.251455707647556e-05, -7.154459504501663e-06, -1.2284550745683321e-05, -3.4207667732819734e-05, 4.726915571145666e-05, 7.069318933757391e-06, -1.719985664666678e-05, -8.443582034667773e-05, -3.351050491139964e-05, -0.0001867024276802467, 7.890494740943426e-05, -8.11812270749905e-05, -7.468623100128579e-05, 2.3932314397656344e-05, -8.742766456479171e-05, -4.919972733436065e-05, -1.358302839494809e-05, 1.9354296840501552e-07, -1.3941502297968485e-05, 1.150965621475067e-06, -5.710292648773825e-05]",15050,0,0.018152952194213867
sphere,30,28,2.5933671571738414e-06,"[2.427366833701239e-05, 0.00010624120406299288, 1.0816863697859946e-05, -6.12729681740204e-05, 0.00012868294829124606, 5.294147801031282e-06, -0.0003009336395109987, -0.0002247850726668892, 0.0003084091117665459, 0.00019605540917401102, 0.00015008532048404213, -9.519129435391456e-06, -0.00017350520036038943, 0.0004416083407718818, -0.000272828905700526, 1.7879286306292797e-05, -0.0002365473145887604, 9.838114269350494e-05, -0.000701939617779425, -0.00016000187898645852, -0.0003707698155808232, -0.00036248809809287383, 0.0001429902803667339, -0.0005588035039309006, 9.350305365997695e-05, -0.00012173568931408876, -0.00017498956262919035, 0.0006567755393115698, 0.0003538826596628555, 0.0004093845626103502]",15050,0,0.01805901527404785
sphere,30,29,0.00011006227906763554,"[0.0009431648578159836, -0.0009053352346725581, 0.0008292485887722358, 0.0002222842249548829, -0.0008672073884065199, 0.0007603762353370017, 0.00013240043035037423, 1.0765428991358315e-05, -0.000761796625467824, -0.0005340000854551333, 3.7843426282839983e-05, -0.0003074752336872535, 0.000416269703139814, 0.00032648519302503357, -0.0031098020153145435, 0.001599418269788389, 0.00855658161441383, 0.0005881009405239374, 0.0003833855092689928, -0.0010466005090775405, 0.0020678097584176077, 0.0031184275526978233, 0.00047742623786668797, 0.00043877014018894666, -0.0008948760664847894, -0.0015985774331724262, -3.041296702095697e-05, -6.882680727714413e-05, -0.00045899733294051175, 3.207113785263081e-05]",15050,0,0.018285036087036133
rosenbrock,2,0,8.07024803114218e-09,"[0.999982132601122, 0.9999554615427917]",6660,1,0.027985095977783203
rosenbrock,2,1,3.856115613593671e-09,"[1.0000583502699703, 1.0001145794174342]",4620,1,0.019622087478637695
rosenbrock,2,2,9.506833786513672e-09,"[1.000090075393863, 1.0001838915373777]",4110,1,0.017045021057128906
rosenbrock,2,3,2.393727281358884e-09,"[0.9999739991334808, 0.9999438544500081]",5790,1,0.024013042449951172
rosenbrock,2,4,8.929728647383381e-09,"[1.0000939144331764, 1.000188885578866]",7530,1,0.031110048294067383
rosenbrock,2,5,4.166927386432483e-09,"[1.0000316539267624, 1.000068934649935]",5670,1,0.02350306510925293
rosenbrock,2,6,4.2102506146032415e-09,"[0.9999500006457586, 0.9999041393871654]",4890,1,0.020146846771240234
rosenbrock,2,7,8.640047174304265e-09,"[0.9999638487486617, 0.9999191354321197]",5670,1,0.023542165756225586
rosenbrock,2,8,8.232389429734025e-09,"[1.0000795648892151, 1.0001547751253583]",5760,1,0.02387714385986328
rosenbrock,2,9,8.615497397333311e-09,"[1.000088161518009, 1.0001734272862317]",5460,1,0.022597074508666992
rosenbrock,2,10,8.977256338084544e-09,"[1.0000902440021375, 1.000183382801016]",5100,1,0.021060705184936523
rosenbrock,2,11,5.1809310295393275e-09,"[1.0000656208052023, 1.0001342036875376]",6690,1,0.027677059173583984
rosenbrock,2,12,7.229765127224487e-09,"[0.9999161431050781, 0.9998336996073127]",6330,1,0.026095867156982422
rosenbrock,2,13,3.7971157093578625e-09,"[0.9999561173574438, 0.9999165626426447]",5400,1,0.02244710922241211
rosenbrock,2,14,4.689717903074247e-09,"[0.9999602619604091, 0.9999261027807304]",5640,1,0.023319005966186523
rosenbrock,2,15,7.159772575315954e-09,"[1.000074471848989, 1.0001449321352684]",5250,1,0.021856069564819336
rosenbrock,2,16,1.6039675004357904e-09,"[1.000007512218271, 1.0000189583639407]",5580,1,0.02332282066345215
rosenbrock,2,17,6.342072043226068e-09,"[1.0000058783700632, 1.0000196987623475]",5130,1,0.021191120147705078
rosenbrock,2,18,4.672239685097231e-09,"[1.0000683500886196, 1.0001367759173063]",4170,1,0.017171859741210938
rosenbrock,2,19,8.732053222820367e-09,"[1.000072357288228, 1.0001388067112702]",4050,1,0.016664743423461914
rosenbrock,2,20,2.7527286985804243e-09,"[1.0000143935115984, 1.0000338325802314]",3330,1,0.013778209686279297
rosenbrock,2,21,3.1460484629771294e-09,"[0.9999444694399825, 0.9998881519929307]",4680,1,0.019295930862426758
rosenbrock,2,22,3.670686975789047e-09,"[1.0000583977489, 1.0001151852479742]",4200,1,0.017335891723632812
rosenbrock,2,23,2.229564169784373e-09,"[1.0000132933395904, 1.0000220560156932]",5760,1,0.023749828338623047
rosenbrock,2,24,2.6944328632000893e-09,"[1.0000511048901597, 1.0001031219142387]",4710,1,0.01941823959350586
rosenbrock,2,25,5.814689329144836e-09,"[0.9999360620799769, 0.9998762835238293]",6540,1,0.02684807777404785
rosenbrock,2,26,3.251488866342393e-09,"[1.000019808693215, 1.0000342707193053]",5130,1,0.021209716796875
rosenbrock,2,27,3.2532588219472106e-09,"[1.0000570309693553, 1.000113979906053]",5640,1,0.023184776306152344
rosenbrock,2,28,8.164107177434944e-09,"[1.0000903223590873, 1.0001808973886002]",6420,1,0.02632594108581543
rosenbrock,2,29,4.548548885955789e-09,"[0.9999666864117256, 0.9999275098444661]",5430,1,0.02233099937438965
rosenbrock,10,0,2.35400949506003,"[1.0062700247052863, 1.016099206363179, 1.01587429682411, 1.0300024932425573, 1.0621400196313577, 1.1202006068900292, 1.243936269842231, 1.5435616302007977, 2.3497198699731228, 5.518767809838074]",9030,0,0.03850078582763672
rosenbrock,10,1,3.76659583068718,"[0.9494592655512977, 0.9142850182860115, 0.8470822793653426, 0.7180911995745874, 0.5208027479878419, 0.2722396172481866, 0.08127872595432903, 0.0025834505836677406, 0.026163344785425185, 0.002913532664354867]",9030,0,0.03862404823303223
rosenbrock,10,2,0.9267265873269752,"[0.9978952945665839, 0.9888281559367965, 0.9777969861751312, 0.9522519309849733, 0.9084699818112558, 0.840930328147513, 0.7133608806694337, 0.5157274105787166, 0.2711317239574781, 0.07284061107432856]",9030,0,0.03864026069641113
rosenbrock,10,3,4.211186194773429,"[0.9380369475404572, 0.8869014863137092, 0.7918247817968066, 0.6391177276644994, 0.42012804397409653, 0.17454549004586176, 0.01964548037844938, 0.019858777417691282, 0.017112370642250865, -0.0037451963019751247]",9030,0,0.03862595558166504
rosenbrock,10,4,4.235304854225658,"[0.9323520106136225, 0.8906104562064722, 0.803704687159217, 0.6481252748149712, 0.4149194616407118, 0.17334320583732596, 0.018722738133788327, 0.001042915732680052, 0.017445374824872063, -0.003396677669569059]",9030,0,0.038558006286621094
rosenbrock,10,5,4.809548522889074,"[0.9138203799087585, 0.8302388761565759, 0.7009433853888198, 0.4944703312112455, 0.25204292189674044, 0.06524861935138149, 0.011618288760668572, 0.0023549263542542373, 0.012580642795035513, -0.005602974542024992]",9030,0,0.03868293762207031
rosenbrock,10,6,3.0469478215619743,"[0.9678303988964708, 0.9427307436822284, 0.895472748957127, 0.8096872190770341, 0.6578917562570805, 0.44044174652803053, 0.19814095553507494, 0.04800147833453768, 0.014197666347767557, -0.0009437532123831912]",9030,0,0.03842902183532715
rosenbrock,10,7,5.5323973671413516,"[-0.9669066718142246, 0.9681838840620267, 0.9571221239073227, 0.924285861257842, 0.864487560979686, 0.7521943949038242, 0.579121430436715, 0.3467023872443586, 0.1272095242526127, 0.009123147253913494]",9030,0,0.038649797439575195
rosenbrock,10,8,5.795594107679667,"[0.859629588524369, 0.7277739375963453, 0.5380941125058406, 0.2867058562629084, 0.06629630183128604, 0.020444421657550563, 0.019854784757944718, -0.00035451949869439066, -0.01802634424567212, 0.009654983538122483]",9030,0,0.03850293159484863
rosenbrock,10,9,3.7410852556737284,"[0.9515104565662434, 0.9183537583354952, 0.8545231386909466, 0.7420366778282675, 0.5394866665597627, 0.28401964587185075, 0.0687643292849033, 0.012900732209571726, 0.01510230114662419, -0.006342358087343661]",9030,0,0.03868889808654785
rosenbrock,10,10,4.069699301523175,"[0.948814496617047, 0.9030459469067268, 0.8135622291964036, 0.6679312686239576, 0.4434452301443339, 0.19195734247115703, 0.02609369226645158, 0.006367624840556493, 0.007134344340291345, -0.0028165342304164076]",9030,0,0.038635969161987305
rosenbrock,10,11,4.337754817566484,"[0.9401185443817545, 0.8812667105730483, 0.7722574219476213, 0.5977576399475829, 0.3666566535256764, 0.13886782894392805, 0.018028481228235395, 0.014967577579343836, 0.005663788582994862, -0.004935688376182257]",9030,0,0.03851008415222168
rosenbrock,10,12,5.5165136922580675,"[-0.9812204513950094, 0.9770273207022715, 0.9549399404119191, 0.9210578595657093, 0.8546221992299201, 0.750308509190903, 0.5761479703757345, 0.3324014247475395, 0.12066942868420091, 0.012595905368210357]",9030,0,0.038600921630859375
rosenbrock,10,13,4.677468830890363,"[0.9250149595284864, 0.854887345123642, 0.7226914935383254, 0.5210246672651279, 0.27716217607913196, 0.07931863964977584, 0.017567859463202412, 0.012938384400522513, 0.017465711676852787, -0.0010446046971126846]",9030,0,0.038607120513916016
rosenbrock,10,14,3.964258347786198,"[0.939544223395023, 0.9002013375686998, 0.8231468168218009, 0.6840729465582042, 0.47431170044091475, 0.2328816861072254, 0.050322114294103534, 0.0072551568697155405, -0.0009588595021668055, 0.0013393602394717857]",9030,0,0.03840517997741699
rosenbrock,10,15,4.195836831715914,"[0.9423351588395573, 0.8941289614397854, 0.7928417887921841, 0.6398865900832168, 0.4074614089254954, 0.16970158397875532, 0.041895205532181776, 0.02880993335207367, 0.014312283244827547, -0.006342006485065452]",9030,0,0.03849387168884277
rosenbrock,10,16,1.216679312531309,"[0.9825635948806853, 0.9772438933675592, 0.9673071449168159, 0.9462118730542646, 0.9000796122322764, 0.8121559423027304, 0.6576744892310517, 0.43108793259930067, 0.1891753886212285, 0.020359348535477828]",9030,0,0.03861188888549805
rosenbrock,10,17,4.152088648266651,"[0.9496375068888895, 0.9045302915982217, 0.8133806986099587, 0.6553090204569004, 0.4345774474292325, 0.1872851657608954, 0.01459984168420249, 0.008535751076468858, 0.0160937468771177, -0.000778137593075963]",9030,0,0.03859877586364746
rosenbrock,10,18,3.433772593430165,"[0.9641925003785199, 0.9350131778708017, 0.8700260727533624, 0.7608586852560267, 0.5843933837007563, 0.3515440956055489, 0.12306348544140408, 0.015261807709012904, 0.005479648888200763, -0.01052510269228118]",9030,0,0.03926563262939453
rosenbrock,10,19,304.2936677466481,"[0.9543542848836712, 0.9119951153993966, 0.8326148057094392, 0.6922662443547444, 0.4764351121123158, 0.21883845647948483, 0.01387143800353353, -1.6252939488604854, 3.1492021983738843, 10.0]",9030,0,0.038748979568481445
rosenbrock,10,20,4.108374259018184,"[0.9429909830392603, 0.8920968951818575, 0.8015926282706832, 0.6604248304251307, 0.4344864639467866, 0.18290171973386093, 0.0386893828129181, 0.010820242633557128, 0.01797370715910446, -0.0032018799936006943]",9030,0,0.03858304023742676
rosenbrock,10,21,3.8674841050844933,"[0.9445496140814107, 0.9026898337593195, 0.83298127457642, 0.6972318679762313, 0.4945509041312274, 0.24696020504926114, 0.06774098967548735, 0.00239763128979094, 0.008142837265731234, 0.001916293522604807]",9030,0,0.038401126861572266
rosenbrock,10,22,4.099058489275055,"[0.9374414995093244, 0.8875988596437953, 0.7962866404556866, 0.6558258864925104, 0.45469917445328845, 0.21940487701680234, 0.06303312532560691, 0.011144162984775753, 0.016311275765471665, 0.0018620980680364198]",9030,0,0.03848910331726074
rosenbrock,10,23,3.7977590270115584,"[0.9470021656640858, 0.9156905038611166, 0.8477349451405045, 0.7300442212704421, 0.5268831578238821, 0.2667555785280318, 0.07460214473192517, 0.014750300703804616, 0.02317684097406166, -0.011324611733530207]",9030,0,0.038823843002319336
rosenbrock,10,24,2.1425832435172203,"[0.9823712571020389, 0.962682270138358, 0.9313480043802581, 0.8852993695757302, 0.8025336685509374, 0.6545636905056657, 0.4394007525207476, 0.19991828527346844, 0.04968326944939544, 0.003495486980165296]",9030,0,0.038637638092041016
rosenbrock,10,25,3.945690598888141,"[1.0080690833460493, 1.0085992433829238, 1.014278944209904, 1.030926308376371, 1.0680312293061665, 1.1410258678786116, 1.29922919237357, 1.6835138700068757, 2.828606370189051, 7.995043538471297]",9030,0,0.03876209259033203
rosenbrock,10,26,3.655532799312386,"[0.9629782323620794, 0.9162565954935992, 0.855103288671866, 0.7403862443024267, 0.5481661859412854, 0.3069880282637361, 0.08918536782442932, 0.006784405242436337, -0.001117120948801876, -0.006344914243414008]",9030,0,0.03849601745605469
rosenbrock,10,27,0.984286428458232,"[0.9912354375914908, 0.9844132810357479, 0.9698252589324262, 0.9499009075182101, 0.9083366565424004, 0.829754878621001, 0.6976032308102886, 0.49462543169636086, 0.2547152606018614, 0.061512362540048486]",9030,0,0.038600921630859375
rosenbrock,10,28,3.8959055144499244,"[0.9521348111455361, 0.9073787349217235, 0.8240621766835277, 0.68372574954881, 0.48015440445004826, 0.23059433583813385, 0.05933013889839572, 0.015278597383676618, 0.01664923145160195, -0.00832940004447685]",9030,0,0.03844404220581055
rosenbrock,10,29,3.360441795817344,"[0.9647810433630308, 0.9288190789554395, 0.8725802064183238, 0.7707315583889149, 0.5988272101873501, 0.36914801267464825, 0.14133791334902462, 0.031379906427299174, 0.014819593150493934, -0.011312696035323644]",9030,0,0.0384061336517334
rosenbrock,30,0,82.12976207420756,"[0.5693419366704066, 0.3292462597863749, 0.09290746849717647, 0.003923054649331309, 0.0053498862600411265, 0.0021398013146707744, 0.010351668206923056, 0.008711696881630848, 0.011477096268848751, 0.01371096245534035, 0.00171241497219899, 0.01899847889375416, 0.015334317325867102, 0.001883439858566453, 0.008673338522360586, 0.004705000508332538, 0.013218931357425367, 0.007296871510122458, -0.3900695981934307, 0.6636529840019223, 0.8215947706693066, 0.9124946461674445, 0.9593377430933235, 0.9832278174212752, 0.9931007425105245, 0.9957943405146645, 1.0017074402913035, 1.011871204582688, 1.0365959141346093, 1.0721184405777404]",15050,0,0.0655059814453125
rosenbrock,30,1,26.59068317193917,"[0.6957105013614839, 0.4884177125309792, 0.24989001340078695, 0.07187207666388719, 0.010748082157127537, 0.004062946214573359, 0.00727680962439533, 0.012251538689956933, 0.010660784559872311, 0.010032954709899592, 0.020547706186310893, 0.009269983053286038, 0.00911260937451799, 0.016962128004118875, 0.01041809213768918, 0.011117519612652577, 0.010604333325267244, 0.005341858718750556, 0.008963284781935752, 0.015012272173444523, 0.007407636579727121, 0.012686393093332193, 0.006008491891564694, 0.007716437959114022, 0.00466897626654687, 0.012314198082539692, 0.009807157678291762, 0.008921299253358845, 0.010184393153592704, 0.012977076448712186]",15050,0,0.06594586372375488
rosenbrock,30,2,78.87854724026045,"[0.5569589337897696, 0.3190322644617678, 0.09978116066400756, 0.022919562898754325, 0.01358877930154961, 0.017252751963344217, 0.003461669451298461, 0.006432375810918921, 0.00751451465144224, -0.3825455089096259, 0.665188159453912, 0.8283158437834494, 0.9149974376824725, 0.957274208073509, 0.9779403537542933, 0.9829008343998562, 0.980905083436914, 0.9713869532071424, 0.9522626183097604, 0.9146975628226799, 0.8433819782224953, 0.7064649606634572, 0.4992040106267107, 0.2539323503246266, 0.07725789847305334, 0.017429386698014065, 0.01760905147815029, 0.01033864638000704, 0.024265550680572623, 0.007987697279736342]",15050,0,0.06573104858398438
rosenbrock,30,3,26.628894409336212,"[0.8501238193273762, 0.7195429172415158, 0.5088189910278734, 0.2694773958898914, 0.07381864473042402, -0.007712669684498921, 0.011429689358166323, -0.00044690417952859135, 0.008560325877536789, 0.025017828311197768, 0.03103370076758761, 0.00455893268257412, 0.013669980344865596, 0.005690109567820049, 0.0013483468028071509, 0.014470385637142908, 0.01170311700105283, 0.09920448691220869, 0.037851981978590465, 0.01716973904847964, 0.0045803505974779885, 0.012061943945265042, 0.0012532163178178212, 0.00908500585415842, 0.028602105845384033, 0.02462899702418796, -0.011815761295188163, -0.0027561746149894813, 0.007382711645362064, 0.018306318247466608]",15050,0,0.06568288803100586
rosenbrock,30,4,31.34317683915147,"[-0.7622104199721127, 0.612206741054591, 0.3747553649000263, 0.16291780496541833, 0.0366891261977848, 0.03808023012574569, 0.027331365792254477, -0.0204083075802389, 0.006601420219733761, -0.0042927175112571865, 0.01615230130213504, -0.052194216339422145, -0.0063671288544288, 0.007946915131676724, 0.005336866407103473, 0.008971338998096594, -0.0237266565369806, 0.0049322884920739805, 0.042428524180255, 0.027500412899059436, 0.0030678375405885023, 0.0007405649606916781, 0.03265525636630687, 0.021775823875445084, -0.0042745119954337996, -0.003986596337008779, -0.0022852494650004553, 0.1146422542560311, 0.012828957072467609, 0.020263600150388084]",15050,0,0.0659341812133789
rosenbrock,30,5,89.00256163994239,"[1.010719162757339, 0.9978034191092352, 0.9973211812488376, 0.9950443235995117, 1.0051845219779414, 0.9953624663099514, 1.000188717643987, 0.9972777508246112, 1.0075119439590203, 0.994846877206688, 0.9906970134672294, 1.011886389240114, 1.005978551597476, 0.9883444584566875, 0.987578894423717, 0.965152564859987, 0.9092252944476621, 0.7974566082428328, 0.6457071635856053, 0.41786332963296763, 0.17961102519438862, 0.010479294056796724, 0.018933240932861826, -0.01968018395219581, 0.024794861260053824, -0.7149831483069469, 1.0250252417396635, 1.174724498568442, 1.4544659462820055, 2.1699927920011897]",15050,0,0.06583595275878906
rosenbrock,30,6,75.93885086987002,"[0.9901457584336679, 0.9812616399947364, 0.9747760951585019, 0.9535722370489621, 0.92461941619605, 0.8752534855774324, 0.7792244023513791, 0.622867099173699, 0.39661539608004676, 0.16487088921381318, 0.04360709087491083, 0.003186348491435866, 0.019325434981135, 0.012622872246387685, 0.009045925226268478, 0.0005473803844975879, 0.013659320319073721, 0.014808430622529074, 0.04643842830375322, 0.4745407150636984, 0.7142032878321308, 0.8549781194416055, 0.9278629165523687, 0.9785497037703748, 1.0138046103658274, 1.0767282139146537, 1.1817628245681242, 1.4018706922186406, 1.9640906582010769, 3.854892303917463]",15050,0,0.06571388244628906
rosenbrock,30,7,1060.0750093707125,"[0.9955187770701287, 0.9899833169389801, 0.9995090786142535, 0.9917217219168398, 0.9699203491572183, 0.9684185926425951, 0.9464495293990937, 0.9038617618334815, 0.8083587507263866, 0.633427005703047, 0.41527036436627085, 0.16704071879095633, 0.011881914024684111, 0.015173050981722185, 0.0011916048937235936, -4.935815209847899e-05, 0.03786407935258953, 0.019319720207585787, 0.04057696078690619, 0.2509919384099171, 0.5198779404751351, 0.6523637181316442, 0.726007731475194, 0.7310805563264317, 0.6616298360211611, 0.4572240787507681, 0.22495898807252088, 0.006894705354678867, -3.081458960662945, 10.0]",15050,0,0.06588602066040039
rosenbrock,30,8,314.02462689491665,"[-0.8626770978017895, 0.8034760399360226, 0.6138692184415042, 0.4315086021158972, 0.2791579934851512, 0.02641338506224139, -0.05904543333597364, 0.21406643273249867, 0.4535021722882919, 0.6937427958733884, 0.842875020024303, 0.8491573866904595, 0.8998040995317405, 0.7851164453181584, 0.8307680002257295, 0.7304381103739105, 0.5125518942496166, 0.25205907293737684, 0.12833731620072053, 0.017532316857903962, 0.001995431095509608, -0.04902297735172906, 0.10095506301476835, 0.021195442112212415, 0.0034288037265418746, -0.044090912263963666, 0.007001202757488922, -1.4726784285463836, 2.1915161847493714, 4.856142679456196]",15050,0,0.06625604629516602
rosenbrock,30,9,26.431966073506874,"[0.742713377366996, 0.550443210121678, 0.30089333090681963, 0.09337939010461715, 0.0037493026471186117, 0.01411548223418068, 0.013973651728994464, 0.018052305041486853, 0.006659954259522521, 0.008875908931210085, 0.007988326590371226, 0.018010336904907033, 0.016540347949163897, 0.01550685447603969, -0.0046677018479522395, 0.007754848604000776, 0.01724885999119603, 0.0063734706593226755, 0.00646578973917017, 0.01930786298311304, 0.011131739986607544, 6.684079241465503e-05, 0.0005465503066018132, 0.015180323878971969, 0.014451151126011495, 0.01404447176534948, 0.01657639174026883, 0.012038900461305742, 0.003963685382633761, 0.006087829848659663]",15050,0,0.0658712387084961
rosenbrock,30,10,26.17133270549129,"[-0.9709230046018478, 0.9557284664229582, 0.917450266869499, 0.8701884104421337, 0.7797827718461401, 0.6213205650655591, 0.39440510122217937, 0.16517717829944, 0.03394167953825477, 0.014138572679642986, 0.0010176093452135475, 0.014071828890514022, 0.010781997705713791, 0.005590183000136598, 0.0017563262657623814, 0.009584151047831625, 0.01169899023157676, 0.01030776603631386, 0.013638635044898187, 0.005000683243644989, 0.014076462638997693, 0.02207756919284761, 0.01424396278980656, 0.0005333420302529876, 0.013104838425508709, 0.016871717314799355, -0.005940593465533639, 0.010198557397672487, 0.005119687953664133, 0.005895301844126562]",15050,0,0.06586599349975586
rosenbrock,30,11,25.903045381763786,"[0.8081549777490669, 0.6555462432815219, 0.43376244852996804, 0.18735043328532006, 0.03382869507722468, 0.012802317047036148, 0.023043290794824034, 0.011536104618911015, 0.012349296404533864, 0.012082299336080833, 0.011180966442740116, 0.005271813702488666, 0.018308639147337116, 0.01432206304943316, 0.021504555298506818, 0.006261169409008136, 0.010163026729853773, 0.0087081027681184, 0.006367516342865025, 0.008215319505176302, 0.011418179537921671, 0.004810043539644716, 0.0059067398596716674, 0.008913821069090519, 0.013364505141353655, 0.013961327496449483, 0.012867364627969521, 0.008025599335483611, 0.01895202999721437, 0.012387527353600951]",15050,0,0.06570887565612793
rosenbrock,30,12,382.1616317936336,"[-0.9074908723961509, 0.8392203386787134, 0.7064240421447024, 0.49352914467289277, 0.2540529129837987, 0.07972098050690919, 0.020655902484890066, -0.004849810043206158, 0.0047033595640100035, 0.1499739349677795, 0.49604382082960174, 0.7142867477549438, 0.8303761144901356, 0.894188732389271, 0.9200532520961817, 0.9011511229780285, 0.8496334183740324, 0.7390803193634216, 0.567574826831426, 0.3304167388298217, 0.11419937397516254, 0.020532593000566358, 0.010439066110560166, 0.011513631187302477, 0.001597767920467453, -0.003764867114073383, 0.0018394165043174866, -1.625586721373662, 3.1491308235617477, 10.0]",15050,0,0.06566500663757324
rosenbrock,30,13,24.367007759186507,"[0.9212491431885825, 0.8558040351548216, 0.7469548676394565, 0.5657176861944797, 0.3300115038428297, 0.1228499248603166, 0.01602273223367309, 0.009315934297652281, 0.010424648059212444, 0.006610193518174231, 0.006473057820017202, 0.01710016159181234, 0.01809429966231302, 0.02890060224206725, 0.00793887171830795, 0.007258340355945345, 0.009477488215867575, 0.015736993974125903, 0.012244112459580285, 0.009804909560188941, 0.007787296437698051, 0.012431588576650582, 0.013203966678583234, 0.010753734265466016, 0.009346144766504916, 0.010925627280559801, 0.007385386641324752, 0.002295297109841921, 0.01027542874847853, 0.002028733038893015]",15050,0,0.06698298454284668
rosenbrock,30,14,78.69033704744756,"[0.8614554335237699, 0.7270232694890938, 0.5346980364577198, 0.2866966495707873, 0.08010186512244805, 0.0058749027670045115, -0.004601910431663328, 0.007634145361499334, 0.006658871814315157, 0.008528658666340096, 0.016117456201885805, 0.0037016377957497576, 0.00108524294050962, 0.016110297681805226, 0.018726884695151293, 0.02677371241334806, 0.04544489455378865, 0.4103267202563098, 0.6632072251130576, 0.793860912519105, 0.8358672446542262, 0.8207196999451082, 0.7211498208964945, 0.5356103941929955, 0.2853811441803944, 0.060879769704006194, 0.016613905702720574, 0.001895008197028562, 0.008976719576434224, 0.006219289868538644]",15050,0,0.0657501220703125
rosenbrock,30,15,2570.872436049038,"[0.2940908180325021, 0.07129641700598414, 0.007075331270477571, 0.012800657072919462, 0.20537179545992112, 0.5132881480734495, 0.7371182613833729, 0.8577766788260514, 0.923703140705614, 0.9515818019258148, 0.9739786642977227, 0.9840294902782039, 0.9828535873403074, 0.9828155739691486, 0.9745337109816963, 0.9839502183996369, 0.9874396188694868, 0.9931946967686702, 0.9956530897882299, 0.9888025201913107, 0.9839156148368797, 0.9714532504409897, 0.9410224508403574, 0.8809701861388419, 0.777813817761516, 0.5913366357602627, 0.36539012746177546, 0.1300013879635273, 0.00277980266814231, -5.0]",15050,0,0.06561517715454102
rosenbrock,30,16,106.26870391689305,"[0.4284841798864925, 0.18465293330046492, 0.0328946078943259, 0.00031557945416273766, 0.026889385048154243, 0.008257179660880007, 0.009893689873123541, 0.006103635424482991, 0.0017767619104443692, 0.02065100304308074, 0.14866545748236076, 0.051666347042604734, 0.02740102712936151, 0.0016870607792139024, 0.010970519290248806, 0.008171015492269725, 0.007014897589880115, -0.0027915086428583957, 0.0216153907241569, 0.027522979472502096, 0.009441954076204514, 0.0013170442976755264, 0.00509880015986207, 0.016901755485468947, -0.657282738874116, 0.9388554610477426, 1.1462050480930024, 1.424919786470997, 2.073839334217882, 4.302875553421319]",15050,0,0.06592321395874023
rosenbrock,30,17,26.469863980782783,"[0.7274662899795823, 0.5239215671352433, 0.27899487492212927, 0.0835709232738457, 0.017156784341889275, -0.0012493227318094114, 0.01706120347688006, 0.013487227779853695, -0.0003393969524279408, 0.012541981296890808, 0.00433832607546139, 0.010951449207386135, 0.007967141663107165, 0.012408945964476016, 0.010577923980072375, 0.008468600211700476, 0.012482326921956806, 0.0027736526969159517, 0.015577544983168112, 0.006034891867008717, 0.014346478110400324, 0.011087625913071952, 0.010049605847928867, 0.010997849199239254, 0.016167923837516356, 0.019348387801008126, 0.010229784769965677, 0.007836213987288069, 0.0055613321928759075, 0.007200427202032645]",15050,0,0.06591296195983887
rosenbrock,30,18,329.5269647183498,"[-0.6345314504795032, 0.4179813398974346, 0.18315732071340926, 0.04233021856120937, 0.011399172803893584, 0.010291088809111407, 0.010495297733081792, 0.011596118709821678, 0.0103488417819887, 0.011698741098419134, 0.011809768913431056, 0.009050001997808916, 0.011623025900072543, 0.00987339705585871, 0.008892803819133597, 0.011438557094649091, 0.013901719014993258, 0.011648950551575658, 0.01001021077024425, 0.01133212809080211, 0.008778421281704326, 0.011746802413214805, 0.010233873415263491, 0.009488948893984895, 0.010308797275028073, 0.011104412716480811, 0.0019048110249621733, -1.6248694351391466, 3.148968362724705, 10.0]",15050,0,0.06592583656311035
rosenbrock,30,19,83.16189811640695,"[0.4941630123798121, 0.23975461426302008, 0.033607711163160935, -0.38934431394273816, 0.6619675731620437, 0.810777229589731, 0.8714189248171363, 0.880608946431989, 0.8240625334061484, 0.7094356913574883, 0.512086263063789, 0.27468784618212955, 0.10075666774060255, 0.008589574061807995, 0.02169998358386443, 0.0020461678132174905, 0.0158792022240599, 0.016091856624126506, 0.013923002727243942, 0.0014919629229006928, 0.0056002868543772386, 0.010966843102077607, 0.002223868139720412, 0.012357169684732331, 0.013346152690610357, 0.012201039648485006, 0.0043725422142256234, 0.015645209876884877, 0.018615956586057116, -0.00036658390442841256]",15050,0,0.0660088062286377
rosenbrock,30,20,26.14829566688277,"[0.8094865776909408, 0.6481435114599774, 0.41772052398744364, 0.17814584631330665, 0.0313637492119711, 0.005651618280804818, 0.04629959965681728, 0.021787618475930765, 0.02314244581853088, 0.014538400540713828, 0.018806317864787918, 0.025938980493528437, 0.0010766526756565524, 0.007231800095567654, 0.0035750128923257747, 0.0034527947002327107, 0.01186236641750465, 0.005626887168497216, 0.01404467473795788, 0.011323277609264305, 0.01806665305277869, 0.014660497608445256, 0.009959246820442262, 0.0059061442172728, 0.02512834290170769, 0.020600156040019392, 0.007819451902244394, 0.010856069686966497, 0.0036627795890073317, 0.011910667640980303]",15050,0,0.06585812568664551
rosenbrock,30,21,122.98991280240114,"[0.6181458872687524, 0.38065758796357757, 0.19569691332991052, 0.036653728797969125, 0.04633558882434931, 0.007147072565681674, 0.014815743928797396, 0.0021326179805138358, 0.029729346625760083, 0.011451983768609078, -0.023915689704695584, -0.014615032433637095, -0.020599539327915452, -0.027742926478043526, 0.007076376989612863, 0.006284586105278232, 0.016344388238531352, 0.029125259710700065, 0.03157195748364368, -0.014522647870001147, 0.03147630869025104, 0.03632060484853045, 0.03387293770312379, 0.012243828825616122, 0.0033140252381578467, -0.8117991113738289, 1.1681908965607641, 1.482024501578517, 2.2634321200056906, 5.161555526000484]",15050,0,0.06576991081237793
rosenbrock,30,22,24.73309563023005,"[0.9014262184947409, 0.8237447377131835, 0.6849959994576512, 0.47172692991186066, 0.2230673707741562, 0.06771912353911805, 0.01687765528509997, 0.011790165027477971, 0.0056450353766487925, 0.0016520846655076334, 0.006100226957693474, 0.014610940099620244, 0.016270626481531898, 0.008552487296282149, 0.012402780014791993, 0.014527364925935265, 0.010767851199347275, 0.010708580758017613, 0.012456242427877923, 0.005320965891438121, 0.010605196439598778, 0.01021839051591679, 0.01292696007159332, 0.00955139123345588, 0.012110501436008864, 0.009770751322283545, 0.010177546532171386, 0.01977773753579549, 0.009284335813014013, 0.0017069507672156218]",15050,0,0.06591606140136719
rosenbrock,30,23,29.343270542656803,"[-0.3948321930432066, 0.17451579518846344, 0.048540663969692435, 0.010121454839050067, 0.01016483779905852, 0.012864819468313174, 0.010581468439185773, 0.008725569488038274, 0.009130038395153507, 0.010586535912545384, 0.0178843346712628, 0.011824752408251007, 0.008681473410412954, 0.01005088903566322, 0.011242023978637211, 0.010217235412102958, 0.00903289164953574, 0.01029101352871571, 0.011608143010741005, 0.012762948942656753, 0.010883598703305611, 0.011472315822049495, 0.008371921435403218, 0.007798548724173961, 0.008101426054876314, 0.010389529884110512, 0.009656037126484694, 0.01183653155057828, 0.008978139808411677, 0.0002779063021467918]",15050,0,0.06613421440124512
rosenbrock,30,24,80.63567743155119,"[0.19458288490599238, 0.05349107866393894, 0.015948967639377795, 0.004718992737876569, 0.008343621739240824, 0.013075568989955693, 0.020281978589281244, 0.00636354916230158, 0.01661352228255398, 0.006075201124079421, 0.010539044481446444, 0.012437702121073988, 0.007995921334356598, 0.012610783634120552, 0.0642071995106424, 0.4165669252377305, 0.6665418266014573, 0.814911374181004, 0.8968787191913372, 0.9361914959204278, 0.9494126408355633, 0.9446584725097142, 0.9183386450850725, 0.8735340078029632, 0.7759022903474257, 0.6195463411368414, 0.3961962757585235, 0.16306750695364144, 0.03539195677009267, 0.004352951057050285]",15050,0,0.06582903861999512
rosenbrock,30,25,26.311953413679174,"[0.7491913124877235, 0.5635976515950901, 0.32525986181935973, 0.11943274725785619, 0.023370920614015588, 0.004142574336080571, 0.020513923300095584, 0.012874284965442644, 0.006178672223175833, 0.017122530133632775, 0.01294407497285624, 0.014165614192036196, 0.006436516869832704, 0.016361579564990777, 0.017289223349760033, 0.01197464021879127, 0.004151337237546529, 0.004734475802384491, 0.005556482690312963, 0.0028400877456137043, 0.015423330681874804, -0.002786878985290155, 0.011265330369955166, 0.008158399854526616, 0.01343277662655755, 0.0023837462865679664, 0.013525452139710119, 0.009282956089462488, 0.001737332016054926, -0.001628017560227373]",15050,0,0.0658559799194336
rosenbrock,30,26,89.70391886350419,"[0.5079178224868284, 0.25333487859214, 0.041981286867079866, 0.012723547864532905, 0.008279067224279697, 0.007849156960676826, 0.011991036197545053, 0.009125463271468888, 0.010994427983788697, 0.009785899826359929, 0.008913208696205481, 0.009120314802194197, 0.0096411529318263, 0.010380320793501542, 0.01465931617709285, 0.013008348005716533, 0.008735387674105172, 0.010095470320248998, 0.005535735928267669, -0.4377677683829706, 0.7070832463167148, 0.8609896653565599, 0.947783650074044, 1.0046255083150042, 1.0584746974745596, 1.1484467394723268, 1.3308863810975915, 1.7769185737763635, 3.1608489888853977, 10.0]",15050,0,0.06583881378173828
rosenbrock,30,27,39.534116713074496,"[-0.8090659030833665, 0.8143772538643659, 0.7000286053526145, 0.7981288714335943, 0.8548536278327713, 0.9182695075034346, 0.9433636525947027, 0.9963760289010156, 0.964904886309511, 0.9781922285260165, 0.9804757044697724, 1.0072812244494, 0.9927254493435073, 0.9642093917339837, 0.9022140993841934, 0.9113336477732162, 0.8422550759906746, 0.7564200767905145, 0.5238282539087378, 0.29696106279866, 0.038105306049808975, -0.033554250420280346, 0.02897486171868348, -0.032586629335193684, -0.010565822627129788, 0.008432012835365554, -0.06540041163668413, -0.017426619818703918, -0.017413562015048817, 0.03981756866255835]",15050,0,0.06585001945495605
rosenbrock,30,28,76.50395861964824,"[0.7284211470483754, 0.5312771195363473, 0.28485296468883753, 0.08506924853015761, 0.01412646684547337, 0.006658749880826754, 0.02136732891888689, 0.1043865319718415, 0.46427758118019846, 0.6948259564745312, 0.8420651830071637, 0.9193231716801823, 0.9607511157934746, 0.9765536177895192, 0.9809895838486137, 0.990514958655173, 0.9799761336312486, 0.9464951736203773, 0.9047976319090998, 0.8148666183649101, 0.6739269936621888, 0.464604807276269, 0.2218844990710237, 0.06854855886639671, 0.010771524073115346, 0.011003227064745318, 0.00439821213472352, 0.013501997565559502, 0.018078277094574168, 0.007735592893048119]",15050,0,0.06539797782897949
rosenbrock,30,29,19.057963167035265,"[-0.9605667755941819, 0.968013769864994, 0.9822248588256786, 0.9706612274749884, 0.9482925410696885, 0.9542307574966579, 0.9890526538122726, 0.9794149148647007, 0.986550215003373, 0.9505570063017249, 0.9534175408521932, 0.9637416246049618, 0.930335722014017, 0.8965786612484494, 0.8683890178889072, 0.7906875887476718, 0.6503806076967846, 0.41982368848683616, 0.15230980115163262, 0.05617313046524871, 0.05768703797818815, -0.010574951931536642, 0.022149744612965722, 0.059983059101474855, -0.0015068115373719736, -0.00021170610529550743, -0.02339831791326134, -0.06191676521166917, 0.0008361600448636188, -0.027390299687410254]",15050,0,0.0656440258026123
rastrigin,2,0,8.887927324252587e-05,"[-0.0006008200281715434, -0.00029498104793745434]",2730,1,0.009829044342041016
rastrigin,2,1,6.990501958625828e-05,"[0.00012655353073147174, -0.0005799504076739726]",1140,1,0.004091978073120117
rastrigin,2,2,4.87564692441822e-05,"[0.000495205781224975, 2.3012269417109488e-05]",2280,1,0.008214950561523438
rastrigin,2,3,4.795032023352519e-05,"[0.00022661378154612824, 0.00043628092048963356]",2340,1,0.008367061614990234
rastrigin,2,4,4.9128370633866325e-05,"[-5.350568096413824e-05, 0.0004947424071274522]",1890,1,0.006783962249755859
rastrigin,2,5,1.095819339980153e-05,"[-0.00023150297097212016, -4.051439498648372e-05]",2250,1,0.00805807113647461
rastrigin,2,6,3.7150976865518714e-05,"[-0.0003695412908945872, -0.0002251658924437728]",1320,1,0.004739999771118164
rastrigin,2,7,9.817815853807588e-05,"[0.00027466247290152714, -0.0006476344993299318]",1890,1,0.006774187088012695
rastrigin,2,8,1.979512932237526e-05,"[-9.215908261829943e-05, 0.0003021333270879726]",1290,1,0.004624843597412109
rastrigin,2,9,2.568052249074526e-05,"[0.0002744821947504245, -0.00023260015554699923]",1500,1,0.0053920745849609375
rastrigin,2,10,1.1163017354931526e-05,"[-0.00018593020258409355, 0.00014730043295341222]",2070,1,0.007403135299682617
rastrigin,2,11,7.059113519858329e-05,"[0.0005759835779308095, 0.00015511145157706945]",1320,1,0.004729032516479492
rastrigin,2,12,6.924761961002446e-05,"[0.0002866042398825741, 0.0005166260980914785]",1200,1,0.004352092742919922
rastrigin,2,13,1.4804239896193394e-05,"[9.345854739785712e-05, 0.00025668392006834503]",1230,1,0.004436969757080078
rastrigin,2,14,3.842337267201401e-05,"[0.00044001170672139, -7.983548649220925e-06]",3660,1,0.013110876083374023
rastrigin,2,15,4.4422027841051204e-05,"[0.00043920461533500594, 0.00017609574135560128]",1230,1,0.004434823989868164
rastrigin,2,16,3.449833798185864e-06,"[0.00011562135711460156, -6.340876181715714e-05]",1290,1,0.004628896713256836
rastrigin,2,17,2.5470653469028548e-05,"[-0.000339645694010355, -0.00011413271371239146]",1500,1,0.005404949188232422
rastrigin,2,18,8.676307970745256e-05,"[0.00046930503275607275, -0.0004659232226102636]",1320,1,0.004759073257446289
rastrigin,2,19,9.228655059700941e-06,"[9.486014841039812e-06, -0.00021546989608508591]",1620,1,0.005882978439331055
rastrigin,2,20,9.170621595444572e-05,"[-0.0006338123615243704, 0.0002460279975508811]",1440,1,0.0051839351654052734
rastrigin,2,21,7.343314456420558e-05,"[0.0005239599203916115, 0.00030920507113568925]",1380,1,0.00495600700378418
rastrigin,2,22,2.0990094089512468e-05,"[8.488032807483711e-05, -0.00031400067887142483]",1140,1,0.00410914421081543
rastrigin,2,23,2.6265343990417023e-05,"[0.0003497879992029173, 0.00010019726028391457]",1950,1,0.006973981857299805
rastrigin,2,24,5.3452476301174556e-05,"[0.00024766830541781434, -0.00045616776775870074]",1140,1,0.0041010379791259766
rastrigin,2,25,4.9005289806558494e-05,"[-0.0004956355141482506, -3.685042764870871e-05]",1470,1,0.005276203155517578
rastrigin,2,26,5.292063864459351e-05,"[-3.5637505946809226e-05, 0.0005152455011305083]",1230,1,0.004409074783325195
rastrigin,2,27,2.0655094211008418e-05,"[-5.062866872649686e-06, -0.0003226250029084749]",1320,1,0.00471186637878418
rastrigin,2,28,6.17820134500846e-05,"[-0.0002669470307706803, -0.0004900542668862689]",1680,1,0.0060160160064697266
rastrigin,2,29,5.4341530841384156e-05,"[0.0005063226711306938, 0.00013246636188617438]",1530,1,0.005467891693115234
rastrigin,10,0,10.944539553579318,"[1.9899110918943776, 0.9949585120681965, 9.281362302603142e-07, -3.9474742228814994e-07, 0.9949596587460782, 0.994958728636411, -1.061600277672427e-06, -1.07596349652042e-06, -5.680998715180553e-07, -1.9899121210465105]",9030,0,0.033393144607543945
rastrigin,10,1,5.969754387612937,"[-0.9949613884475529, 3.274655830152695e-07, 4.639148507861396e-06, 0.9949682977228462, 0.9949617867159664, 0.9949518333953743, -0.9949568441973786, 4.065944122952492e-06, -0.9949637174508722, 1.7042689846363302e-06]",9030,0,0.033573150634765625
rastrigin,10,2,13.92939652695469,"[7.506468036334264e-09, -1.6358736716743944e-08, 0.9949586358767136, -0.9949586169251117, 8.237388185617307e-09, 4.991372872652525e-09, 2.9848557460655023, -0.9949586203354928, -0.9949585864653279, -0.9949586566767293]",9030,0,0.03358721733093262
rastrigin,10,3,10.94456488381796,"[0.00016380882453942964, 6.162454898824036e-05, -0.0001427342600569655, 1.98995597289474, -4.964118495778134e-05, 0.9949848871904505, -3.882464665110219e-05, -0.9950129739384166, 0.9952129377054482, 1.9899625013751692]",9030,0,0.033380985260009766
rastrigin,10,4,3.979849225435288,"[-4.42690305403508e-05, 3.891117320590825e-05, -0.9948631905170494, -2.4015049569319047e-05, 8.62549961103682e-06, 0.9949397134155218, 1.2682793903084262e-05, 9.914449866726957e-05, -0.9951634627060999, -0.9949590145716378]",9030,0,0.03360486030578613
rastrigin,10,5,3.9798362294879297,"[5.302677378691281e-07, -4.914287744627672e-07, -0.9949596063785048, -2.9914372822456065e-07, -0.9949574920427108, -4.999532622620796e-07, -0.994958505728625, 4.1684400232877566e-07, -1.2538443444860503e-06, -0.9949577749409355]",9030,0,0.03345203399658203
rastrigin,10,6,5.9697619684375525,"[0.9950264441788688, 5.2091001576035736e-05, -0.9950380058586303, -0.9950338762091879, 3.7107228296002514e-05, -9.108229359547141e-05, -0.9948889079406655, -0.9950230163909466, -1.3060512301818115e-05, 0.9949404840594441]",9030,0,0.033464908599853516
rastrigin,10,7,12.93443816562403,"[-0.9949534402538277, -3.390430238547306e-05, -0.9949463395699255, 7.136546348158962e-06, 2.9848882770051364, 0.9949328407788018, -1.743594504121117e-05, 0.9949490772602481, 2.801685880067828e-06, 1.9050005731939814e-06]",9030,0,0.03354287147521973
rastrigin,10,8,12.934437582968357,"[-4.447965100508712e-06, -6.586664649687288e-07, -0.9949487688857307, 0.9949602428997366, -0.9949749720247401, 0.9949596337197607, 9.195809729966655e-06, -7.47941504891108e-06, -6.3967561651825276e-06, 2.9848566482661987]",9030,0,0.03344106674194336
rastrigin,10,9,7.959770948086785,"[0.9950296734121772, -0.9950132819143547, 0.9953459145438387, -0.00020458708285391904, 0.00020556297970572606, -6.619220023584875e-05, 0.00037428014282902015, -0.9949216785939982, -0.00024955670714473275, 1.9896442336319187]",9030,0,0.03351187705993652
rastrigin,10,10,5.969754672620724,"[-7.971880508507058e-06, -0.9949833392212092, 0.9949633662529553, 1.6051170919569496e-05, 0.9949543037616106, 0.994947670038264, -2.8044939139053226e-06, -0.9949433034733658, 9.19109664091985e-06, -0.9949742592964841]",9030,0,0.033495187759399414
rastrigin,10,11,7.2436330401112485,"[-1.0241288143353067, 0.002460177890339967, 0.02108541114111443, -0.9943846282394448, -0.0015209042811014824, 0.0019808147740979732, -0.00929416871144205, -0.0017516423343756755, -0.9924226002685218, 1.9879699420221897]",9030,0,0.03422689437866211
rastrigin,10,12,5.969764509678626,"[0.9948251691020924, 5.311730640411919e-07, 0.9949903447437718, 5.977880368680102e-05, 0.9948992366666827, 0.9950030835257545, -0.9950658401420611, 7.935514374827265e-05, -0.9948839342352891, 1.1258890403446625e-06]",9030,0,0.0333859920501709
rastrigin,10,13,5.969749347133728,"[5.000610266985533e-06, -0.9949560149161533, 1.9899140014957841, 5.8442429926190735e-06, -0.9949575674648063, -5.29560897941707e-06, -2.6013816597200287e-06, 2.8942364986517065e-06, 9.69937861563395e-06, -2.47342844027571e-06]",9030,0,0.03362011909484863
rastrigin,10,14,11.9395036473162,"[-0.9949586248757425, 0.9949587135285506, 1.6807222245937152e-08, -0.9949585157650984, -0.9949585427229187, -0.9949587999627487, 1.9899121724170554, 0.994958705684975, 0.9949585208655712, 0.9949586706329647]",9030,0,0.0334630012512207
rastrigin,10,15,10.944685971549674,"[-0.00013435903570689018, -0.9951006865486577, 0.9950598528352614, 0.00019286274496695273, -2.0957402828922477e-05, 0.0006926877516734529, 0.00029942595309953937, -1.9901160000706712, -0.9947729228833642, -1.9898312109277385]",9030,0,0.03337407112121582
rastrigin,10,16,19.89914079387526,"[-1.9899122316489268, 1.2039556828468752e-08, -0.9949586200797412, -4.815291628088654e-09, -1.9899122283686737, 2.9848557042337203, 1.511027365472814e-08, 1.3883081716942092e-08, 0.9949586323636216, 0.9949586360223978]",9030,0,0.033606767654418945
rastrigin,10,17,4.974795285470194,"[-3.330921860129647e-08, 0.9949587262257507, 7.195274227074519e-08, 0.9949586581176099, -3.4563281005318087e-08, 0.9949586502759137, -0.9949586662567962, 4.2835650669892446e-08, 6.470320365687907e-09, -0.9949586223405985]",9030,0,0.03348588943481445
rastrigin,10,18,9.949580495700829,"[-0.9949581486835953, -1.9899121632601613, 1.9596886957377144e-07, 5.206103483431461e-07, 6.516007182176516e-07, 2.5787268934704976e-07, 4.772804172218149e-07, -4.374981785449392e-07, 0.9949580588573563, -1.9899127325280186]",9030,0,0.03328704833984375
rastrigin,10,19,10.944539552394502,"[1.9899121391934553, -2.3495882457788045e-08, 9.9062969606283e-08, 1.989912269316696, 0.9949586065644691, -0.9949586265777417, -7.185813181231638e-08, -3.267584412623143e-08, 6.499919126536763e-08, -0.9949586573281907]",9030,0,0.0333709716796875
rastrigin,10,20,3.9877574884300344,"[0.9947766932995225, 0.003953781409722266, -0.9977932829450823, -0.0005679126425042868, -0.9947723294027282, 0.0003620007696795021, -0.9920123471559017, -0.0010811220697213924, -0.00038397422261071814, 0.002398198781524252]",9030,0,0.03350329399108887
rastrigin,10,21,8.954626476030413,"[-1.0656553346357364e-07, 4.5022505135864684e-08, 0.994958697901964, 0.9949586979290731, 5.8160766187740854e-08, -1.9899121848619241, -8.582622111367886e-08, -0.9949586183787121, 0.9949587530058387, -0.9949586859836205]",9030,0,0.0332491397857666
rastrigin,10,22,9.949585677164706,"[0.9949656697587642, 0.9949700653003154, -7.009460558986144e-06, -0.9949569909461325, -0.9949643086195438, 0.9949572041221009, 2.749300691447319e-07, -1.4468590643790636e-05, -0.9949445797263603, -1.9899049355242124]",9030,0,0.033489227294921875
rastrigin,10,23,9.949585699465928,"[0.9949623300070493, 0.9949486621888037, -0.9949561023129316, -1.989928894436445, -1.5500128853250234e-05, 0.9949480535742176, 0.9949620338522615, -0.9949556612777948, -5.819504539609866e-06, -5.957677900167147e-06]",9030,0,0.03351593017578125
rastrigin,10,24,9.949585533148905,"[-1.0862363647775674e-08, -3.1656808615734275e-07, 0.9949587705038876, 1.9899122906559867, 0.9949585921822988, -0.9949587092860702, 0.9949586254984113, 0.9949586209572596, -1.1060493448404819e-07, -0.9949584486564752]",9030,0,0.03337502479553223
rastrigin,10,25,8.954626476023407,"[0.9949586979274904, -1.9899122785459282, 7.559292315980141e-08, -1.1905088909201329e-08, 0.9949586719225275, 3.117240008437293e-09, 0.9949586190507279, 3.4873944596125636e-08, 0.9949586498516886, 0.9949586335690674]",9030,0,0.03342485427856445
rastrigin,10,26,19.899080037911403,"[-0.9949594335283828, 0.9949653066550364, -3.6612603542107392e-06, 3.4831772647663353e-06, 1.6596915556178334e-06, -0.9949586182332245, 1.7128743522867669e-06, -0.9949593127871643, 7.636231125016144e-07, 3.9797808947411992]",9030,0,0.03343510627746582
rastrigin,10,27,11.939498609639983,"[-0.9949587348464358, 4.040245958656338e-07, -0.9949583220742002, -2.819848082486606e-08, -7.598744176225349e-10, -0.9949589130082107, 0.9949585025703355, -1.9899127094222961, -1.9899122938674583, 4.507304116146031e-07]",9030,0,0.033364057540893555
rastrigin,10,28,10.944539552388164,"[1.2657139246342832e-08, 7.986887743900495e-09, 3.6149161555789397e-09, 1.9899122281721966, -1.9899122451245943, 0.9949586455130377, 0.9949586353775921, -6.562756822884791e-09, 0.9949586453886105, -1.2540431427958447e-09]",9030,0,0.03350210189819336
rastrigin,10,29,14.92618711331697,"[-1.9894030580082225, -0.001422725242351736, 0.9937725462717036, 0.9929425984044721, -0.0004812681026656834, 8.168023230883427e-05, 0.9948915353288023, -1.9900117092779344, -1.989174184309952, -0.00078011207490235]",9030,0,0.03351712226867676
rastrigin,30,0,64.71592349678122,"[0.9964142360949482, 0.9937548920114071, -1.9922227139664104, -0.001359167353564083, -0.9904075931006996, -0.9965471284094579, -0.004307013573007773, -0.0027569543599028517, -0.0023185662157336646, -0.9956533360423248, -1.993498287933331, -0.9984445134339335, -0.9949617267742129, 0.9987854984036814, -1.9923509181424464, -0.9951341215988134, -0.9961678737253883, 0.9949863883054495, 0.9973182019793579, -0.0009171955833671389, 1.9936793028160407, 0.0012543686405888607, -4.975804442889531, -0.9941689640131252, 2.9837279632152813, -0.0032262277052837445, 0.00392089886334304, -0.9962275488980724, -0.004405037593587852, -0.9889437744689379]",15050,0,0.058915138244628906
rastrigin,30,1,112.50118330032225,"[1.9896295533519943, -7.85443957379583e-06, -1.9898207717515544, 0.00016496497518265, 0.00029117599620206096, 1.989819702245263, -1.7362496382555225e-05, -0.9956593191144265, -5.12, -0.995050476439641, -0.9948362919363084, 0.9951154222721628, -0.9947825796501111, -0.9947520959659726, -4.013617797706553e-05, 1.9897282944785168, 0.994722547746452, 0.00021362784751938267, 0.9947689360396544, -0.9949409003768003, 4.974927750712271, -1.989944224468926, -0.9952712189507084, -2.9848519003703116, -0.9950860754803137, 1.989973868185742, 0.9952266723596661, -1.9900059310710059, 0.9948796817806141, 2.9850703277199004]",15050,0,0.058976173400878906
rastrigin,30,2,95.5377299500013,"[0.00010325145435430782, -0.9954827023549089, -2.98649673221132, -1.986339638330387, -1.98804695549258, -1.9902452729882498, -3.9824227347163816, 1.9903332948504568, -0.9959506684579936, -0.000512677411884049, 4.9725831268186855, -1.988567169726387, 0.9950751230788485, 0.0035485084660547704, -0.9906446007999581, 1.9908686451938253, -0.002323056666701725, 0.9917344070289168, -0.002690413467400664, -1.9902764525148187, 0.995519307062321, 0.9920776978919172, -1.9901484653150137, 0.9941304613527336, -0.0021003535486387778, -0.9939383971891392, -1.987648068941129, 0.9953493144477173, -0.0007329185348511921, 0.0012914335049503596]",15050,0,0.05901217460632324
rastrigin,30,3,108.52280560433704,"[-0.9940468169208524, 5.12, -0.0002321470179752562, 2.98500790756416, 0.9949655905793343, -0.9948325751995227, 0.0004811147912993414, 0.9949129894723492, 0.9948389201966233, -2.9851391834655328, 3.9793344897251894, -0.9951863534375468, 0.9946799590138948, 0.0005675495691733969, 2.9832849588218795, -0.00013852410109114265, -2.985478249826299, -0.9954692017308239, -0.9949318980706736, 6.519075995756806e-05, 1.989471076524516, 0.9956955584422037, 1.9896204543876568, -0.9957394517957732, 1.9888776229991532, 0.9953912272055743, -1.9894255418075757, 0.00023659583572017775, -0.0002822433621748625, 0.00015975512626503004]",15050,0,0.05896496772766113
rastrigin,30,4,51.73779192741827,"[-1.989911720551803, -0.9950016893151864, -1.9899262963442654, -8.641138155518361e-06, 0.9950371600500483, 0.9949064553184598, 1.0276837124827428e-05, -3.895167325987919e-05, 2.325403115936945e-05, -2.9847508075897498, 1.9898699993783202, -3.0025265215652728e-05, 0.994975459885944, 1.9899423712468334, 1.9899159099899817, -0.9949855034155313, -0.9949538614927766, 2.821145912579389e-05, 6.198469064856578e-05, -3.959631745294505e-06, -0.9949489940131165, -4.322242757052276e-05, -9.665407218093552e-05, 0.9949809028523114, 0.9949469710172885, 5.917943720350888e-05, 2.984799916662262, 1.9899029674279425, 0.99496076577236, -8.422187065569835e-05]",15050,0,0.058856964111328125
rastrigin,30,5,59.69813170127958,"[0.9955749897915145, 0.9947184624364677, 1.9897641834960627, -1.98933733225368, 2.9842148968770097, 0.9949113503468573, -0.994791028102782, -0.995537943889979, 0.9948148297160301, 0.9951335045046737, 0.0004272465523227491, 1.9902104841444719, 0.9945043847754172, 1.9899976677886104, 1.9898602977763262, 0.9951685640796559, -0.9946363640961225, 0.00013522102323356209, -1.9905756976050921, -2.9846423929878645, -0.9947452420786883, -0.9946833372009554, -0.00033316721140674263, 0.99494620585931, -2.4045975383170815e-05, 0.9953322711544667, -0.994593042964396, -0.9948224856564372, 0.9946917286831148, -0.9946868964803716]",15050,0,0.05930185317993164
rastrigin,30,6,84.57131074953111,"[0.9948409391680806, 0.9949644694509155, 0.9949323884788048, -0.9949772265065162, 0.9949517207183419, -1.9900604604116674, 0.9950191810458371, 0.9949659117211451, 4.040958042496979e-05, 1.989810680639784, -4.415868235319683e-06, 1.9899967082413939, -0.9949105774335455, 0.9948848593527869, -2.9848097575842427, 0.9949887761591375, 1.9899141827429148, -0.9949620944928396, 7.230011648194835e-05, -0.9950402226150328, -6.352206375724049e-06, 2.9849018252012596, 2.98492913187286, 3.979753855608137, 1.989930840393547, -4.967023890594562e-06, -1.9899196693472632, -1.9899135445474385, -0.9949581077386803, -0.9949662136166469]",15050,0,0.0595090389251709
rastrigin,30,7,81.58746542724674,"[-3.6492570106485135e-05, 0.9945539771800622, -2.9851456108901457, 0.9950216884076847, -0.0004846510693092476, 0.9943633950420271, 0.9947424055926117, -1.9903361344250796, -2.98472070171774, -1.9893793786570737, 0.9947101677950939, -1.989982599820134, 1.9896789441591671, 1.9904007691553707, 2.9847788490260743, 0.000602736462406459, -0.9942190986232876, 0.9952470211100117, -0.0002001541487493697, 0.9947638515663288, 0.9942286853836846, 0.9947014228433855, -1.98940644861952, -1.9905464299508027, 0.0007378214114332877, -1.9898415630176356, -1.9894842371151207, -1.9898808063862292, -0.9951756020500002, -1.9897039646118948]",15050,0,0.05896425247192383
rastrigin,30,8,35.93382377740676,"[-0.9934689902123541, 0.04340840793746657, 0.02585457884883348, -1.01156488915974, 0.9830672738557101, -0.00517353990293451, 1.991967433891898, 1.9880209122021042, 1.992353692845258, 0.9883145201132432, 0.9909176361837051, 0.009275321372170672, -0.9868921126965116, -0.9736782351200219, 0.9842371434512973, 0.011143025456566317, -0.0028496926516985415, -0.015723294791040288, 0.003121295786732023, -1.971418535719765, -0.9947570494608429, 0.004228077213605338, -0.01050033423520882, -2.0055171856329013, 0.9801908446660133, -0.0006217017117585463, 0.9835664161136924, -0.01757381690267408, -0.0011729717962932623, 1.997766773967018]",15050,0,0.06095314025878906
rastrigin,30,9,94.52630387265253,"[0.9941683779304877, -2.9852173180029573, 1.9905836185685974, -0.0001618845398756604, 1.9893722123006004, 0.0002425638130726065, -0.9948469969749659, 0.0005749327266180293, 1.992201263490426, 1.9901023809877254, -0.9966605189250867, 2.9843578658315697, 0.9944887040060241, 0.995036679556687, -0.9955055767553097, 0.995968752636204, 2.985725288693974, -1.9888243850779666, 1.988852952753723, -0.0005682885877041123, -0.00030162511857400676, -1.3766804604779738e-05, 0.0006173675070075664, -0.9953184518481685, 0.9972682038809678, -0.9964425962400677, 0.9956102385310217, 1.9890176477715427, 1.9892983590567828, 4.972911010614185]",15050,0,0.06639409065246582
rastrigin,30,10,117.5487571914814,"[-1.9897348545086064, 0.9944827554655398, 5.12, 3.437044671543841e-05, -1.990033149483462, 0.995125502369245, 1.990495481146213, 4.745376245156915e-05, 0.9949908870269819, -1.9902521218489986, 0.9962108596384077, 0.9942923662611215, -1.9892789874739416, 0.00012807279276225636, -0.995333067932799, -0.9948054726315195, -0.9958066116904273, -1.9893752921430072, 0.9949212763125667, 5.12, 0.9948239571232921, 0.9945705558121485, 1.990009330426989, 2.9864418261899015, -0.0010919630258932967, -2.984742735330362, -0.995654666700089, 0.9956252686536993, 0.0004617720483960952, -0.9946450094467839]",15050,0,0.06669402122497559
rastrigin,30,11,78.67362112022772,"[-0.0002603870100828888, -1.9903673813367804, 0.00021563994243829751, 0.9969322502344435, 0.00016289485784990224, 1.9896496978656888, 0.9950493806637368, -1.990355626858527, 0.9948706543196375, 0.9950322768686617, -0.9952943394089768, -1.9899973902028205, -0.00023352080361139517, -0.995185394857077, 0.9951165968932122, -0.00017771931151406239, 5.12, -0.9951463048258743, -0.994870900102848, -0.9952668311586671, 9.00402853574585e-05, 0.9948743730593662, -0.9951817540695239, -0.00017591211378230874, 0.9951239088580924, -0.9948497056399502, -3.9801436386632054, -1.8888817519707637e-05, -0.00031990834660305733, 1.990278738638138]",15050,0,0.06772589683532715
rastrigin,30,12,89.58366360268116,"[1.9908536347442898, 0.994207207174712, 0.0003706354232381301, -0.0003238730728711424, -0.9956768960988635, -0.9959913421341926, 0.0009458299274158849, -1.9868282974428504, 0.995707640377951, 1.9908712291938424, -0.9953295440673492, -2.9969458080812115, -0.00010523211971037591, -0.994392732661497, -0.0005586319760249694, -0.9951479167673041, -0.0008919692782885617, -0.00014433072998569236, -0.0003475540159488357, -2.986799064838729, -0.993518664818397, -0.0005269055256731664, 0.9936334056588378, -0.9951279193546387, -4.974823841848145, -1.986001175534911, -3.978588112454876, -0.9961740564732217, 1.9896590070654676, -0.0012912182253627556]",15050,0,0.06259417533874512
rastrigin,30,13,81.62373001309757,"[-0.9941655697938718, 0.000375602736200802, -1.9921364789238896, 3.980363497937594, 0.0009204278072206472, 0.0011902521866333999, -0.0032013952501303254, -6.191763026051661e-05, 2.9841907535280554, -0.9928177021593432, 0.995771763456347, -0.0009882242932684102, 0.9957830097321114, 0.9935724572250907, -1.9847546314468847, 0.0014787546164663464, 1.9903621706066612, 0.0011547378053649332, -1.988957062587678, -4.9720075557411345, 0.001011445177380672, -0.9943149910117105, 0.9947563279134546, 0.0008803651191001982, 0.9955047443278608, -0.9924283994217459, -0.9936765688807528, -0.9956922474868313, 0.9944183819786298, 2.000476876078044]",15050,0,0.06237196922302246
rastrigin,30,14,69.72353292828319,"[-0.9932333621968138, 0.9902114760101585, 1.9892713469891206, 0.0061809149763437585, -0.0027067534186331174, 1.9934513288957265, -1.987764529402158, 0.002922984821928959, 0.995947111371916, -1.9911920416113207, -1.9865596610459915, 0.996796291578054, 0.0034823111858490233, -0.9913346861746284, -0.0003149993801560667, -0.992680507148618, 0.9956929609710606, 1.0045909720392308, 0.9982665535359078, 1.9846818570873759, 1.9921222181244778, 0.9944884448203914, -0.9953133337358326, 1.990182752341292, -2.9862375459352966, -2.9794823541661226, -0.0032029501720627082, -0.9891860459518146, -1.9923258628206526, -1.9948192272842173]",15050,0,0.06171011924743652
rastrigin,30,15,72.76256276804952,"[-0.9954371761138943, -1.9910842523502243, 1.000708957664569, 5.12, -0.9893524910365834, -0.0007412725103461075, -0.0011502544062820092, 0.9930738393360546, 0.9821638111349938, 0.0001787700567236656, 0.9947207076063508, 1.9891390859921614, -0.9960911894934398, 0.9952402545963853, -0.00018455335200582993, -0.9961989548130882, 0.9953992340843988, 1.0024114747539585, 0.9939702374107364, 1.9901096577150725, -2.9856330037354093, -0.9936758881205637, -2.5638048200940988e-05, -0.9956284231227389, -1.990855649000299, -1.9894644130944463, 0.00020184170438808136, 0.9937903427566682, 0.00032231081990987266, 0.0006446086830438271]",15050,0,0.06372380256652832
rastrigin,30,16,78.67280193061816,"[1.9902163301312745, 2.984976477669592, -0.9951684013606036, 0.00014768296751369755, -2.985003089888509, -0.00018295121046050402, -1.9899272150202407, 9.651321185908295e-05, 0.9950317421705401, -0.9942275737586894, 5.12, 0.9948585804910625, 1.9898455098158474, -0.995106773908361, 9.88431666744184e-05, -2.7187088860617184e-06, -0.9950828072318341, -6.296251165420093e-05, 0.995136695272788, -0.9950144348048818, 0.00017434814794020797, -1.9900757119859416, 1.9900365415928667, 0.9953376260183233, 0.9950505032355567, -0.9949510567604227, 5.454237991849514e-05, -0.9950514376386367, 2.6648620789409644e-05, 2.1410575865621898e-05]",15050,0,0.06325411796569824
rastrigin,30,17,94.59201151490623,"[0.00016805161199435705, -0.994920348307021, -5.12, 0.9952344991210224, -0.9948053872479508, 0.9950621932340636, -0.9948444528874423, 0.00020812864355854887, 0.9949231130786031, 0.994892170704709, 0.9951171526838966, -2.9849148289820424, -0.0003167562164594745, 0.995006106490712, -0.9950334819516502, -2.985040606872324, 0.9950015764498739, -0.9943662191830456, -1.9898473548048927, -1.9901059815937188, 0.9949147250563006, -0.00013593147012094879, 0.9947583378422751, -0.00018327224938742537, 0.00010421219239054784, -6.86614017908008e-05, -2.985166298396782, -5.966921021488105e-05, 3.979985309780968, 0.9949168266167714]",15050,0,0.06160306930541992
rastrigin,30,18,128.3490680216752,"[7.124344701855604e-05, -0.9950000043516063, 0.994835139913978, -0.994893540576515, -0.00018008592373357197, -1.9898654391804056, -3.9796167505814153, 1.989921575752593, -0.9952988087332797, -1.989935354153928, -4.974639354815823, -2.984853273476655, -2.9850991213380333, -5.017633204339899e-05, -1.989863978095689, 0.00013239846224209187, 0.9950496963495592, -0.9951034594490498, 3.4421636205902062e-06, -1.9899897035507994, 8.420577965045194e-05, 2.9848336448781048, -0.9949565194266655, 0.0001689820671774289, -4.974735849071318, 1.9899074932695515, -1.9896894678319965, 4.4605299171351996e-05, 7.902256638883318e-05, 0.9950096392128985]",15050,0,0.061486244201660156
rastrigin,30,19,75.61698144743832,"[-2.984779374015092, 0.00010947479895811801, 0.9946829814049312, 3.9800914784241983, -0.9950565651480684, 0.9948360955413076, 0.9951427938099041, -0.9949085974593231, 1.9898464095079724, 2.9847089576789103, 1.9893022852932405, -0.9949761536171343, 0.0001739356747060554, -1.989974956238665, -0.994931904844543, -0.9948558394927713, 0.9952774480475897, 0.00013389711971649386, -0.9948644157333774, 0.9947280284651798, 1.9897541754772248, 9.092341537903989e-05, 0.9949598063144939, -1.9903235544573028, 1.9900900836112516, -1.989777304722717, -0.9945755167388225, -0.9951749632411566, -0.0002949212204566918, 0.00023824540401113227]",15050,0,0.06131100654602051
rastrigin,30,20,65.7031017366806,"[0.9962613318195008, 1.9877290503382203, -0.9918633236148261, 1.9877357749011662, -0.0013553769841975632, -0.9971761230388955, -0.9998177445703688, -2.984955128660794, -1.9924300080095865, -0.9937584245771204, 2.9878964272921573, -0.0002888182130436372, -0.9958078562468663, -0.9973619818358117, 0.9950322378971949, 0.9903262346438948, -0.9939701551055415, 0.00022778889796000272, -2.979750837200555, 1.9914072324066585, 1.9876045082056337, -0.9910868534406633, -0.0014232425413694182, -0.0012716626363678092, 1.9903063759682749, -0.9929211333061595, 0.9909178900115186, 0.9921316749125942, -0.9961835881880842, 0.001322264234964414]",15050,0,0.07364869117736816
rastrigin,30,21,54.74617060969953,"[-0.0018276995829174135, -0.0010366870912277071, 0.995843461187459, 0.0003119030212502087, -5.173412757973248e-05, -0.0007384717630209726, -1.9897822283428628, 0.0002319827214065245, 0.0014448125264723399, 2.984605142397772, 1.9914654536433092, -0.0011052893358964927, -1.9806980175316913, -0.9942773243723826, -2.9862462044020677, 0.995464092691193, -1.9896627295005491, -0.0018730107409395055, -0.9950878547690225, 0.0010807401002085252, -0.9948713574770033, -0.9942217858451023, -0.001179225228893359, -2.9864944074593343, 0.9954476183173737, -0.0028580415726903083, -1.9897539949527023, 0.0012176381963093874, 0.00030425521646591607, -0.9943879453835841]",15050,0,0.1993849277496338
rastrigin,30,22,79.5973435529128,"[-0.9954507578023143, 0.9954108609452187, 1.9901686555609464, 1.9893118564677164, 1.9900751338561768, 0.9948707760762069, -0.0003565121834111928, -4.974293482878787, 1.9900588485451627, -0.9950506059352652, 0.9950358204216434, 0.000279001833243365, 0.9948954354073881, 2.9858656224066316, 2.9845887416791173, -0.9947994815340232, 4.299239792514984e-05, 0.9937590397409041, -0.0004912596993666121, 0.9951709656961486, -0.9949615860498344, 0.0005733186838912877, -0.9945762701091408, 2.2604100052914998e-05, -1.9898092361582311, 6.028075045292399e-05, 1.9897150144998845, -0.9945683496732943, 0.9948091010338472, -8.325730585749996e-05]",15050,0,0.09001398086547852
rastrigin,30,23,113.49601786438976,"[-1.9898416459662778, 0.9949023235957748, -1.893164819759058e-05, -1.9899180816913915, -0.9950443777450628, 0.9945731692191815, -1.989932495366218, -5.182946123382936e-05, 4.974760129984989, 5.12, 0.9952151321997386, -9.763492663302576e-05, 2.984529562901844, -0.9948647739781435, -3.0098539793450575e-05, -0.9947829126064892, -0.995067747002403, 1.9895588090004384, -4.378830275034884e-05, -0.9949905276537646, 3.776511129245744e-05, 1.989922317589907, 1.9899806858950941, 1.9900067505485612, -0.00020513908884432265, -0.9947304024443597, -0.9950624979290225, -2.9850477444146204, 8.743279359135597e-05, 1.9898813353859115]",15050,0,0.09259200096130371
rastrigin,30,24,45.86468500504981,"[-0.004064650475210131, 1.9904117850363998, -0.005836218575351657, 1.9956568515421964, -0.9925655302083088, -1.990636123442622, 0.0014240424356214724, 0.0011011854733161235, -0.0026048643370878977, -0.0019372666497559554, -0.9895232336479625, 0.003945635091458512, -0.9981727169051869, 0.0008223694562272592, -2.98307732006116, 1.990774299809031, 0.994760622260982, -1.9902445293596307, 0.9952295363202339, -0.012271769351068528, -0.0005247981021068862, -1.9896052135248217, 0.9824489629656763, 1.987949545720371, -0.0016387005146837911, -0.996946341021269, 0.0012699736860129535, -0.9962504927613157, 0.9953739727757158, 0.0014324660504706765]",15050,0,0.0642251968383789
rastrigin,30,25,91.67318209136894,"[1.9891368417139004, -0.9922808813655084, -1.986953264839482, -1.9928504929528132, -0.0017001975512717107, -1.0013836431593943, 1.9899639639982363, -0.9948748310862483, 0.001309725430964294, 0.0012915304967267506, -0.0032854693857202414, 0.004632081853709598, -2.9858387685511265, 1.992090562466135, 0.987715408908284, 4.974973215363868, 1.9922012104130766, 2.982674412288241, 1.9943240669913516, 0.019851644565358442, 0.0010046072037952374, -0.9968780027380445, -0.996272005677611, 0.005835490823375523, 0.9971436529984391, -0.0012871819972192884, -0.002345849333949823, -2.986189340590669, 0.9959447261629659, -1.9827591850555009]",15050,0,0.06298184394836426
rastrigin,30,26,89.67909951990362,"[-0.00040786089384137674, -0.9955090623637436, 0.001679331787529738, 0.0007508907286650594, 0.9846484908827681, -0.9975873608262985, -0.9947750732299697, -1.9886993043216163, 3.142861474461795e-05, 0.0015675056269705973, 0.996089041000559, -1.99017895090735, 0.9848586506260497, 0.9950494400957806, -0.0003100630696838613, 0.9879297130058913, 0.9949238841348823, 1.9915278708381838, -2.9838083417195427, -5.12, 0.0006046939723658621, 0.0006834158319905639, 0.004655845719070622, 0.0010767471288036395, -0.9939713623583708, -0.9941697311257706, -4.971878019458767, -1.9881418353155034, -0.00017349643521105497, 0.00010627201525465656]",15050,0,0.07046890258789062
rastrigin,30,27,71.71134927709045,"[-0.0005343130991680762, 0.9948900608644701, 2.9843686579935285, -0.00013225953975232372, 0.9951470284295776, 0.9958950792247214, -0.0003647670872435936, -0.9947800245240788, 0.000681789022300568, 0.9919162885753249, -0.9958523244043419, -0.9948775732196938, 7.442037345126314e-05, -0.0007841655500518708, 1.9899465388940796, 0.9950083179248297, -5.12, 0.0012483727359444644, 0.9953567445223163, 0.00013524281691317823, -0.9943003302832621, -3.9790711675881414, 0.9951934876131882, 0.0010299024898666252, -0.9946597050988568, 8.64916280416725e-05, 0.0007940505824482521, -0.0003678082938283444, 0.994714765477569, 0.9955351359421379]",15050,0,0.0621030330657959
rastrigin,30,28,35.818929553852456,"[0.9950865185982432, -0.994626080819271, 0.0001523153127056655, 0.00029731244442306615, -0.00024444730852017833, -1.9903280457733474, -0.00014009983432684958, -1.9896993657906958, 0.9948339582094983, -1.9901126180928486, 0.9948157149274761, -0.9949878660208715, -0.0008642285312216426, 0.995083464766293, -0.9949820906162195, 0.9951340701099207, 5.2691515329062355e-05, 0.00012173784608696018, 0.00041887946412191114, -0.0001585554139208066, 1.9901807124364246, 0.9947808647428795, 0.00016672986852344583, 0.00023913444473693885, 3.837078057596174e-05, 0.00042694583536425756, 0.9953406065148309, -2.9845591223141454, -0.9951659090376533, -0.00012212184470173626]",15050,0,0.06904315948486328
rastrigin,30,29,71.67758825609056,"[0.9959053979901926, -0.9936529582402175, 1.9922795802483133, 1.9905003770691427, 0.00021088757737624132, -0.0001229537630172862, -1.990036589242181, -0.9868128512303559, -0.0068420664267729815, 0.9919480045130823, -0.000558624084884275, -1.0007206847539025, 0.0009290478515440971, 0.002183434523079617, 0.0004749564787636673, -1.9895413842268828, -0.9947899329852999, 0.9952916785716522, 0.9958489873783859, -1.9899371772001841, -0.0014166231318968958, -0.9941163406785752, -0.0024160640115993962, 0.001420592862402639, -1.9903921756202863, 0.002806643322800839, -4.97563393416077, 0.9913251208251491, 2.985580898688356, 1.9886946338423128]",15050,0,0.14479613304138184
ackley,2,0,1.4386471914651366e-05,"[-2.7110124913230207e-06, 4.30340046775484e-06]",2460,1,0.020539045333862305
ackley,2,1,6.353672275993816e-05,"[2.1645134286957585e-05, 5.990762075245487e-06]",2070,1,0.03729510307312012
ackley,2,2,6.742915958968254e-05,"[-5.022170139824881e-06, -2.329934075157372e-05]",2490,1,0.027462244033813477
ackley,2,3,8.375381078495892e-05,"[-2.7354808061703063e-05, 1.131651590308727e-05]",2580,1,0.016786813735961914
ackley,2,4,6.572573517305003e-05,"[-5.566487246215157e-06, 2.2555755720618357e-05]",2550,1,0.013642072677612305
ackley,2,5,9.803571895661278e-05,"[-3.070214401190295e-05, -1.6061451027957814e-05]",2190,1,0.011721134185791016
ackley,2,6,6.106694050744821e-05,"[3.8369892763942645e-06, 2.1242281203314314e-05]",2190,1,0.012347221374511719
ackley,2,7,9.834359698901451e-05,"[-9.946256319931415e-06, 3.330486524394903e-05]",2310,1,0.012329339981079102
ackley,2,8,8.845297021453646e-05,"[-2.262680049392547e-05, 2.1574138120611567e-05]",2340,1,0.013280868530273438
ackley,2,9,8.17286148984131e-05,"[8.905679792825608e-06, 2.7480551574106892e-05]",2520,1,0.018034934997558594
ackley,2,10,8.450096556389397e-05,"[-2.575181756966917e-05, -1.5129236749374239e-05]",2370,1,0.014015913009643555
ackley,2,11,4.2825483739239445e-05,"[-1.5091691605487677e-05, 1.1951010546659013e-06]",2610,1,0.015214681625366211
ackley,2,12,4.240115135845102e-05,"[-9.030561655806973e-06, 1.1963183035366818e-05]",2490,1,0.018879175186157227
ackley,2,13,6.660010378300996e-06,"[2.201260323354949e-06, 8.358674919071128e-07]",2010,1,0.011857986450195312
ackley,2,14,9.43056661566466e-05,"[9.58675181337736e-06, -3.192321485911838e-05]",2370,1,0.015725135803222656
ackley,2,15,5.207275119234467e-05,"[-1.0045402613877041e-05, 1.5424618877450392e-05]",2610,1,0.017476797103881836
ackley,2,16,9.8720840736366e-05,"[2.152639031340083e-05, 2.7459790903579657e-05]",2130,1,0.014404058456420898
ackley,2,17,4.037873124973501e-05,"[-3.4421476528682157e-07, -1.4269968217239776e-05]",2250,1,0.01203608512878418
ackley,2,18,8.870282224693327e-05,"[1.5161566461850015e-05, 2.744212804251081e-05]",2280,1,0.017693042755126953
ackley,2,19,5.068387575279942e-05,"[-1.7901897271711917e-05, 7.215841335804496e-07]",2220,1,0.0172879695892334
ackley,2,20,8.834012330583008e-05,"[-2.5968206457380386e-05, -1.733713267738564e-05]",1980,1,0.01803278923034668
ackley,2,21,5.691304940969033e-05,"[1.5931597426041235e-06, -2.0054810198392894e-05]",2400,1,0.02548694610595703
ackley,2,22,9.350927294748956e-05,"[3.401110110181596e-06, -3.287477154141085e-05]",1950,1,0.01183319091796875
ackley,2,23,9.324344763017578e-05,"[-3.185137817572869e-05, -8.462162381433423e-06]",2430,1,0.013592243194580078
ackley,2,24,3.577320270808926e-05,"[-6.668743351416484e-06, -1.0745000346278649e-05]",2250,1,0.012205839157104492
ackley,2,25,1.0357789424819686e-05,"[6.108148282283408e-07, -3.6106032544137764e-06]",2400,1,0.020752906799316406
ackley,2,26,8.005449587544788e-05,"[-3.046621267767792e-06, 2.8131508076463834e-05]",2850,1,0.031007051467895508
ackley,2,27,4.6606121678838264e-05,"[-1.6418574064844412e-06, -1.639318206447934e-05]",2190,1,0.015254020690917969
ackley,2,28,8.747145079057717e-05,"[7.73183570415483e-06, 2.9934412282024345e-05]",2460,1,0.022534847259521484
ackley,2,29,6.445998105819584e-05,"[3.441479523525552e-06, 2.2523756481491517e-05]",2400,1,0.012785911560058594
ackley,10,0,9.304860241998725e-05,"[3.929737341818868e-05, 6.707099499769062e-06, -1.3726988225498122e-05, 2.9912650955443846e-05, 2.0493657701950236e-05, 1.170000105871945e-05, 2.8939463798058127e-05, -8.672134692755092e-06, 1.240993238407773e-05, 3.334481377223086e-05]",5790,1,0.03170371055603027
ackley,10,1,9.96524415346478e-05,"[1.8330444160550403e-05, -3.0741286220158315e-05, 1.2110953146040431e-05, 3.4026915312285664e-05, 8.834524980963775e-06, -7.96951483357824e-06, 8.403499868878827e-06, -5.205509441351736e-05, -2.09046366442604e-05, -1.6064281540756394e-05]",5310,1,0.04814600944519043
ackley,10,2,8.312429686130329e-05,"[7.584350251000594e-06, 5.394891884984093e-06, -2.204676970203363e-05, -5.870634922280812e-06, -5.8341637451842585e-06, -2.525144876592219e-05, -1.921539285682415e-05, 2.552935319434673e-05, 2.1259160397476274e-05, 3.955232627523891e-05]",5700,1,0.056593894958496094
ackley,10,3,9.899753335007588e-05,"[3.444558611939484e-05, -1.7272104343034413e-05, 2.7821551382666884e-05, 6.3580905404287166e-06, -2.1545070204386187e-05, -3.683744799043536e-05, -4.0614240777755706e-05, -3.553058998281722e-06, -1.6147486886498753e-05, 8.827712423230176e-06]",6030,1,0.04276299476623535
ackley,10,4,9.30776331959926e-05,"[1.750485403242657e-05, -1.2376372437007956e-06, 1.5701485012728348e-05, 1.3477000248570932e-05, -1.2453699739100556e-05, -1.3434339074507249e-06, -2.313933596687088e-05, -9.70481920129069e-06, -5.148679254602845e-05, 3.518212172320175e-05]",5400,1,0.03336906433105469
ackley,10,5,9.468967359937963e-05,"[6.729002963522254e-06, 2.8900370562425384e-05, -1.993404877898814e-05, -3.5805880235317856e-05, -2.5558195957237377e-05, -1.9615380539944653e-05, 3.15109626648197e-05, -3.075255512226621e-05, -4.9118699290191345e-06, -6.2924251425759104e-06]",5730,1,0.04931926727294922
ackley,10,6,9.462231127743692e-05,"[-5.3873595666416316e-05, -8.041726996874586e-06, 6.773101624932696e-06, 7.763392279040455e-06, 3.0535333892639684e-05, -2.7422465467968137e-05, -2.039615971361405e-05, 1.4189786258149163e-05, -6.84168696375123e-08, 1.4744706941634284e-05]",5880,1,0.03381085395812988
ackley,10,7,9.514362675178134e-05,"[1.4224658060583366e-06, -1.5417076515752466e-05, 5.668638958016791e-05, -1.6789498503361696e-05, 2.0707800690082287e-05, 1.4744803216719481e-05, -2.10635255116918e-05, 1.8940909308182812e-05, 1.3438644217346991e-05, -1.7027028876462763e-05]",5430,1,0.03026604652404785
ackley,10,8,8.861355963007966e-05,"[-2.1534458641180946e-05, -4.548354377823274e-05, 1.2697694417293933e-05, 2.2068347118244968e-05, 2.0939049907823707e-05, 7.585882446051401e-06, 3.1662381160158574e-05, -3.3652537145842463e-06, 6.535175983050155e-06, -1.3098685169609817e-05]",6240,1,0.058115243911743164
ackley,10,9,9.029774900115584e-05,"[4.701025351195618e-06, -1.589023918110077e-05, -1.735451529758637e-05, -1.9600672498396592e-05, -5.072945854522044e-05, 1.72527290181985e-05, 1.2106703452208216e-05, -1.6619161182297867e-05, -1.0938994471161076e-05, 2.6822774220854008e-05]",6060,1,0.03313302993774414
ackley,10,10,9.285449487750341e-05,"[-1.6185748353125946e-05, -5.20392331402971e-05, -3.3395427947612536e-05, -2.814390573728989e-06, -1.4762830234636846e-05, 1.8157383363229842e-06, 2.4616498738612183e-05, -2.5120227731083768e-06, 4.008475957018211e-06, 2.103737139818283e-05]",5700,1,0.03116893768310547
ackley,10,11,9.99802780516923e-05,"[2.455885012837009e-05, 4.8813986112727745e-05, -9.259356981041553e-06, 5.0870032157662376e-05, 7.036580081652226e-06, -9.820511402968798e-06, 1.0883360721255502e-05, 9.51256326643977e-07, -1.763934785671479e-05, -2.7362540496294073e-06]",5220,1,0.028741836547851562
ackley,10,12,9.978432562762762e-05,"[-4.277149756118973e-05, -3.9882368641383555e-05, -1.9784482514850726e-05, -3.7260413273963403e-06, 3.8187049555599904e-05, 2.503499594141457e-06, 1.3761692008294505e-05, -2.590728497732337e-05, 8.680009530141206e-07, -8.233021870797512e-06]",5670,1,0.08776187896728516
ackley,10,13,9.63923981776027e-05,"[-2.0273408723285503e-05, -7.955260732727337e-06, -1.7876866283905825e-05, -2.7016104251387705e-05, 1.335429623890585e-05, -4.060286597580984e-06, -5.338397494817909e-05, -1.518344236846298e-05, 2.5322602130147598e-05, 1.9059591406391397e-05]",6150,1,0.04510498046875
ackley,10,14,8.456620605601373e-05,"[-5.982448688179468e-06, -2.8547822363942988e-05, -5.102769571260224e-05, 8.34894651806163e-06, 1.0088523958844803e-06, -2.328823226645715e-06, -1.3442690827787237e-05, -9.724083695767168e-06, 1.992285565626199e-05, 1.6254657961777625e-05]",5850,1,0.05456900596618652
ackley,10,15,9.64083497021484e-05,"[4.5378197126432316e-05, -2.905624062413142e-05, -2.1185731322115003e-05, 1.901327451805904e-06, 2.801543723635393e-05, -1.4158261178088243e-05, -3.771555871329198e-05, -1.5855428754971424e-06, -6.2524275619639734e-06, -3.0576343641330933e-07]",5460,1,0.038084983825683594
ackley,10,16,7.486232656406244e-05,"[-1.7177081802347192e-05, -2.3592961866683098e-06, 2.3514661752589364e-05, 2.1757803585641248e-05, 1.1155166350766005e-05, 2.860139827792892e-05, -1.7959400653167793e-06, 2.352881856607053e-05, -1.8242736693422576e-05, 1.8491073281458104e-05]",5880,1,0.0320279598236084
ackley,10,17,9.688802336826896e-05,"[3.842803161149335e-05, -1.0404258470789643e-05, 1.9450583389888158e-06, -1.2352579972714891e-06, -3.3016048519834984e-05, 3.7199290516856266e-05, -2.8817446312641808e-06, 1.894120128236346e-05, -1.1258411525937913e-05, -3.612936654131135e-05]",5640,1,0.030981063842773438
ackley,10,18,9.207279163847559e-05,"[3.1239188026603134e-05, -1.9976498503626484e-05, -4.129715306061931e-05, -9.50340512557788e-06, 1.9792882194785905e-05, 6.303270247113869e-07, -2.9363208098810966e-05, 1.553239572555689e-07, 2.850907961147535e-05, 7.567503685339358e-06]",5910,1,0.03225398063659668
ackley,10,19,7.629042641399408e-05,"[4.4039869445329e-06, -1.598775276264663e-05, 7.0733217784713405e-06, -2.073627008417671e-05, -8.417393786647368e-06, 8.53570880591188e-06, -2.4313498721471634e-05, 1.771351270559247e-05, -3.0368472162663247e-05, 3.0164534240209977e-05]",5820,1,0.03217816352844238
ackley,10,20,8.372861585614899e-05,"[1.525926527288337e-05, 3.331589000562507e-05, -1.1822185304478023e-05, -1.783918563128834e-05, -3.660083765397619e-05, -2.0766700058458893e-05, 7.866269721158842e-06, -8.048413700356509e-06, 6.203427169498844e-06, 2.53436586835146e-05]",5700,1,0.03104400634765625
ackley,10,21,9.260527528498486e-05,"[-1.7828202569445866e-05, 2.3812227033160407e-06, 5.824207111388475e-06, -2.1930329968283964e-05, 2.98019361906768e-06, -1.2638470409475343e-05, 7.0431060556911696e-06, -2.2960543647244976e-05, 6.123359579262024e-05, -4.816689255324954e-06]",5850,1,0.03186511993408203
ackley,10,22,1.6462236331034075,"[-1.2614779265976954e-07, 4.902693553911984e-08, 6.433501615112637e-08, -0.9175371627503264, -1.5538945544406396e-08, 0.9175371887960027, 6.808729380709468e-09, 3.612731044944479e-09, 1.0898942241510045e-07, -9.580550483263716e-08]",9030,0,0.05069112777709961
ackley,10,23,6.64026339234347e-05,"[-2.007435613673604e-05, 2.2916041383104868e-05, -1.9743504892295927e-05, -3.648221979304888e-05, 4.460801702570335e-06, -3.473163679701749e-06, 1.4660684782573757e-06, 2.2027594092054046e-06, 8.16225459349421e-06, 3.6399228806964073e-07]",5820,1,0.04384613037109375
ackley,10,24,9.754683082308091e-05,"[2.5437817025668468e-05, -2.4268235203789435e-06, -2.3619696685274675e-05, 2.831991611408546e-05, -2.8296316173088736e-05, 1.9789726934612694e-05, 3.319423008570604e-05, -1.054718374896373e-05, 1.125673532464525e-05, -3.7393150675872e-05]",6120,1,0.04568219184875488
ackley,10,25,8.033906858573303e-05,"[-3.284114261062807e-05, 1.7385433404408388e-05, 1.4495460361194582e-05, -6.679184150410819e-06, 1.001980068425589e-05, 1.01991271611143e-06, 1.6824526570854855e-05, -2.925342251004965e-05, 2.021104276808636e-05, 2.7341334431242778e-05]",5940,1,0.0326380729675293
ackley,10,26,9.637988250732477e-05,"[-9.81131569031483e-06, 3.689756270456139e-05, -9.970841391890349e-06, 7.667509917820926e-06, -5.352509962845765e-05, 2.9647268616047305e-05, 8.001557249412257e-06, -4.794164537820775e-06, 1.1444707725299901e-05, -1.4972193314815725e-05]",5580,1,0.05173182487487793
ackley,10,27,8.920539340850908e-05,"[1.830107076076365e-05, 2.7310377329032495e-06, 1.274391847753289e-05, -2.682856269660967e-05, -6.270867509960917e-06, 1.7631653790959265e-05, 3.11175644751705e-05, -3.121015237698897e-05, 2.400471321573591e-06, -3.8047935389723614e-05]",5730,1,0.03301596641540527
ackley,10,28,9.59580654407155e-05,"[4.57508301270019e-05, -3.472237766028406e-05, 1.4934106157848303e-07, 4.534440090192984e-06, 1.477299951414553e-07, -2.9061625730554643e-05, -2.272422184191831e-05, -1.8361711003437277e-05, -1.4680801892425912e-05, 2.276536045008218e-05]",6000,1,0.032507896423339844
ackley,10,29,7.954699098577933e-05,"[-7.963453700853508e-06, 4.00417853391087e-06, 3.23625716323691e-05, 7.928925550701708e-06, -2.4664120590759776e-05, -6.277762166518282e-06, 2.0011326813522193e-05, 1.119634097451023e-05, -2.667154308825582e-05, 2.9633914869992005e-05]",5970,1,0.03320503234863281
ackley,30,0,2.316326205354557,"[0.004032060835782974, 0.00016663157456201167, -0.0019332378117788301, -0.0007048205893799985, 0.0014024551807948113, 0.0006846645316708139, 0.0005841181165223577, 0.0005644652483511974, -1.8844532622073116, 0.0002768292322291512, -0.0006223470224755955, -0.944106949296264, -0.9444323558140463, 0.9450802906610326, -0.9453807377629009, 0.001118376039283149, -0.0012875925099745734, 0.9462560806541921, 0.0005544065867681606, -0.9456345878516137, 0.0022227210734560377, 0.0015756086517272532, -0.943668765309661, -0.005113946150859633, -0.9474827391322017, 0.003762665936893625, -0.00048530421083948393, -0.001186846633526763, -0.00026616610961930796, -0.000577145962709059]",15050,0,0.08385109901428223
ackley,30,1,2.3192619470115052,"[-0.0026129354167827054, 0.004719018645725919, -0.943704210841147, -0.00010637717369089462, 0.0011586207178300777, -0.03428444732530082, 0.001548561871709285, 0.0015157571806669152, -0.006777825619953961, -0.016684491992690086, 0.0008660394739920579, -0.00016583716228734356, 1.879281415305411, -0.0020789455589766063, 0.0015632615447428878, 1.8831151518265408, -0.0012344561793208447, -0.0002286637650175823, -0.003276613599589758, -0.000782386784852057, 0.9417015018114656, 0.000295724400027633, -0.9653077232591608, 0.9438964976938161, -0.0017770578451169875, -0.006064239858421907, 0.004277319327567059, -0.0049136950909525025, -0.0035931915115093942, -0.0010653035489963745]",15050,0,0.08153414726257324
ackley,30,2,0.02171742560868184,"[0.0029968205071345642, -0.0011424022902064082, -0.0018452936706160905, -0.0005972954728558511, 0.003966677902466253, 0.0012808074617683116, -0.003404138093281114, 0.0007581228991882377, 0.004570724684631638, -0.002887590952863975, -0.0013955277843103338, 0.011233654910354888, -0.0027611554385074807, 0.004513905795989272, 0.0040629520710789395, 0.0016448145010456738, 0.006574333336780809, 0.00045569382779974375, -0.00011443885690650259, 0.005663319214969665, 0.004344473001217378, -0.004516838303198301, -0.00834281142922309, 0.007851187520196437, 0.012461723084095745, 0.00023990084809053392, -0.006417045222976742, 0.004541661949919319, 0.007779750324491963, 0.0019748298491121096]",15050,0,0.08224892616271973
ackley,30,3,1.1571446882866465,"[-0.003006130796432108, 0.019411794850265673, -0.005892720403605248, 0.0027449524237085276, 0.0022754063060556103, -0.007188900084985038, -0.0012481357123173935, 0.0026981776428828923, -0.001186202839176041, -0.8682221138453299, -0.0016382536212124494, 0.0010839369024773647, -0.017119750885335624, -0.004293840486272418, -0.00443715588576927, -0.0020073706884966205, 0.002500076524399951, -0.0002585255617775003, 0.00020915091518243153, 0.8717213564723808, -0.8686427135517507, -0.001919523324296981, -0.00021362193713287975, -0.0011369441668356252, -0.0016485264042969921, -0.002066471833778747, -0.001732515598660629, -0.012258478958485315, 0.0011226391560497802, -0.00024051948865800817]",15050,0,0.0804128646850586
ackley,30,4,2.012150143031463,"[-0.00034957019871850194, -0.0011239396003834188, 0.0009175946471804172, -1.8567680745047643, -5.4345994615050065e-05, -0.002188847336310419, -0.0017430823829072246, 0.9358724255654393, -0.0012170302074792688, -0.9357923767672638, 0.0014346283255777573, -0.00028696727037076544, 0.001434193137355824, 0.0029150173060948892, 0.0006717127380708829, -0.0006193024312616283, -0.0027731657185921703, -0.9344833824622705, 0.0011320750549583386, 0.001210132839706392, 0.007908088324752167, 0.002998953112573191, -0.0013106486168643944, 0.002191291980989034, -0.0018760909686510474, -0.0012824103813520787, -0.9364303897991807, 0.002224519152469674, -0.9356842392513602, -0.004609590370053753]",15050,0,0.08093070983886719
ackley,30,5,2.9577320512352547,"[1.9177469197851391, -0.0007093619090607647, 0.00041289129130912664, 7.640968596300986e-06, -5.453573898518948e-05, 0.9597175604342385, 0.0005247841607504092, 0.00032019599397683363, -0.0007532835303824534, -0.0006272186626937695, 0.001053278427283041, -0.0005759299759185493, -1.9154049702870448, 0.958458387372605, -0.0016672007890456506, 0.9609451934113973, -0.9599908423076797, -0.9592336200657311, -0.9608574191818064, 0.00048286063524445035, -0.0004771839392320834, -7.171321109353994e-06, -4.3721215616342635e-05, 0.0012693180352143212, 1.9167703813182542, 0.9595214495971998, 0.9604565585855076, 8.077357056254439e-05, 0.0006853372170449548, 0.0010895852426332864]",15050,0,0.08246612548828125
ackley,30,6,3.4616190957401725,"[1.9326435430634972, 0.001822609693839279, -3.383087523445478e-05, 0.00039940117935231, -0.9657332536923353, -2.893930925229746, -1.9329296352417484, 0.001322500544748807, 0.9659899308595109, -3.631668903460834e-05, -0.9676914933824079, 0.0008363401837497184, -0.0021038707223053474, -0.0007965998034498137, 0.0015875388578669566, -0.9653231216710999, 0.9671777348874409, -2.3654051686561187e-05, 0.00024149877440974449, -0.9683793800194946, -0.0007278393148441855, 0.0008381810534318389, 1.931070401196647, 0.0007539367428064665, 0.005320492735158819, 0.0003340367653472325, -0.966426169954185, -0.00043765946396828953, -0.00220301747351252, 0.0005216115989442695]",15050,0,0.08331799507141113
ackley,30,7,1.1552330803058628,"[-0.0012771575279444467, 0.005503913002519971, 0.0007066874352640323, 0.00033312010755929525, 0.0002981354387034999, 0.0001957290790129887, 0.0005521140747005035, 0.00030546620421022794, -0.8711350628417631, 0.0004153632821592276, -0.0011628577247750104, -7.86843007788815e-05, 0.00022242560989492368, -0.0005604261641437371, 0.8706118571025144, 0.0009318272028091004, 0.0007044001375191134, -7.308594564889542e-05, -0.0011832558840765889, 0.00023132636112520798, -0.000477331017571378, 0.00045398171579146647, -0.0008477165016145783, 0.8716347353736962, -0.00045316031693143864, 0.00046272006769597124, 0.0007701827860553971, 0.0013393852868973902, 0.0006272448493555549, -0.000670392188008474]",15050,0,0.08095312118530273
ackley,30,8,1.647362692405665,"[-0.000987355073358851, 0.9134807341587052, 0.0006758294672600558, -0.0018212305511596475, -0.004383568415803515, 0.0011077612190851533, -0.002141161680926564, 0.00825973171831743, 0.004360038220925254, 0.0007605479339790324, 0.004699765719258675, -0.004414441816910345, -0.0004219125957279896, 0.014165669018411877, -0.0031961055735249743, -0.9123764049161233, -0.0009900875962970145, -0.9213477319043721, -0.0011976128682355137, -0.9124093885398687, -0.0038687259464918614, -0.00013937337499227116, -0.0013398053176981578, 0.0014250301559590255, 0.9059541785045576, 0.000566034358592806, 0.003569686141893437, 0.001808135911461777, -0.00382935341391794, -0.918488124845389]",15050,0,0.08078575134277344
ackley,30,9,1.6469442130173602,"[0.008559862000697754, 0.005620074868344892, 0.003779080737037774, 0.003047575061985168, 0.0005046479830639933, 0.007173016912465941, -0.000982253566893017, -0.9203730087753269, 0.003821451708561287, -0.002081727924709932, 0.001323740889379108, 0.9168067818733622, 0.0024033081912644668, -0.9141326646807063, 0.003021178773080987, 0.9173402675422485, 0.001458983835946324, -0.003561197079070933, 0.003876153367138269, -0.9136812839382493, 0.0005481307295670083, 0.0009240132951774424, -0.0013414978437220843, -0.007691023895519212, 0.002933898233470226, 0.0045917033157964835, 0.0015053734182836744, 0.0017629758801243818, -0.9148703194371909, 0.001386305561559578]",15050,0,0.08022093772888184
ackley,30,10,1.1552675629696911,"[0.00015164076125096394, -0.0010757351760427834, 0.0016741324037723216, -0.0015484805337561457, -0.00044780032925795314, 0.0011138605180231245, -0.002979778703314471, 0.0023899732083319932, 0.002053123885631098, -0.0001468168880667333, 0.0001399186837263125, 0.0010814425321981425, 0.8703081777558819, 0.0004456691033910892, 0.0003602348051302293, 0.0003416210419638992, -0.00046183926249638565, -0.0009214737612911108, -0.0002525099266675227, -6.74999938833536e-05, 0.0028503802783042087, 0.8696754660447475, 0.0015023452916946862, -0.0012525550223925997, 0.0012007785234759982, 0.001140655430454044, -0.8691135368283207, -0.002823541293140076, -0.00014880418180460153, 0.0017896052554501052]",15050,0,0.0949239730834961
ackley,30,11,2.0133334695972036,"[0.9354515357187423, -0.0002934708971909128, -0.00039953784366750976, 0.0006083151642891802, -0.0001599636812498162, -0.00020979609015746604, -0.9356139509544897, -3.8091243840949465e-05, 0.00020877144614633497, 6.212798225700938e-06, 0.00024207747303908056, 0.0002899936682487554, 0.00011253650301183053, 0.9359021648507282, -0.9349086852924516, -0.00031708293342048354, -0.000208046070407154, -8.313477384846317e-07, 0.9326884030911984, -0.00033005319905372556, -0.9339505171769377, -0.9351804765716379, 0.0003635560355338462, 0.00015316306916925485, -1.4972624317853767e-05, 0.0001629993837218599, -0.9354099011505298, -0.0003236272116441907, -6.344084496022545e-05, 0.9351988522267092]",15050,0,0.10111403465270996
ackley,30,12,2.5791495705057454,"[0.00037995265919917514, 0.9523113120347345, 1.017831838881684e-05, -0.00067883396986935, 0.0006666263738806428, -0.00031829174802841835, 0.9520804277735854, -0.0007557030562481185, -0.0003414507383693463, 0.00013873177642692027, 0.0002782408313023635, -0.0003413243921253303, 1.8995701830778655, -1.8997733431122235, -0.0002777830207063237, 0.0010088798005699739, 0.9526763648983197, 0.00041035492248994184, 0.9524401940510654, -1.3314560219882692e-05, -0.0003276873970577752, -3.3128795593073896e-05, -0.0004290355390430567, 0.0006672384960666082, 0.000262581798973581, -5.141489991787049e-05, 0.9522443465163899, 5.125499435820882e-06, -0.9521650295618833, -0.9515121087178382]",15050,0,0.08372282981872559
ackley,30,13,2.0136237555162784,"[-6.682644745676551e-05, 0.0014154992515832746, 0.9305548905378721, -0.9357388085131764, 0.00028296791681748886, 0.00018836207498929025, 0.933943628920257, 0.00010760106559766633, -0.0014040512600831784, -0.9365815167435031, 0.0009305931297978538, 0.001648726470086351, 0.001420220742138346, 0.0029609813308520577, -0.0022175419335665057, -0.00026754640701272085, 0.931289670933206, 0.0012240678510388125, 0.0023484757172985305, -0.937010641872961, -0.0038739513741436723, 0.0035926873222416884, -0.9340602538696672, 0.002000152778809128, -0.006331915684908804, 0.001399303634319326, -0.9360725347633487, -0.0028928017331274008, 0.0026718400306651197, 0.9333611841705407]",15050,0,0.08144593238830566
ackley,30,14,0.002558059659513834,"[-0.0004607950242586679, -0.0005480862729852262, 0.0019472300848950427, -0.0001488221197878115, 0.00026104437358514415, -0.0002245184962667067, 0.00017012203348658225, 9.962876123989191e-05, -0.00015636029984909792, -1.49190081122361e-05, 6.765797549674896e-06, 0.0003975976451982104, 0.0004747434569825433, 0.00024272653833537592, 0.000531047291854789, -0.0001449688542987649, -0.00012080162447522164, 0.0009031407138732034, -0.0007566403081063472, 0.0005943135591606697, -3.210127365169428e-05, -0.0005471133283483978, 0.0002470688061914479, -0.001082940339781705, -0.0014383663946020088, 0.0006450164114460977, -0.0004385885135367209, 0.0008222247939080631, -0.0003819656583585409, -0.00014583403247644364]",15050,0,0.08203291893005371
ackley,30,15,3.5184147376601946,"[-0.0006923531697813319, -1.9353896500726058, -0.00020501997007525046, 0.9674211620085353, 0.00011606860265448021, -0.9671921337548965, -0.00017663624422330608, 0.00030324650252875197, -0.9683097505526281, -0.9658954119268396, 4.695963497001088e-05, -0.9680189309300546, 0.9673984865832184, 0.967540402475328, 0.9678216633739823, -2.8976409865790096, 0.9679567278894674, -0.9678957466637856, 0.9672310988525922, -0.9658388266694888, -0.0007115149101874971, -0.0009904720416620716, -0.000754774350282585, -0.0001407265797477542, -0.00040903441322396493, 9.462089016458336e-05, -0.9673460982503008, -0.9676728228263194, 0.9670941512741302, -0.9661799830402598]",15050,0,0.08678817749023438
ackley,30,16,0.9319116621328836,"[0.0041430937583666495, -0.8239804816395504, 0.0007057793080035106, 0.005500051623294013, 0.003224401252337943, 0.0004023036844747782, 0.0026491030918323354, -0.0006032171337669394, -4.006823727957736e-05, -0.003976654855599048, -0.004775649765708375, 0.0022076505270932877, 0.0016451110254696055, 0.0005251948798276521, -5.356344930777823e-07, -0.00215424006644193, 0.0006700923487894353, 0.006392792046289244, -0.0015602133041776826, 0.004874937157854511, -0.0026560225230964525, -0.00043906328865387463, -0.00423118564078978, 0.00012943232104069705, -0.0016134375354105203, 0.0008497308830440406, 0.005674570576704303, 0.8177185570962949, 0.006589306561711847, -0.0011526291632012228]",15050,0,0.08484292030334473
ackley,30,17,3.4616462884976156,"[0.967961817956084, 1.932350682948806, -0.0003304817268307876, 0.0002681765863136816, 0.9663933483337758, 0.0011452573679112687, 0.9676734909443486, 0.000672839684809249, 0.9668178942703185, 0.9668752544841361, -1.9315903844517948, 3.4697470637679636e-05, -0.9691474813526734, 2.895861612895257, 0.0003049756359584249, 0.0030638850928654425, -0.0003625341756235953, -6.589073280362798e-05, 0.00044034584988941576, -0.9683698442299226, -0.967496531569195, -0.0002062714714473057, -0.0003743118428540135, 0.9648488108756497, 2.7626213477419196e-05, 0.9678845963213074, -0.9666809947030215, -3.531282718442232e-05, -0.0001274947581038962, -0.00035944551442752934]",15050,0,0.08234024047851562
ackley,30,18,1.899781407412633,"[0.0007481133330002924, -2.8686287502941392e-05, 0.9306673690092613, 0.0013222249514906938, -0.000147563054837026, 6.150735659918283e-05, 0.00042539842120436545, 0.0004597143511525482, -0.000944672580775532, -0.0004651834569195254, 0.00036224036458260955, -0.0011729327925050761, 0.9293436320007207, -0.00041743741610515467, -0.00041099770555035574, 0.000653331756297132, -0.0003684976873416782, 0.9322563106857639, 0.9302426439177399, -0.000663771620614451, 0.9301042205227725, 0.0012820855174849497, 0.929485237403901, -0.9286512832849122, 0.00023607981519301453, -0.9318615312744107, 0.0006015322704279286, -6.871866515230623e-05, -0.000885723950759089, -0.00041583735841680037]",15050,0,0.08070826530456543
ackley,30,19,1.1924073880794492,"[-0.014907851553889809, 0.04668901105629336, 0.016054158710447564, 0.013489405252593468, -0.006406575951728201, 0.005499696530679624, 0.007109029721063754, 0.007862474586352674, -0.008783826031801197, 0.011234446142916642, -0.012536708509015544, 0.008265509357042464, -0.01160636810690073, -0.011786464799271373, 0.00841528258470461, 0.0012036697223260385, -0.008643257521962246, -0.009614733192916707, 0.5712917759208384, -0.009154130034464301, 0.0009126018933762175, -0.004167850828008353, 0.005998136898207012, -0.0009307844180558572, -0.004068165038215497, -0.006454228008869682, 0.8413053832952974, 0.0035611516326089746, 0.0005390792897165247, -0.8401274197120419]",15050,0,0.08015298843383789
ackley,30,20,2.9570211369856314,"[-0.9594890034632033, 0.959956542659034, 2.5315812330661834e-06, 0.0002185589984028375, -6.224918221018214e-05, -1.003383048649252e-05, -2.8642594130406835, -0.0004517585654432866, 0.959256571196098, -0.9587623674979399, -1.9898694837569702e-05, -0.9592135453842205, 0.9597616163468657, 0.00031852194922876915, 0.0007882108979798059, 0.00031469766742871566, 0.9541782521951101, 0.9596995067777622, -0.0003848687639597914, -0.000595063771021074, 0.0005577199334435114, -0.9589987987254518, -0.0002303630328105508, -0.0011337848557039583, 0.0001911105813287284, 0.00011595659128257152, 3.1048966091062446e-05, -0.00018323817739060279, -0.9591127049675685, 0.9594037762961425]",15050,0,0.08095598220825195
ackley,30,21,1.6464134420964815,"[-0.0010712171195889366, -0.0021567993859105744, 0.00019296173036841956, -0.0017919306580668484, -0.9163790164240533, -0.0007255276868079799, -0.920131842075099, -0.0008811914560290942, -0.0010739931449095818, -8.880671021908523e-05, -0.0030213449650188942, 0.0031577166850723167, -0.00111773720715652, 0.001015915312218148, -0.00010128981298288897, -0.0025666095529077414, 5.0492440216046196e-05, -0.00014540253771891257, 0.00014944448195206754, 0.0018971702610027133, -0.9165496316083381, -0.005972174245969702, 0.0008626787322833351, 0.9176575983737526, -0.001120227956970461, -0.9147275491093204, 0.917850394674615, -0.000398151337434087, -0.0013399081318247702, 0.0016400209844881306]",15050,0,0.0815889835357666
ackley,30,22,2.496389172458063,"[0.9501340362192381, 0.9530886131521663, -0.0012189790849055785, -0.9490976843575286, -0.005659178186297523, 1.9003694109431244, -0.9484567717673142, 0.00017161079820142346, -0.002802708444372208, 0.00409638514219743, 0.9593863299220383, -0.0024985933228907076, 0.0007489922373880169, 0.006508413692299567, 0.0010384905635912956, -0.9495999408909871, -0.0014048038993561948, -0.0038146381121474124, 0.0002576033020131969, -0.0006543578192773102, -0.9482015834242876, -0.9573854679068936, -0.9500987096533501, -0.0030288753806448736, -0.0010864017730106978, 0.9650938114534074, 0.0008775541483870635, -0.002069921571295915, 0.0005196007687083992, -0.003687276257754207]",15050,0,0.08175301551818848
ackley,30,23,2.2202439773422964,"[0.0007542201995318599, -0.0010063499435756843, -0.9429552927825371, -0.9420668957325352, -0.000534549913495112, -0.002853487640416927, 0.00024942536700586835, -0.9420814505007512, -0.004261987245477972, -0.0003422195922679515, 5.236250518033314e-05, -0.9410199651466845, 0.0027110832067967572, 1.8740257038339372, -0.9430877898432416, -0.00028993169500764974, -0.9423480601327295, -0.001901601728070832, -0.0005468300638961088, 0.0002915991754868293, -0.000567240367609521, -0.0003385337372598905, -0.00227141124337162, -0.0003076070702076311, -0.9444261177176492, 0.0015218113928076953, -0.0003154338455919364, 0.0006483665371404544, -0.0035428110391169674, -0.0014211646055924698]",15050,0,0.08065390586853027
ackley,30,24,0.074547259694143,"[-0.004265889192767054, -0.001568038263809943, 0.017851311243652305, 0.024256336218889486, 0.004704847475692803, 0.01938117297059672, 0.007160839749123813, 0.0043527916459457, 0.014493732693883545, 0.007043609105631886, 0.006014233983613346, -0.012960367402203455, 0.023654220797916986, -0.00786212026022267, -0.007661159994763196, 0.011172076156913329, 0.0037088085455383724, -0.010522928978524526, 0.055305219504930864, -0.0004170301432562429, 0.003658812448311252, 0.011293084776478888, 0.014338026172239995, -0.010108772988246468, 0.0008826809470608345, 0.011062005942397011, 0.016607810154762707, 0.021986512590282798, 0.0003686037625496722, 0.0017860493226095082]",15050,0,0.08048200607299805
ackley,30,25,2.494951085311268,"[-0.00014580887694710948, -0.0006350801522986304, -0.0002864445979738225, -0.0020153202879993415, 0.9505621061214231, 5.293771281144063e-05, -0.0003422216407288762, -0.0003988743641211666, -3.855951177202628e-05, -0.0003923223971989935, -2.49232816880359e-05, -3.983612303150529e-05, 0.9498791765049366, -0.9505700819362536, 0.0001831749028145416, 1.8955789452554126, -0.00011332256310274971, -0.00023310816036982204, 3.1238303772982166e-05, -0.0008213086223831406, 0.0006793671295733422, -0.9503235805123648, -0.950547982717583, 0.948808310462362, 1.8942023604500504, 0.0002262061964471137, -0.0004769100195678638, -0.00033550093809315694, 0.0003983655040925275, 0.0005341330986150268]",15050,0,0.07982993125915527
ackley,30,26,0.03197212223383916,"[0.0068135635741634944, -0.0026904932351132574, -0.006298901462325358, 0.005453080211856643, -0.014081146389496977, -0.013647145433957304, -0.003326711266985302, -0.0026781178093407913, -0.00621744209922641, 0.005486955864604342, -4.883010696332614e-05, -0.00046883941454154993, -0.0024793791033362747, -0.0005739614057174202, 0.015432109402542242, -0.005060134413029719, -0.0005569099677149526, 0.00030381731439903465, 0.013965728704406483, -0.011397094234664472, 0.009819242121639255, 0.003525628070059245, -0.008932035172013828, 0.0025919092124978764, -0.002664335923110729, -0.0023453542082992867, -0.0017638474709527254, -0.0027349520533587403, -0.00610130511866368, -0.012114652201421893]",15050,0,0.08079385757446289
ackley,30,27,1.6498372892058772,"[0.0023848760808499545, -0.001445169849467601, -0.0002599598660970475, -0.0005927494531803744, -0.005460718341891252, -0.00455641705697483, 0.9165961449520824, -0.011440710695672884, 0.004876438282091955, -0.005970217836417049, 0.9103499511453838, 0.0076131211144352725, 0.01330454162297867, -0.0019361498701826812, 0.006735593379549405, 0.0069493772015245025, -0.0012219459178272698, -0.005618097093604212, 0.909370223931384, -0.0026039633955313233, 0.0003145271307885334, 0.007391920337441189, 0.9141267909770652, 0.9169805308599001, 0.004380029554494137, 0.012518130616028198, -0.006147964352961574, 0.012724704718394146, 0.8873454756703626, 0.0060136267351772466]",15050,0,0.08018994331359863
ackley,30,28,0.01541348440846635,"[-0.004406228318021465, 0.004692694899783068, 0.004616915834387255, -0.0002708899943218747, -0.000904499830379533, 0.0007096787909800124, 0.0028705135485450704, 0.004026833568919147, 0.0032231733136417365, 0.005287303072152151, -0.00482219201769096, -0.0005360954934624055, -0.0035698745792237755, 0.008135515595280123, 0.00257363742177156, -0.002463727411861662, -0.0020481443490319904, -0.0004983506434303478, 0.0031609460419998203, 0.001948830930625724, -0.0034729734201288127, -0.003999007015789784, -0.001970805218646022, -0.001370249395439046, 0.007167724330313155, 5.147036083800148e-05, 0.0035874500248003517, -0.005438353416426446, -0.0029426670794237136, -0.0028710758462739978]",15050,0,0.08021211624145508
ackley,30,29,0.9337145645131675,"[-0.0010332337953401203, -0.0027456954404157068, 0.001652986354378513, -0.0037716177559668313, 0.0010432060996260904, -0.001357460224374523, -0.0026679864900023514, -0.0037032551882244676, 0.0008182018342192333, 0.002131288782174419, 0.0006656514320038496, 0.0013195133374070793, 0.0036073047795858954, -0.0004468980837651638, -0.0018334476326832836, 0.8679975429632449, -0.0010739490699015507, -0.0007781948414497919, -0.003768030449713116, 0.0001895905320171051, 0.0010953662861029648, 0.0019523774669119231, -0.0018094231603437978, -0.0017348409649367692, 0.00313057402548164, -0.002903451133801117, -0.0003376071851344206, 0.001609204236796228, -0.8303270268147557, -0.004747349175762386]",15050,0,0.08097600936889648
