func,n,run,best_f,best_x_json,evals,success,time_s
sphere,2,0,6.425172593025076e-09,"[4.024640744626178e-05, 6.932098730322989e-05]",1560,1,0.0034439563751220703
sphere,2,1,3.5573027856194367e-09,"[-4.10062805174978e-05, -4.3310365315241996e-05]",1560,1,0.0032711029052734375
sphere,2,2,2.0550597918855307e-09,"[-2.5919130158472007e-06, -4.52586099963732e-05]",1620,1,0.003435850143432617
sphere,2,3,2.1300427242920817e-09,"[2.4861947932397445e-05, 3.888349610437364e-05]",1350,1,0.0028498172760009766
sphere,2,4,7.4357288871039465e-09,"[6.737502479356786e-05, 5.3817607910144644e-05]",1800,1,0.003793001174926758
sphere,2,5,4.768491674050867e-09,"[-5.4519176280122306e-05, 4.238102277892568e-05]",1920,1,0.0040340423583984375
sphere,2,6,8.289470002564589e-09,"[8.760146437175259e-05, -2.4808334133696918e-05]",1710,1,0.003582000732421875
sphere,2,7,6.291290221390857e-10,"[2.2200545177737587e-05, -1.1673252158259843e-05]",1980,1,0.004174709320068359
sphere,2,8,6.844931590097e-09,"[7.125755074532968e-05, -4.203918471942297e-05]",1740,1,0.003639698028564453
sphere,2,9,6.492353645640483e-09,"[-4.990493932249484e-05, 6.32601823966592e-05]",1980,1,0.004305124282836914
sphere,2,10,6.335444251780007e-09,"[-3.841518491235247e-05, 6.971167635288778e-05]",1920,1,0.0042150020599365234
sphere,2,11,6.5813251351665115e-09,"[-6.904091571226077e-05, 4.259902689943769e-05]",1740,1,0.003824949264526367
sphere,2,12,5.14635326661169e-10,"[-2.1151503884492245e-05, 8.200561571348542e-06]",1770,1,0.0040361881256103516
sphere,2,13,5.889685626074163e-09,"[2.2476873561399713e-06, 7.671136504862374e-05]",1920,1,0.004180908203125
sphere,2,14,7.51630819644764e-09,"[7.140928677915807e-05, -4.916321753241544e-05]",1770,1,0.0039141178131103516
sphere,2,15,1.5042481035227857e-09,"[3.878135473260033e-05, -5.046073988791797e-07]",1950,1,0.004180908203125
sphere,2,16,5.022385853060371e-10,"[-1.4858334588211113e-05, 1.6777022339223562e-05]",1860,1,0.00394129753112793
sphere,2,17,6.252056377904435e-09,"[7.90085955158313e-05, 3.114195324670227e-06]",2040,1,0.0042781829833984375
sphere,2,18,9.3904890226314e-09,"[6.0811380373129666e-05, -7.544842635698865e-05]",1410,1,0.0031311511993408203
sphere,2,19,9.663570478270111e-09,"[-9.812381334930087e-05, -5.940347806456664e-06]",1680,1,0.003712177276611328
sphere,2,20,2.4598015608651557e-09,"[4.1050593174777683e-05, -2.7832541401461193e-05]",1800,1,0.0038988590240478516
sphere,2,21,7.354300339721968e-10,"[2.519422120080342e-05, 1.0034004786583692e-05]",1680,1,0.003580808639526367
sphere,2,22,5.855253226498066e-09,"[6.795306190062215e-05, -3.518003133637433e-05]",1890,1,0.0040187835693359375
sphere,2,23,9.470470771662059e-09,"[-8.870770978818717e-05, 4.0017658549655556e-05]",1740,1,0.003756999969482422
sphere,2,24,8.54523533077491e-11,"[9.737629916518257e-07, -9.192613281534168e-06]",1740,1,0.003698110580444336
sphere,2,25,9.68937413500244e-09,"[-5.338127173946765e-05, 8.270316778987098e-05]",2070,1,0.004583120346069336
sphere,2,26,9.048784997594929e-09,"[9.20155328141051e-05, -2.4123157308513274e-05]",2070,1,0.004523038864135742
sphere,2,27,2.5667672304235922e-09,"[4.898622488204473e-05, 1.2927374142854156e-05]",1830,1,0.003843069076538086
sphere,2,28,1.1305710416178123e-09,"[-3.3131328827482e-05, -5.734639634979039e-06]",1710,1,0.0035910606384277344
sphere,2,29,7.985302908457105e-09,"[-2.6069142570705103e-05, 8.547340354803567e-05]",2160,1,0.004581928253173828
sphere,10,0,8.695420739190103e-09,"[6.014677284793822e-05, 2.4986570331944535e-05, -7.957090735632287e-06, -1.89803029422533e-05, 4.937523898585227e-06, -5.87949983714975e-05, -1.4970377922126355e-05, 1.449410114256002e-05, 1.0678292588288699e-05, 6.651872247549709e-07]",7230,1,0.016065120697021484
sphere,10,1,9.087259165178514e-09,"[-4.315500190600726e-05, -1.1767669187517522e-05, -8.438731655469407e-06, 1.3966961985241802e-05, 6.303065057947034e-05, -6.793318916099623e-06, 3.1204688350797675e-05, 1.073184259647356e-05, 4.077725276277916e-05, 7.031163536810183e-06]",5880,1,0.013197898864746094
sphere,10,2,5.200205003906659e-09,"[1.4912383715541946e-05, 2.840405317065683e-05, -1.04144655061098e-05, -4.850259282391686e-05, 2.0264160566922085e-07, 2.2239853942859138e-05, -4.449899211511977e-06, -1.4685698433105864e-05, 3.0357469388134332e-05, -7.640256589452e-06]",6600,1,0.014676332473754883
sphere,10,3,9.571809431363691e-09,"[-5.116896681794097e-05, 1.721739017534367e-05, 5.148267658497246e-06, -3.989397358143698e-05, 1.2017636196798871e-05, 2.31408556782448e-05, 4.049733382279373e-05, 3.222056348603137e-05, 2.273152255189462e-05, -3.412081911060718e-05]",7110,1,0.015736103057861328
sphere,10,4,7.301498393130841e-09,"[3.569678908426453e-05, -1.7551245731614197e-05, -9.466218037319984e-06, 1.360450332154324e-05, 4.808175578870607e-05, 3.410157646551689e-05, -1.3942425941142555e-05, 4.181452859346776e-06, -4.0167934263279414e-05, -1.2016161268904436e-05]",6780,1,0.015110969543457031
sphere,10,5,9.80366195866788e-09,"[7.774581539710119e-06, -1.3378689782906025e-05, 1.5074972790059448e-05, -4.667194843687392e-05, 3.2731623930355524e-05, -5.46270389014288e-05, -3.440660186924872e-05, -1.5095097480997751e-05, 1.3576955681968305e-05, 3.882293645168292e-05]",7260,1,0.016097068786621094
sphere,10,6,9.682275203151578e-09,"[2.5527213406281458e-05, -1.8254648675919476e-06, -4.465634892525116e-06, 6.746975816599602e-05, -3.356252627248776e-06, -9.002278599012945e-06, -3.646794771373418e-05, -1.9385255264213167e-05, -1.5803892700493853e-05, -4.9065530534545005e-05]",6630,1,0.014820098876953125
sphere,10,7,9.576307907336604e-09,"[4.734800685175604e-06, -8.948157694807251e-06, 6.3165438518575865e-06, -5.6270352440188635e-06, -1.898165863076317e-05, -4.39656052676031e-05, -2.5654035936358797e-05, -2.6433618431183592e-05, 5.997448949922864e-05, 4.6423860750730944e-05]",6420,1,0.014264106750488281
sphere,10,8,7.81647403367854e-09,"[-3.869452403554281e-05, 1.4793143422681638e-05, 5.555312462685185e-06, 2.995667799720905e-05, 4.155109620724964e-05, -6.591202635587697e-06, -1.802505374527699e-05, 7.693212110163867e-06, 1.0097474804600227e-05, -5.4001130331703715e-05]",6510,1,0.014544010162353516
sphere,10,9,9.214298288059459e-09,"[-2.7260891096793626e-06, 2.3684679769839856e-05, 1.2072163238621087e-05, -2.297693738771039e-05, -1.598788786865542e-05, 6.147068467070137e-05, -1.2272457244474231e-05, -4.231558434711673e-05, -4.171719142349182e-05, 1.601319191610004e-05]",6810,1,0.015137672424316406
sphere,10,10,8.849905490414172e-09,"[-1.0050486305686745e-05, 4.372430513982808e-05, -3.9655939940276287e-05, 4.199681721213141e-05, -2.2400292080067285e-05, 1.319591173163145e-05, -1.8707546921711677e-05, -1.7826165132987788e-05, -1.381089364558216e-05, -4.434367707812574e-05]",6840,1,0.015250205993652344
sphere,10,11,8.77103992277095e-09,"[1.927397749497909e-05, -2.670030519403026e-05, 2.811099409479075e-05, -2.294746980908192e-05, 2.535556732037237e-05, -2.7289092607702596e-05, 3.479044537522964e-05, 1.2688148158107484e-05, 6.0002359648249176e-05, 3.2536642830927162e-06]",6930,1,0.015331029891967773
sphere,10,12,9.262341968774485e-09,"[4.8990195392798434e-06, -7.765493627931768e-06, 1.898419011560167e-05, 1.0875849816436182e-05, 3.7140606492446596e-05, 1.3703282514798115e-05, 8.029649770034404e-05, 9.381864722278337e-06, -2.393560277335143e-05, 4.8672877897771905e-06]",6900,1,0.015445947647094727
sphere,10,13,6.647986363449218e-09,"[-3.953320389072097e-05, 1.4163287217679253e-05, 1.7355831042151313e-05, -2.2693168176152174e-05, -2.3849366929907636e-05, 3.9839868875154255e-05, 4.482321913594755e-06, 4.598550436487535e-06, -1.1916264431919574e-05, 4.15820394753107e-05]",6570,1,0.014515876770019531
sphere,10,14,9.362478783282941e-09,"[-1.3835067828905086e-05, -1.636396074534971e-05, 3.559143187826949e-05, 6.241997666108505e-05, -1.5435307031844224e-05, 3.7598881476256246e-05, 2.8246686969801815e-05, 3.588218369559406e-05, 1.0910509220454027e-06, -1.3287383412853838e-06]",7410,1,0.016489028930664062
sphere,10,15,9.632157235012944e-09,"[-4.521185702611754e-05, -5.026869285972436e-05, 2.6292544661262792e-05, 2.3758045502268103e-05, 4.8829810847065214e-05, 4.712477593284371e-06, -3.550130417617086e-06, 4.057482963705885e-06, -3.662309803126576e-05, 5.337165049656652e-06]",6690,1,0.014795064926147461
sphere,10,16,5.910257718205206e-09,"[2.4408776522178658e-05, 2.4213871634836584e-05, -4.743413755130396e-06, 2.2721758063955373e-05, 2.8581063387803754e-05, 4.027120524756433e-05, 1.9645991118231153e-05, -6.699878984332617e-06, -2.7067955791882682e-05, 2.423230841531978e-05]",6630,1,0.015001058578491211
sphere,10,17,8.570897388171544e-09,"[-9.60303843484588e-06, -2.8344058642937543e-05, 3.947382114463839e-05, -5.411254760695426e-05, 3.416872841948347e-05, 1.9048759333732798e-05, 1.595358987357088e-05, 3.738478437379647e-05, -2.514905068287193e-06, -3.4914520130542625e-07]",6840,1,0.015416145324707031
sphere,10,18,8.376299652589706e-09,"[-4.0699808855345086e-05, -1.720009725473623e-05, 5.5208087162068366e-06, 3.861755058936469e-05, -4.069717816913838e-05, 2.592959626489081e-05, 4.50021716962213e-05, 8.644257009760208e-06, -1.2626290517523721e-05, 1.7726849734284326e-05]",6660,1,0.014764070510864258
sphere,10,19,9.872689871744255e-09,"[-3.60610457011193e-05, -9.099585096611908e-06, 4.596861364346432e-05, -2.8068782847150243e-05, -5.039437953432931e-05, -9.851233384534938e-06, -1.7342168010057813e-06, -3.1666891633229263e-05, 3.371713437122745e-05, -2.8447028373019927e-05]",7050,1,0.015759944915771484
sphere,10,20,9.267715879097653e-09,"[1.0695592319744927e-05, 5.246546790843038e-05, -1.5102271110711482e-05, -1.520496547341067e-05, 4.9497269987951576e-05, -2.3043602323118996e-06, 2.3541740111187164e-05, 3.2859249617906475e-05, 1.5460233384126713e-05, 4.016432312240831e-05]",6810,1,0.01505279541015625
sphere,10,21,6.585715406415605e-09,"[-8.324673991200346e-06, -6.239309726252423e-06, -4.300133509380763e-05, -3.640452877484284e-05, 4.309261175651342e-05, 5.118463844714619e-06, 1.434069244880803e-05, -5.322012860623737e-06, 6.226011568612309e-06, -3.3869858685086805e-05]",6750,1,0.014900922775268555
sphere,10,22,7.783092776704704e-09,"[-1.473175927333521e-05, 3.069296080759566e-05, -3.672816838624548e-05, 6.348304177439718e-06, 1.334554331414365e-05, 2.3476609644965888e-05, -4.292569727205045e-06, -4.7607954995861023e-05, 4.201583565160236e-05, -2.133593628875485e-05]",7170,1,0.015974044799804688
sphere,10,23,8.155063678961328e-09,"[-5.943315189079227e-06, 2.3050590528381597e-05, 1.8270447254173905e-05, -3.68547987957853e-05, -3.214957792291134e-05, -4.877316109705471e-05, -2.3471130713518927e-06, -2.977464432943472e-05, -3.280107888335769e-05, -2.2714747588850735e-05]",6660,1,0.014745950698852539
sphere,10,24,8.071551153128823e-09,"[3.6568421652945774e-05, -6.593381154002143e-05, -1.85989571808869e-06, -1.4141868109227169e-05, -2.259101971741162e-05, 5.227814232997577e-06, -1.3861025892310477e-05, -1.9627397139572754e-05, -3.2678128267616703e-05, -8.218900056287633e-07]",6630,1,0.014772891998291016
sphere,10,25,8.926426076765829e-09,"[1.2174146135273322e-05, -1.2339723684076232e-05, -5.342566387537728e-05, -4.133793007502462e-05, 3.625723309642443e-05, 1.8015985984480188e-05, -1.4245802681370905e-05, 2.1836380215245714e-05, 8.42361185464251e-08, 4.175980418015187e-05]",6780,1,0.015021800994873047
sphere,10,26,6.2945838779382866e-09,"[-4.087350143491589e-05, -2.6645643248969023e-05, 1.7126752877040298e-05, 7.728166293350761e-06, -2.0270587294725785e-06, -1.3082238971260441e-05, 3.1661308337767835e-05, 3.271297116965725e-05, -2.970230144175654e-05, -2.075674957528499e-05]",6780,1,0.014969110488891602
sphere,10,27,8.918816684012231e-09,"[-1.1144931533678655e-05, -2.8463443201346427e-05, 1.0541782267253998e-05, 2.8831676253975285e-05, -3.3563214174338736e-05, -8.453387167006268e-06, 1.1378751137005363e-05, -5.412996441002662e-05, -1.5925863268054325e-05, -5.030838510280458e-05]",6900,1,0.015383720397949219
sphere,10,28,7.857977358849587e-09,"[2.03709027884277e-05, 2.8138677735557326e-05, -4.175660502465436e-05, 1.0699464382147144e-05, 3.146265391171445e-05, 1.5005548300633193e-05, 6.67467468382726e-06, -8.954486185653649e-06, -5.7630087467209076e-05, 1.1493464884251849e-05]",7410,1,0.01644420623779297
sphere,10,29,6.659045333096867e-09,"[-4.423672783143659e-05, 1.6277503202024855e-05, -2.6074371430304937e-05, -8.371843273400537e-06, -3.0052137606352592e-05, 1.5842419979127394e-05, 3.1451299641208636e-05, 1.2526886906556645e-05, 2.2851986435484713e-05, 2.9407581570879336e-05]",6270,1,0.013969898223876953
sphere,30,0,0.001259457576462845,"[-0.0038318834255128414, -0.00025614032417421023, -0.0029433755103375923, 0.00368098426834766, 0.005938108483802223, -0.0036479474828708474, 0.009870190571568085, 0.003767955314120228, 0.004531429479598711, -0.004432941872518564, 0.0006465357264136959, 0.00452393557255457, 0.006157531370613706, -0.009987741142588132, -0.004899832426777607, 0.017076387643815485, 0.0071324622358624684, -4.63593547231466e-05, 0.00561783070328509, 0.003542770557966008, -0.005905381908570968, 0.007919464319093078, 0.016177087634962478, -0.00025077819597277826, 0.0017949104608163302, -0.0009462747255330698, 0.003341886621276182, -0.0014551787844301466, -0.008557056105096217, 0.001730418386116134]",15050,0,0.0348360538482666
sphere,30,1,0.002193549661576276,"[0.004877666870624091, -0.026185554734491873, 0.015298365551388532, -0.001874365152757092, 0.004093321334147747, -0.008217652374801588, -0.01153033549557664, -0.0033404605697822075, 0.005305462172775232, 0.0035925013148200378, -0.0013183530987944355, 0.00018428090295354548, -0.0062022260368875225, -0.00202865671003705, 0.006108869175711359, 0.0050148824998896575, -0.007200262331216719, 0.008275493630699148, -0.006052535701633778, -0.008262350918847713, 0.004939791802610178, -0.0028871589321667022, 0.006618513232584489, 0.016097199224774955, -0.0019052304741574893, 0.0031824838524960853, -0.006025754576216745, -0.010542016194474561, 0.01020114894101408, 0.006640660839776196]",15050,0,0.03488516807556152
sphere,30,2,0.0027527570239931397,"[0.0036387929770854933, -0.0047237298125895125, 0.005273653229826813, 0.007653748217318094, -0.007967874496912802, -0.011618939619783858, 0.006165538400949936, -0.0011583873044100973, 0.011183983272085262, -0.004965571149700369, -0.004866507922120808, -0.010436541351547075, -0.017627311251921386, -0.02326006879423569, -0.014467256894557795, -0.018739811872842432, 0.008891077021646617, -0.001503208781697692, -0.0016257071754790138, -0.010224886382617652, 0.004286824102144871, 0.00626864495016149, -0.01178146688991605, -0.002991345881525757, 0.003941904383590232, 0.006027724568404905, 0.0003509725448371113, -0.007344786396906781, 0.005976121260422699, 0.012759701775829628]",15050,0,0.03529191017150879
sphere,30,3,0.0018975248223112215,"[0.01570873158614935, -0.0064980544933092264, 0.003279082418748978, -0.0012659767573246577, -0.002606042784067646, -0.004240471148042823, 0.0073244709477192785, 0.0147806189859767, 0.0042038567923319906, -0.016304423630575268, 0.00590900892112924, 0.007986466185621509, -0.0012482819875561792, -0.0012581258011088896, -0.0003182623397758374, -0.009087595243744931, 0.0036647274970824134, -0.008217112231591292, -0.012649671526514939, 0.007818780406375844, -0.014624250146755204, 0.006347194705897376, 0.0007684362438834056, -0.0022543642283052966, -0.010847726283413534, 0.008342059862644234, -0.002139114669760876, -0.002551247222680484, -0.007474298539185612, 0.0038884284031758484]",15050,0,0.03569293022155762
sphere,30,4,0.002456846144579503,"[-0.004083016410147946, -0.0009272988151594625, 0.007178465806692688, -0.008524113417744741, 0.015334552889149268, -0.017826285284824196, -0.0076485893482154035, 0.009611345652259627, 0.009349990803689342, -0.01345347247182229, -0.009527423952785843, -0.0029847222756744845, 0.0232271108069474, 0.0011442626020840025, -0.0031636723412368966, -0.011932555197255017, -0.005864962196201636, 0.00999541982664958, 0.010176335762120275, 0.004368669451109269, 0.012121015076836876, 0.0075240372876065, 0.006087076797055636, 0.0029769778543024938, 0.000631391564555956, 0.005428498301435038, -0.0029167557634494686, -0.001272477953826479, 0.0005318443917453775, -0.0018297766557688992]",15050,0,0.036704063415527344
sphere,30,5,0.0010379289706801472,"[0.005096883531330317, 0.001782499808445279, -0.009259904681409583, -0.0059406328234330695, -0.009660972800003586, 0.003898148520506074, 0.00773816484749213, 0.005245203826396748, -0.0071106844344525875, 0.0058671124380117665, -0.002339477187935271, -0.007748834897325263, 0.009852623701661095, 0.0008015649916774683, -0.0034761097558549813, -0.006897825398059978, 0.0018276948476724471, -0.003431731940655271, 0.003941092846849024, 0.00013976478433472186, 0.0038859869596499868, 0.0037216810780239078, -0.0045129883783446775, 0.004570688103719907, -0.006097892816908778, -0.0020799657777255277, 0.00613772184282433, -0.013182750613095841, 0.002313450952733587, -0.004973378309904233]",15050,0,0.03579306602478027
sphere,30,6,0.002067208490042851,"[-0.009755442682545353, -0.001056731630293013, 0.001813084154211015, -0.0031573377086099013, -0.00040797107807547493, -0.0006380352902675534, 0.0012060792404761838, 0.0022934855091000135, -0.002152894163224503, 0.010671179487956275, -0.013285647369661407, -0.0028221114367251578, 0.002803215549424353, -0.0004342608549808536, -0.009658796497127394, -0.017130307921144044, -0.004217881149855858, -0.004443428435001183, 0.006474772828230469, 0.006384217499133183, 0.006183553231008663, 0.009352664763510205, 0.0022580792597701595, -0.012028660816189472, -0.002787008813423711, 0.002510160351347794, -0.010735735770611135, 0.021573899061446612, 0.008649543581229229, -0.013686740270561786]",15050,0,0.03513288497924805
sphere,30,7,0.0037612977744106023,"[0.011353818178391763, -0.0037192916106099814, -0.006747559127488879, -0.018532163793661148, -0.005185191987905345, -3.053470312541773e-05, -0.0011465642341515854, -0.012208782194360956, -0.006171150326676847, 0.007718329052132132, 0.010704906614600808, -0.003145393705154499, 0.028356496088064426, 0.006479432398583524, 0.016660637414290216, -0.012452362801062834, 0.016893340367570592, -0.007640161285071392, -0.01725757493445107, 0.0039913158256373, -0.0021174640957870843, 0.0006087533058962424, -0.00784009593749092, -0.022279082933603644, 0.011558834548415792, 0.005933458859747061, 0.012323803663169364, 0.00021889055640680194, 0.003028921880580539, -0.001170887091740438]",15050,0,0.03558230400085449
sphere,30,8,0.00040272169197086644,"[0.0008857139964203069, -0.005511516507159077, -0.004078796499347598, 0.0011028919262867699, 0.004537436850097146, 0.0004277523169103684, -0.006815543588899224, 0.004733916453525922, 0.003389637632744962, 0.0005743099004113139, -0.002781139695774349, -0.00635188738314315, -0.003033447199105434, -0.0005898725121582179, -0.00192619702009093, -0.001963219171965521, -0.0018896844782490007, -0.00013879908309290725, 0.003177653855712265, -0.0014596990611757939, -0.005256568583199413, -0.0010172561314284886, 0.0065057495118576916, 0.0007526866795093016, 0.009108528264445083, 0.0008923938830199758, -0.0007571019326724844, -0.00263395462231874, 0.0008910958445071432, -0.002759889238745843]",15050,0,0.0350499153137207
sphere,30,9,0.001175982010758596,"[0.005299906217099541, -0.005981416336188781, -0.00361893399083699, 0.012832406163931769, 0.0003469548447084317, -0.0004075039117122266, 0.0063373883301855675, 0.003003263716929004, -0.012037675366970622, -0.012323381719999263, 0.004971427665533235, 0.007928708933478787, 0.0036256523503055225, -0.005306988898317808, -0.0029372661881065304, -0.00465044495835042, -0.004574654003100245, -0.005630767427503295, -0.0009054298305168238, 0.0031993617068393006, -0.008302451189624471, 0.0008741155929139974, 0.007561562163697656, 0.004601123333013727, 0.0036523508452388767, 0.009998076516138698, -0.009550400896263642, -0.0035564303023783014, 0.00026309151634307357, 7.380582437256427e-05]",15050,0,0.03534507751464844
sphere,30,10,0.0031550506892044326,"[0.007781425918383634, -0.018376071162613167, -0.005731541614324544, 0.001431620273215583, -0.00042625876831920047, -0.030814254878925283, -0.0011006478295270614, -0.0016195485675108779, -0.001636758617959106, 0.016540947685668186, 0.010371444293328973, -0.007875115542064007, 0.0016727332740663313, -0.01004845497388415, 0.006662600617825506, 0.003176104794325587, -0.01664426985376371, 0.005422663510033929, 0.007950982210418601, -0.018587277364550802, 0.006228831875752176, -0.004994147306872242, -0.0066875172468304645, 0.0032730737103720637, -0.010014344662837104, 0.0019618578898403967, -0.013400557029092538, 0.0028616973722062518, 0.0014056675840104374, 0.006006509786846265]",15050,0,0.03508710861206055
sphere,30,11,0.0022413499498963587,"[0.0023806857130095997, 0.00017978955175301965, 0.007634549941293935, 0.024556249946793625, -0.004615247274914111, -0.0033900268144243084, 0.007326954415942456, 0.005024952102517487, -0.0009041674338592885, 0.006646964381394484, -0.006759307321370051, 0.011455689549537875, -0.014243409633017389, -0.0013368597744321776, -0.005548362860608268, -0.0010444523558049538, 0.006151290696824655, -0.00699557324157953, -0.00032387408031703214, 0.0004990079416845182, -0.000532662475256664, -0.0021666792428863164, 0.002680884656641346, 0.0027669699675253487, 0.00925989915431984, 0.009309629318081157, 0.00469523102269756, -0.0067095421486397105, 0.01481981793420429, 0.020931131449189223]",15050,0,0.0350489616394043
sphere,30,12,0.0013438508097199523,"[-0.0011265821951451705, -0.005488463479380058, 0.001885784761830397, -0.009593276244346709, -0.008656339267754417, 0.001211257236465437, 0.006353679612936191, -0.009388363213967927, -0.0037189262494732663, 0.0020183949438867007, -0.00918905507068764, 0.00400168234137514, 0.00879441008523283, 0.00423227523730158, 0.0035159888456135096, 0.00213166507230874, 0.004572075779065189, 0.0056057282604540576, 0.006619956451399827, -0.007974722935942018, 0.002970971484822202, 0.00919747520202117, 0.010147429101525728, 0.0023710663832466707, 0.016242547863839066, 0.005041928422285231, -0.009867650841465996, -0.002418522493372601, 0.005079228341766732, -0.001193505714534338]",15050,0,0.0356440544128418
sphere,30,13,0.0016322761587869565,"[-0.0033372533286502234, -0.0029173986042977072, -0.0016772523332601501, -0.0021762839285398464, -0.006674531269331871, -0.010356983713278202, 0.005884110251553212, -0.017565405464480932, -0.0044414170614153195, -0.0007376783218765563, 0.0011986230804018232, 0.004838830615726627, -0.010719657221927081, -0.01710555269482107, -0.004235480939629608, 0.0006658461590675967, 0.004982635520719678, -0.006801708983753066, -0.005460753810137083, -0.005464973314565491, 0.004192678379163189, 0.0016440185639705882, 0.005441838879802552, 0.007293203695454762, -0.009872476899144953, -0.007636444912010219, -0.0005356915495219291, -0.004596556568409673, 0.01060711334108346, 0.01074764805052935]",15050,0,0.035414934158325195
sphere,30,14,0.0030794506337631484,"[0.0017094111784651633, 0.004054964326045633, 0.017770662135852107, 0.006150227511042223, -0.01167571316817374, 0.0015184991457199467, 0.0009648059541602222, -0.008276895121173626, -0.006423143314507439, 0.02339517371755502, -0.008917135255259903, -0.013281523132299338, -0.004553768287828091, -0.009144000840324962, -0.009031233358578252, -0.0054411715223148666, 0.007737578143095622, 0.021485301817813003, -0.003010209510812112, -0.0027070967176993513, 0.0007727063675983942, -0.008246299097070173, 0.009323374226981634, 0.004883658557425505, -0.012088387155710305, 0.012387797046665852, -0.003514885831760054, 0.0038048985317988165, -0.0030944686682715643, -0.019624676579709927]",15050,0,0.03508472442626953
sphere,30,15,0.0015610368905874569,"[0.011329011427785404, 0.00010593952828952019, 0.0060127476278409656, -0.0017204130314295418, -0.006185983527990604, 0.003627745085831146, -0.0038352769821257014, 0.002031843818660261, 0.00658342211571149, 0.01250998119567163, 0.014139978322264667, 0.005691385646041656, -0.008858355927157974, -0.0019175147262600893, -0.00395744218233361, -0.00837776021307668, 0.0023277594809235653, -0.005298792687777844, 0.0008260429198036202, 0.009627871254444559, -0.0006348834659142819, -0.0033121614069459362, -0.001533563540044646, 0.0066252155162572594, -0.010142694785405477, -0.011082500721555217, 0.005525669117297273, -0.006157134601265024, 0.0016943276127907875, -0.015544491194652125]",15050,0,0.035655975341796875
sphere,30,16,0.002345221417114429,"[-0.006425684887626099, 0.02253695396209157, -0.00035475478530601356, 0.01035647160253708, 0.010843117267025108, 0.0028648022849896257, 0.006360745783351858, -0.006921574601305623, 0.005103178952242727, 0.019170855442246133, 0.011158021871863813, -0.007498831961635312, 0.01020506920125054, -0.013481129303266988, 0.000926207599636613, -0.0015894576946178063, 0.005598075893337254, -0.002302097787088105, -0.002329656060223004, -0.008566149502188605, 0.007403096538871542, -0.002677205759062909, -0.0028723627205395766, 0.008490818968621795, -0.007610723490063883, 0.010384613057894508, 0.008105920593790623, 0.005032370803671873, 0.008832575494672052, 0.004283774896665635]",15050,0,0.035024166107177734
sphere,30,17,0.001758122765784067,"[-0.004738088445080334, 0.007741199782272417, 0.002818661990983136, 0.009836947801299447, -0.0024115382798021523, 0.0038245637585377816, -0.012405117593363175, -0.001174099295166325, -0.00047091295194415125, 0.0010052247035376215, -0.0030825722770229207, 0.010906744008864133, -0.005528158038280714, 0.005526978570580916, 0.001730317120492184, 0.0021506720433412292, 0.0022638453873105417, -0.01325307276038758, -0.006520404951752532, 0.008935803492443094, 0.0035204443742542506, 0.00035137582279458476, -0.012013602133764305, -0.022218378174935004, 0.008048811853583665, 0.005611202046910602, 0.0009929700560869746, -0.0016464255710020208, -0.011970967690736472, -8.12440204025851e-05]",15050,0,0.03541302680969238
sphere,30,18,0.0019886300749868023,"[0.0024808579537602274, -0.0019700530519719747, 0.0032936742339692983, -0.004387849345644096, 0.006899574458206716, 0.005925194605547998, 0.011569418053358463, -0.0065499960906023, -0.007737883662762214, 0.011851822495032496, 0.0010263827137052908, -0.003953745343114764, -0.011782087805791316, -0.0022320527829558815, -0.002937273501651113, -0.008470125225234815, 0.029020404798126828, -0.006982815527658871, 0.007028882610288278, -0.00506705887562945, 0.012462599772342504, -0.006514106194599313, -0.005772017471605954, 0.004327487688806121, -0.0037047890137055497, 0.00022311836122780192, 0.000324999441252389, 0.0022557011708553877, -0.0028517185784631602, -0.0022162933962383375]",15050,0,0.03530383110046387
sphere,30,19,0.0023602703728844783,"[0.0003825978221136915, -0.002493397890492999, -0.005538934570361827, 0.007119983305096886, -0.008741056010084082, -0.001120504457811092, 0.0018229061743682195, -0.011099275101289378, 0.012229858797305695, -0.003308975383672603, -0.01262271547929211, -0.001461179748394026, 0.024155197421667683, 0.001160079123195607, 0.005752043216735172, -0.00013815973813407036, -0.004057243897271566, 0.018944395965686603, -0.0034356845785418156, -0.004073682851138903, 0.017866546826647206, -0.001637995614125484, -0.0012122671710232172, 0.007346353832392457, -0.004182641369164992, 0.00042733118422610765, 0.006163830890138146, 0.011986463857745367, -0.004305878320180571, 0.011378589052176112]",15050,0,0.035076141357421875
sphere,30,20,0.0034968344320654076,"[-0.008610616590003376, 0.02713298019386834, -0.01663135281037222, 0.0007200618760055209, -0.0022473819274969314, -0.014507524807341722, -0.006327937596679345, 0.014447714494720163, -0.005023869146099787, 0.00017114311826355445, 0.013160133813547194, 0.010186501990184185, -0.009064366688343017, 0.009460115266406518, -0.010921269708591795, 0.004625413932887361, -0.00961722550467405, 0.0071715968037727945, 0.0030223383605919077, 0.011204764630365738, 0.009564602406714598, 0.007285043738067972, -0.011047762832352313, 0.00879696897995913, -0.005953929880557895, 0.005688500515131298, -0.011182564358192329, 0.014858594407440083, -0.017073040836199475, 0.0016747916865134157]",15050,0,0.03503608703613281
sphere,30,21,0.001985936546930498,"[-0.0034570646532405573, -0.008541408277580001, -0.011108055923606733, 0.008784776130000766, -0.0007194985712278745, -0.028938788832939776, -0.0023731207131868002, 0.007301898114080075, -0.00043147607356504736, 0.002051281984935589, -0.0022044405517202196, -0.002242605607598775, -0.00011574261513800244, 0.0009341426691335891, -0.012242615032857257, 0.005437701589264918, -0.006440158071424647, 0.006067841280684206, 0.008261095789746042, 0.0014367161762227632, -0.006921912976135798, 0.0087568389036633, 0.009927989110218636, 0.005429841920348973, 0.00707846728186469, -0.00504229160766761, 9.344506630637272e-05, -0.007948021795713902, -0.005393166515002909, -0.006315529632452702]",15050,0,0.03502297401428223
sphere,30,22,0.0031159173018409196,"[0.011768678598152942, -0.013937306795979099, -0.008407788290952145, 0.006975629121530198, 0.008263029661307214, -0.00026655718042873034, -0.005941227576339968, 0.00992819116924397, -0.011324437642279467, -0.0024100027388615493, 0.010069769758851868, -0.011792422101932484, 0.0009964823761786925, -0.0010254066240671632, -0.014008687151340411, 0.003374552950489048, 0.01797397013079547, -0.003246414066125875, -0.0006551366095055549, 0.020077856303802023, -0.0014084987044433533, 0.0003809788191461881, 0.011314184964878965, -0.003944057586199945, 0.00030370379139821855, -0.012023587149590472, -0.008566819299881439, 0.009376519301121785, 0.02404802405687664, -0.010501875966837618]",15050,0,0.03495287895202637
sphere,30,23,0.002071926155556855,"[0.0030116385448355236, 0.005113579575008424, -0.011363663012964015, 0.018736039023335406, 0.0046997843042642035, 0.01201176071935356, 0.0007973576379762377, -0.008053895264153805, -0.0019065506374784137, -0.0019101197752560556, 0.0010222697546406448, 0.0014314940028788085, 0.005916169083907405, -0.0011908966198977441, -0.01439702077382678, 0.01729365930543305, 0.008161805314535815, -0.008402639377640467, 0.005846396156998295, -0.0019226369154449075, -0.010916682998133866, 0.008630391021253042, 0.009525808224754314, -0.012363895643123266, 0.008583354773468431, -0.00036285948931823273, 0.0024329339673748243, 0.006965769417192989, -0.00017676144416165808, 0.005557284867082199]",15050,0,0.0350189208984375
sphere,30,24,0.0021163398191581667,"[0.014052437400240213, 0.0002026473910363459, 0.012251389839993214, 0.0007570213224860009, -0.0031706784535084445, 0.006068180547528981, 0.0039620747126679345, -0.010607140127113343, -0.00018260242430801916, 0.005663063447630417, 0.00712817368042047, -0.009591610448652563, 0.020403233668369748, 0.002180761260249979, -0.010972580344768387, -0.010368150416834209, -0.01038920362603267, -0.0134570119185697, -0.0042232980131707235, 0.004806394896078654, 0.008617837982136525, -0.0016511294483073122, 0.004039182286803332, -0.0049642977034097206, 0.0006026410744987341, -0.004613278046871517, 0.005754623754901161, -0.003201601422900744, 0.014782493724672881, 0.006145311728135372]",15050,0,0.03497910499572754
sphere,30,25,0.0023496979495303385,"[-0.004069314154340317, -0.009040484774498604, 0.0007374092681141559, -0.006068440791158687, -0.009557947629076033, -0.014915767694354327, 0.006224511683077395, 0.00463280510581384, 0.008333585556901628, 0.020120740228841423, -0.008548792629316092, -0.022951773262438527, -0.004186326520437392, 0.005825377687838058, -0.009789308282378048, -0.01369953850258186, -0.00242531389564098, -0.005083828310604048, 0.003055921080657583, 0.007176680183463698, 0.007141881265811136, 0.001718791128254361, 0.01157474650286098, 0.002345646590165255, -0.0049778805811285754, -0.010290669945983865, 0.0015247976913179738, 0.0018125918276335599, -0.00188137587640351, -0.0022436842015700256]",15050,0,0.03486490249633789
sphere,30,26,0.0022384903408309022,"[0.0012537042536899124, 0.007670111330238093, 0.012020761243374848, 0.0035316049670810704, -0.01144282152606455, 0.0020199842014992264, 0.007273753413812705, 0.0014740426899390315, -0.001852138379900288, -0.004763748504828936, -9.148309494981608e-05, 0.011322669770454628, -0.003818397121392864, 0.00211575041107056, 0.006877953759556798, -0.0009488334123263888, -0.002658111802746101, -0.027159201363695765, 0.00239396272548843, -0.004316206613163593, -0.0007462631559941248, 0.004844379950895872, 0.01869465567265461, 0.014652540686745777, -0.0110436750167431, 0.007928866386074936, -0.0002423467487332881, 0.0035796236333438865, 0.005657433812961057, 0.004738252163492741]",15050,0,0.03496408462524414
sphere,30,27,0.0009915650929081554,"[0.0005780169287667152, 0.004479263565454165, 0.0054497623804966, -0.0028904319455297475, 0.005148426267136876, -0.0038204746608182434, -0.005795683230318991, 0.009942762635372278, -0.010275806344788106, 0.009267512829739956, -0.001195533677590517, -0.0025971234100996034, 0.00956635550197261, 0.0035942301469492855, 0.0038139534564641626, -0.0029019047980104124, 0.004986214635275411, -0.006881326622910768, -0.0029158353021191586, -0.004597769643269682, 0.003196840208715024, 0.004984266333877004, -0.013103101120633112, -0.004392154958973798, -0.007283270004216968, -0.0033646997997902658, -0.002899136064555416, -0.0027591821026288696, 0.0003562967319473418, 0.004908543642144469]",15050,0,0.03503704071044922
sphere,30,28,0.002200988888578292,"[0.005413152494525756, -0.0009636773375982242, -0.0019911324618958996, -0.007355825114312197, -0.0104244444153594, -0.002721697396104541, 0.009650034786530799, -0.016728780682671158, -0.008034624209969221, 0.00756114489046527, 0.007800637850968168, 0.0036600032290274023, -0.0025369801878366224, -0.00691171802430962, -0.005718749555005091, 0.014139825826865746, 0.004572276652668577, 0.006926356715631652, -0.003247778858282817, -0.00026936102376432945, -0.0072750959393745466, 0.0006457201964470816, 0.0032452891039420617, -0.00010038229527832825, -0.013018830549911476, -0.020012137472704083, 0.0141874315685537, 0.012630292984790898, -0.0012007356616979019, 0.008074845394794824]",15050,0,0.03483223915100098
sphere,30,29,0.0007854845891988244,"[0.0016467866655176103, 0.0006468202286600737, 0.0028363541535216794, 0.00778505245112383, 0.004260505327623099, -0.007475189713762906, 0.0012088112414588685, 0.00018762849410945237, 0.000767683597384208, 0.006981383776647119, -0.004886803265127632, -0.008526026715813642, -0.004080172409492773, -0.010035814048662398, 0.0034600867404805283, -0.00037975702172118815, -0.00048385701701654505, -0.002933108705186917, 0.0061121512632772036, -0.0074292318400264925, -0.001407495380239014, 0.0001151013397077681, -0.004859736745814683, 0.005127993162967065, 0.00047678416492463217, -0.012339472962193884, 0.00033989278843036814, -0.007310253757938874, 0.0018210497523605792, -0.00036400182223969476]",15050,0,0.03470897674560547
rosenbrock,2,0,9.635440805557919e-09,"[0.9999044317542339, 0.9998066317686982]",8610,1,0.04602313041687012
rosenbrock,2,1,4.119538399881816e-09,"[1.0000226103623873, 1.0000392143150674]",8760,1,0.046449899673461914
rosenbrock,2,2,8.468246809469334e-08,"[0.9997392910767149, 0.9994657221198596]",9030,0,0.04759716987609863
rosenbrock,2,3,1.5081156164690802e-06,"[0.998772024724411, 0.9975441705086919]",9030,0,0.04825282096862793
rosenbrock,2,4,8.816708648833748e-09,"[0.999907033328536, 0.999815394036564]",6360,1,0.03369593620300293
rosenbrock,2,5,2.6424284375572604e-09,"[0.999950872732401, 0.9999002348019017]",7290,1,0.03860783576965332
rosenbrock,2,6,3.149113940308014e-09,"[0.9999454158335849, 0.9998895320234127]",7650,1,0.04046797752380371
rosenbrock,2,7,4.0643436931013824e-08,"[1.0001508351799777, 1.0002883169438141]",9030,0,0.04771900177001953
rosenbrock,2,8,7.632479174730347e-11,"[1.00000847718102, 1.0000167431948508]",8880,1,0.04678797721862793
rosenbrock,2,9,5.78752449592332e-09,"[0.9999307605353569, 0.9998646777230499]",6780,1,0.03581070899963379
rosenbrock,2,10,1.0593265416642943e-06,"[1.0010287347574423, 1.0020617392591271]",9030,0,0.047616004943847656
rosenbrock,2,11,5.305795789225081e-08,"[0.999773973274073, 0.9995524359659341]",9030,0,0.047705888748168945
rosenbrock,2,12,3.245713089854642e-08,"[0.999824599410771, 0.9996451164807871]",9030,0,0.04765915870666504
rosenbrock,2,13,5.251984202627965e-09,"[0.9999298184909862, 0.9998578348656484]",7470,1,0.03948211669921875
rosenbrock,2,14,1.1415223506678186e-07,"[0.9996623182921228, 0.9993236402113086]",9030,0,0.04774284362792969
rosenbrock,2,15,1.1410852802045516e-07,"[0.9999680176776023, 0.9999696645893068]",9030,0,0.0477297306060791
rosenbrock,2,16,6.0119543570545386e-09,"[0.9999234898045826, 0.9998482430175634]",8520,1,0.04509115219116211
rosenbrock,2,17,6.61337632032161e-09,"[0.9999707742267724, 0.9999491382671052]",7710,1,0.041330814361572266
rosenbrock,2,18,2.3818080643276433e-08,"[0.999845696732985, 0.9996911243175913]",9030,0,0.04830598831176758
rosenbrock,2,19,3.468258655351293e-09,"[1.0000529818295103, 1.0001085378167072]",7590,1,0.040337324142456055
rosenbrock,2,20,8.975311975581902e-08,"[1.0002442891932017, 1.0004712956560986]",9030,0,0.047616004943847656
rosenbrock,2,21,2.632990137725663e-09,"[1.000022825683213, 1.0000410562609046]",7290,1,0.03867292404174805
rosenbrock,2,22,4.5157535922429895e-09,"[1.000057526478345, 1.0001185296762427]",7620,1,0.04028892517089844
rosenbrock,2,23,5.752271334194137e-09,"[1.0000718562324806, 1.0001461444640545]",6720,1,0.036039113998413086
rosenbrock,2,24,5.0494738879612676e-06,"[0.9977682429218002, 0.9955676837974232]",9030,0,0.04778409004211426
rosenbrock,2,25,2.0926161499547834e-07,"[0.9995523154834892, 0.9990954291606517]",9030,0,0.047651052474975586
rosenbrock,2,26,3.038158991293414e-09,"[1.0000502213831433, 1.0001027167894456]",7050,1,0.03721809387207031
rosenbrock,2,27,7.022998682143019e-09,"[0.9999163274893904, 0.9998321939024144]",7500,1,0.0395350456237793
rosenbrock,2,28,3.4630567214099055e-09,"[0.9999414990014374, 0.9998823635389775]",6900,1,0.0362851619720459
rosenbrock,2,29,4.640654230063721e-09,"[1.0000631917020164, 1.0001289319267017]",9030,1,0.04766726493835449
rosenbrock,10,0,2.873527219845653,"[0.9751981504780758, 0.9526034541479853, 0.9123357406484602, 0.8357391796499332, 0.6976220323128819, 0.4879965488301532, 0.2399410407970931, 0.048259825160117606, 0.012992732089300513, 0.0020235743981777497]",9030,0,0.04877591133117676
rosenbrock,10,1,4.892370007364087,"[0.9085253400474843, 0.8267638093299923, 0.680236396938939, 0.47669020706762427, 0.23610174159241956, 0.057945094613698164, 0.0172659442282192, 0.0018582299736951845, 0.01687918475287039, -0.003035938286028297]",9030,0,0.04894208908081055
rosenbrock,10,2,5.556235514764511,"[-0.9859922566867795, 0.9802090462249544, 0.9653032269843879, 0.9301414905459726, 0.8650777552242463, 0.7482396997055101, 0.5610869959776513, 0.31039949698937136, 0.08634695835131405, 0.006033877903639868]",9030,0,0.04922223091125488
rosenbrock,10,3,5.640385285176329,"[0.8450880129741493, 0.7236981158831562, 0.5277500682091848, 0.2929897572778567, 0.08650112065602875, 0.014117526143816459, 0.014759745362839163, 0.004907223671543659, 0.00925944910274221, -0.0014960302352425036]",9030,0,0.04908299446105957
rosenbrock,10,4,5.163962169786314,"[0.9905916896976907, 0.9814979897014077, 1.0075781640185224, 1.0306162983758234, 1.0653045412641144, 1.1465786334428223, 1.3241057678718102, 1.7477219289331858, 3.0553837554168966, 9.3396508475493]",9030,0,0.04910922050476074
rosenbrock,10,5,5.737586925922644,"[0.8463481083248566, 0.718349639414046, 0.5167383456199999, 0.28653921046762254, 0.08562119779007347, 0.018386364916027995, 0.010853771681155866, -0.01257014333327887, 0.013092009781546907, 0.013888065627979177]",9030,0,0.049218177795410156
rosenbrock,10,6,3.4735278738239277,"[0.9892875442197316, 0.9922294797851338, 1.0054372447262139, 1.0161438085838495, 1.0502508207861314, 1.123210523945492, 1.264544012436667, 1.6282999685461121, 2.6577378415718362, 7.051223313095455]",9030,0,0.049015045166015625
rosenbrock,10,7,5.682444597430334,"[0.8390507302369972, 0.713877619197332, 0.5169577305423169, 0.2777710592688832, 0.0840745939525221, 0.017034764709998856, 0.006337965801345655, 0.013313913369438182, 0.007140448094456626, 0.002976523874514033]",9030,0,0.04916191101074219
rosenbrock,10,8,0.0004532094034361277,"[0.9999159637529658, 0.9998340176672683, 0.9996774994778987, 0.9994119728431962, 0.9988207162815932, 0.9976749415647869, 0.9953313852538711, 0.9907499312099154, 0.981645348428658, 0.9635647588836912]",9030,0,0.049134016036987305
rosenbrock,10,9,6.309671234669708,"[0.7677889050369262, 0.5957229974290427, 0.3581530124603525, 0.1335629670715215, 0.01968054241065808, 0.007603192352985839, 0.011960600037891093, 0.009416177871543223, 0.009580143163504938, -0.0015870125668955464]",9030,0,0.04906606674194336
rosenbrock,10,10,5.9179454451787326,"[0.8181754912352452, 0.6778726113004783, 0.46224446063895663, 0.21468139692957075, 0.05100516571074686, 0.007586142610950128, 0.005499819510674138, 0.006898864144665739, 0.0038717593055458068, 0.0011598812431118368]",9030,0,0.04910612106323242
rosenbrock,10,11,5.927277360352312,"[0.837571296805954, 0.7012416917329105, 0.4937920681048338, 0.2365754103476661, 0.03288994178591459, 0.005487609500836342, 0.006294980717934292, 0.01414319522628383, 0.020098302077760175, 0.006994277062538465]",9030,0,0.04915189743041992
rosenbrock,10,12,5.933569906612309,"[0.8215899843301211, 0.6724323512083001, 0.4582577860389428, 0.21097710195417907, 0.04642161605826641, 0.011143334080509886, 0.01256737727705205, 0.00834374784684052, 0.017872472768360556, 0.004159211639964755]",9030,0,0.04915118217468262
rosenbrock,10,13,5.893172750299388,"[0.8181868117263977, 0.684187801413648, 0.4884398338410245, 0.2536428592128717, 0.07941734569292008, 0.031462715558188456, 0.016126870705349596, 0.010323512338017688, 0.018314239205290312, -0.00797043887781002]",9030,0,0.04967689514160156
rosenbrock,10,14,6.035496423258877,"[0.829346731798096, 0.6733446012965866, 0.45341897661837305, 0.20237332081995915, 0.031312434368208644, 0.01788449213189541, 0.010765462230595406, -0.0014870293057300376, 0.004288873968350107, 0.012647145176298398]",9030,0,0.05023908615112305
rosenbrock,10,15,1.3143133841508212,"[0.9957071373327322, 0.9792513232796517, 0.9656723962990028, 0.9375037088675653, 0.88502760945169, 0.7898492826460272, 0.6259570217002131, 0.3950055091468546, 0.15506556125924195, 0.024990338336261374]",9030,0,0.049150943756103516
rosenbrock,10,16,0.09950228413213434,"[1.0016180946552502, 1.0030272039070822, 1.0052977172880762, 1.0083543026022508, 1.0156097106185769, 1.0324326899742107, 1.0633290671672002, 1.1296971872383723, 1.2741206793895965, 1.6244379407548561]",9030,0,0.04917788505554199
rosenbrock,10,17,3.1857949125395644,"[0.9581864168913703, 0.9352043629464176, 0.8865452932419521, 0.7996876193691572, 0.641532229303742, 0.41713007363091015, 0.17925626726221028, 0.0382311617069821, 0.0100086683995892, -0.001738548738536156]",9030,0,0.04924178123474121
rosenbrock,10,18,1.685299339012552,"[0.9888939497540329, 0.9707520262855578, 0.9519424398356605, 0.9126722383162101, 0.8529682925465147, 0.7398522290435682, 0.5506954308929304, 0.305302826893684, 0.09285664782463936, 0.0035647730097310053]",9030,0,0.049067020416259766
rosenbrock,10,19,2.9395503017125924,"[1.0031959052951014, 1.0073288436369252, 1.0155521125232974, 1.0300956409882767, 1.0598859975453914, 1.1241120853698152, 1.2666107965810938, 1.6041867358301554, 2.575035068944455, 6.633669693017507]",9030,0,0.04927325248718262
rosenbrock,10,20,9.33818329414365,"[-0.7701621207934328, 0.6092665246939777, 0.3867005600082765, 0.16506916698105387, 0.04070177657893293, 0.019782531025079857, 0.012874088214993789, 0.010681568934908358, 0.0051278933963534515, 0.0023818307453353756]",9030,0,0.04912996292114258
rosenbrock,10,21,5.6850591662592205,"[0.8538897032141888, 0.7333304510850425, 0.5300282073452371, 0.28224354517412226, 0.06624293951074792, 0.0114026922047997, 0.0074084532805121575, 0.017943935957113678, 0.01026335668006045, -0.0004092607146230719]",9030,0,0.04908895492553711
rosenbrock,10,22,3.842557548871813,"[0.9497317136499859, 0.9079316936333258, 0.830047791867487, 0.694052700125853, 0.4891847582345915, 0.24320103200145912, 0.06677183824856907, 0.008701105613431412, 0.01538320339541281, -0.006701846957162182]",9030,0,0.04902505874633789
rosenbrock,10,23,5.966640162832848,"[1.0064460602110024, 0.9588715419850977, 0.9410098196157441, 0.9225840871201075, 1.0003977053151112, 1.0448657073177186, 1.187250622934856, 1.4651116847847225, 2.1732030631115533, 4.6859081737595565]",9030,0,0.04939007759094238
rosenbrock,10,24,5.8975358550560575,"[0.8269132046370947, 0.6831461560347531, 0.4658048408865584, 0.2163566182860679, 0.06077853808331716, 0.008215026761059807, 0.006434231457531404, 0.003100390013548855, 0.014973801067417376, 0.00421388313191896]",9030,0,0.050804853439331055
rosenbrock,10,25,5.1059352217065275,"[0.8932361550838851, 0.7974996614485519, 0.6424459936979564, 0.4157952336197749, 0.1826379109272419, 0.04196701655900837, 0.011021792802409267, 0.018842349906115146, 0.005158276121105946, 0.0008784706560419136]",9030,0,0.049407005310058594
rosenbrock,10,26,5.717536307285874,"[0.8474062764462346, 0.7129384031664412, 0.511995913304466, 0.2745227234582823, 0.07135758180354013, 0.007357857437624556, 0.017242163420695768, 0.012406653723276526, 0.008828950020328194, 0.005433579817071916]",9030,0,0.04901003837585449
rosenbrock,10,27,5.648533774366324,"[0.8555306248298697, 0.738088132284889, 0.5359412360823108, 0.3012265221342355, 0.07780797240337928, 0.016027664011409697, 0.004047230706469229, 0.007092406101736825, 0.006472187630169732, 0.00595814757763068]",9030,0,0.04911398887634277
rosenbrock,10,28,4.810081387615091,"[0.9027300304302144, 0.831317198994018, 0.7016322381712162, 0.5012122392154457, 0.25621043845731467, 0.07855700361869865, 0.010232261845506567, 0.0026113678665664213, 0.010313617886241681, 0.00126248652025647]",9030,0,0.049143075942993164
rosenbrock,10,29,0.039743191201619066,"[0.9990558420288566, 0.998591925356692, 0.9965783349726163, 0.9937481098567301, 0.9880176959821004, 0.9764659837596906, 0.9542598878649872, 0.9108806310697154, 0.8306744755287203, 0.6899837845922073]",9030,0,0.04914212226867676
rosenbrock,30,0,99.4267085236811,"[-0.922001228770212, 0.9097519915424086, 0.9512555061107555, 0.9739095944857862, 1.029288797495249, 1.035860297551373, 1.0133760828788505, 0.9530123710402937, 0.8754478641533028, 0.6123966852833813, 0.17540273062268918, -0.5555974296823057, 0.8111454957463786, 0.8710245461177825, 0.7474881754497464, 0.4786924147543221, 0.24850378036513712, 0.13930118765964736, 0.0882214735971222, 0.05061947594983889, 0.006159480414468628, -0.053190148363925695, 0.11434342575808623, 0.06989276142561714, 0.037364090588047995, 0.021858637247557294, 0.025422425636394682, 0.14754753756254482, 0.03249347449034424, -0.000545632547817777]",15050,0,0.08315300941467285
rosenbrock,30,1,127.55192777883687,"[-0.410647027407957, 0.17140755027525514, 0.11297737063175371, 0.0891849041325106, 0.04084143469282696, -0.03879574155610724, 0.0732760512343336, 0.02551296768264035, 0.006744754789966555, 0.027998194763289623, 0.03762485429159604, -0.058708748684016925, -0.026571909995462974, 0.036604319624858314, 0.022651126405249095, 0.002394931031372515, 0.09485479545662513, -0.08071856282369128, 0.040465224086891474, -0.005344625110117426, -0.00971635370333406, -0.016783363654683775, 0.034722580255856915, 0.03358049345041306, 0.021567862647905302, -0.782053423496907, 1.0646365269243714, 1.4473518232544833, 2.1885674649044033, 4.8515440519120805]",15050,0,0.08340716361999512
rosenbrock,30,2,104.23938116882024,"[-0.5121934686033935, 0.2014979713747564, 0.03680496020098694, 0.018662179210254745, -0.002503516526635354, 0.09833334405376021, 0.023438086180928977, 0.09398102319828469, -0.05644833714232473, 0.06223745713521993, 0.18789190445947307, 0.017651094951598556, 0.15771954179704567, 0.09906887240450912, 0.026657155803643105, -0.02050360354880614, 0.013540147496854324, 0.0017984546871643026, -0.23084743923816944, 0.4078860409430118, 0.5557034730589046, 0.7464144086258199, 0.7316149908580756, 0.7998907221628518, 0.5816429464815014, 0.4143989720064721, 0.3881511854313258, 0.3461216342821417, 0.230215013386736, 0.0859528491735461]",15050,0,0.08375906944274902
rosenbrock,30,3,101.88610824528429,"[0.9219155598677785, 0.8781856316375253, 0.9597944360631337, 0.9687225001096, 0.8977171976895505, 0.9212737787402412, 0.9361850036521283, 0.9028217396473546, 0.695210693158265, 0.4688304921413699, 0.0742724873410444, -0.608929145941263, 0.8386724363619869, 0.8776950720664579, 0.7905241453627314, 0.770776411011316, 0.7119377849428399, 0.7393443412046858, 0.7227964179164948, 0.5391298871477925, 0.370510593983304, 0.23636346161998587, 0.03992636793997926, 0.013907667026913213, 0.007157496752446816, -0.07658991465600393, 0.08763780087090653, -0.0015583214428181186, 0.054454940513140045, 0.14132152694245104]",15050,0,0.08327698707580566
rosenbrock,30,4,89.75668050820369,"[-0.4725773029454772, 0.2505724220045744, 0.08400452686197633, -0.055637475503452515, 0.4750528424140996, 0.73613477148188, 0.8163788670132326, 0.7517871420080376, 0.6394647918272974, 0.46583189942846226, 0.2505843835556731, 0.15438075273035012, 0.03450602086283685, 0.010274851424016289, 0.06878170535222902, -0.013714533958708572, 0.08480387331624535, 0.08850475537045879, 0.06240262441824897, 0.1787184972245699, 0.08551094272394875, -0.11193224728116974, -0.015875621827009016, 0.03801798434553971, -0.057024907752898535, -0.0031518782336460976, 0.025389325882127056, 0.041279267185528344, 0.05201307361593572, -0.01737805219936797]",15050,0,0.08429789543151855
rosenbrock,30,5,111.44760365251564,"[0.3630166338032896, 0.057537672020428574, -0.06548203439028139, 0.16370184433982454, 0.40349023500609266, 0.6296457101855498, 0.7298052905149267, 0.7516512355370767, 0.6330141181735911, 0.40682887392467604, 0.20518507940651384, 0.11376466090278359, -0.060198557370164434, -0.03770142807858923, 0.07807312207735799, -0.05085212244998705, -0.045762457733285945, 0.1651982388698787, 0.05926122426300577, -0.06575097512198932, -0.023644792469007504, 0.13331801856569064, -0.14542939357703638, -0.053193346381975, 0.15201815585967543, 0.3361297901850701, 0.3858636308674959, 0.36086803076171015, 0.10038611966278857, 0.03150603960873105]",15050,0,0.08668637275695801
rosenbrock,30,6,135.8834521122749,"[-0.030999643895045472, -0.0004875530951386972, 0.09244124707016106, -0.023311069893016047, 0.06605257887095217, 0.07824547183932672, -0.036128906434343494, 0.296337019286586, 0.23032150432300924, 0.0697300932757496, 0.008613003679711167, -0.7808450600354191, 0.8843255781141983, 0.8821418250396993, 0.9298195853386922, 0.8585714317672571, 0.7096250648602843, 0.49498496874524106, 0.25520930354916693, 0.09507467530651462, -0.002093173536425673, -0.43947185846859144, 0.33130634457556435, 0.26938511917619296, 0.190573492250332, 0.12232225793049165, 0.03791341969782566, 0.10570933709154183, 0.07177819924379106, -0.08978720725302752]",15050,0,0.0860738754272461
rosenbrock,30,7,74.80464983651257,"[-0.9568158520348459, 0.9319737639588523, 0.9731221092434283, 0.9565029511483754, 0.8957128830030735, 0.8912188240482992, 0.9144522983189931, 0.9916035999904116, 1.0205949453284315, 1.0422390949495854, 1.0207490217693915, 0.9263424529304618, 0.8097879005262227, 0.6135302456712014, 0.3075126223787465, 0.09165973843042166, 0.043918566490934605, -0.011625521411736065, 0.053411825820932395, 0.028882130370601646, 0.12660261536205816, 0.25742705979177044, 0.5542668725355658, 0.6480814255177834, 0.662253363556028, 0.6098282131518958, 0.3908188337079782, 0.20386205521532236, 0.058866285697221334, -0.08573678486459294]",15050,0,0.08581113815307617
rosenbrock,30,8,88.24196065357889,"[0.2662660027995371, 0.04860326298008404, -0.026601288058266934, -0.02513255052550345, -0.028160006913889438, 0.014296935309162257, 0.0831818248269752, 0.5775872390835265, 0.7637276758223622, 0.8326600673471942, 0.7870730897898376, 0.7427535502922403, 0.6179375680083043, 0.4435297907047301, 0.21038466060367375, 0.046960216940686236, -0.018532996417580116, 0.06258474702978402, 0.020585869137356713, 0.0630466253583816, 0.15034568059759457, 0.16831101912590696, 0.008265101509168236, -0.06924499722137253, 0.020572646605246214, 0.020636133412248427, 0.0022644929958310373, 0.027962431369798358, 0.02378893579813337, 0.01106455776295014]",15050,0,0.08317995071411133
rosenbrock,30,9,143.4641091432718,"[-0.9912959775120588, 0.9364482687938684, 0.8860922204089723, 0.7140705234802, 0.44669806624488395, 0.6185921231952021, 0.7154020058794658, 0.6982325772886752, 0.6507658501873469, 0.5456794100130905, 0.4915723005111985, 0.18930767584266067, -0.014031798109103606, 0.26808291336143, 0.4084279874202189, -0.025717699992992067, -0.39224652729598836, 0.6786325834390454, 0.7917938816559638, 0.8427981612127812, 0.877823264058651, 0.9067214985000945, 0.9772721262461979, 1.0312245400657933, 1.0620603964271689, 1.02445366021431, 0.9961977940673681, 0.9080865579107287, 0.8661484034418888, 0.7345824112393999]",15050,0,0.08335304260253906
rosenbrock,30,10,83.83602319911715,"[0.27404813487897167, 0.002759238022845194, 0.007311834358275059, 0.068091397001546, 0.09378359159960394, 0.08073601751379729, 0.0022616640777649187, -0.343865781710606, 0.14890467123917867, 0.23888129514622136, 0.2392667918965664, 0.05819851174544917, -0.04656622525835282, 0.10113882137960623, -0.06859261996515204, -0.025948791002335325, 0.1871914500533739, 0.17467453869280763, 0.0530085407281057, 0.2245125267506778, -0.09550846376195188, -0.0383525210160112, -0.053458171061878876, 0.35774903109608935, 0.1196500129867752, -0.07517119950142871, -0.13760167063143663, 0.007816812011290752, -0.19003650144892523, 0.10981975444753986]",15050,0,0.08376026153564453
rosenbrock,30,11,53.19086681430603,"[0.802796207035562, 0.610615746792537, 0.3782046250953859, 0.26936040967809, 0.37167032010396345, 0.03609995302066342, -0.14761056811975132, 0.0014630251433926733, -0.08495703287210617, -0.07174565332945226, 0.03967176667078523, 0.2775708320446122, 0.07865771468681641, 0.003284133186507847, 0.03268560098593991, -0.012099040466082938, 0.02957673316671028, 0.04092985258907745, -0.0009614665785177504, 0.039311035545278664, 0.06952954480601144, -0.12047478449481547, 0.04277298191105905, 0.03578087863989979, 0.04621074309188809, 0.019524184266570647, -0.030189339559656032, 0.11767432428532434, 0.06045588450614881, -0.08684299202401635]",15050,0,0.0833749771118164
rosenbrock,30,12,34.10980966061008,"[0.36487268265478745, 0.0831913065618581, -0.062372715137063994, 0.04444348852791484, -0.056519931603635234, 0.007600324164255906, 0.041384986716186, 0.006841587438626897, 0.061273071262787, 0.03860428782382337, 0.052940772719643855, 0.09083584229953481, -0.044265945680921556, 0.08413322198505443, -0.005061883656071395, -0.015879037647047095, 0.019035127893364104, 0.06127664597734944, -0.0013509301534948281, 0.0814113829209695, 0.09529574813401591, 0.026990748956795273, 0.027597687884537942, 0.008232832676251862, 0.0445767389450767, 0.020216161880379568, -0.010163280507599556, -0.03131158631680153, 0.0726302627932157, 0.06486234559904439]",15050,0,0.08335685729980469
rosenbrock,30,13,96.03531945318214,"[0.1947194857665019, 0.08577770255571995, 0.07077323956111296, 0.11827492646452652, 0.07553215181082507, 0.06621267084922239, -0.09436247216211589, 0.048625086755653656, 0.04182836578495264, -0.12611229277508754, -0.04214181505655937, 0.02241083279158399, 0.01135139839701791, -0.1773233487045682, 0.5101465393293634, 0.7202974736841711, 0.7380694464776233, 0.7879324187501237, 0.7640820283610512, 0.8319905962070643, 0.7843215359100615, 0.6188349356948466, 0.4448013891084557, 0.23598309740611273, 0.19483469298444148, 0.047719201616164816, -0.007043382081576302, 0.04355822048017486, 0.004095649496799775, 0.08708206474485863]",15050,0,0.08585286140441895
rosenbrock,30,14,142.4482146934022,"[-0.8852012550503581, 0.6639623849442761, 0.4881000105888861, 0.37651854517357153, 0.31893776568924315, 0.406213815931151, 0.5523418813372626, 0.8684995240065339, 1.0111343623137594, 0.9718291553544977, 1.0060083351588789, 1.0710705761328327, 0.9139723951405476, 0.8037810510452724, 0.7019693599731566, 0.3975932518474898, 0.06938733755960869, 0.11992060219802464, 0.3523751128792946, 0.3973282721585772, -0.03676683953940916, 0.26820820427230624, 0.058006180096869066, -0.03810630865360281, -0.04920764328230108, 0.2683060947692485, 0.28367553130921475, 0.18299442711155237, 0.05375238635603223, 0.22253076603630534]",15050,0,0.08427596092224121
rosenbrock,30,15,90.12275720869603,"[-0.5739497086028074, 0.37676879541234226, 0.11293428668168998, 0.007515493611350447, -0.026441299229703095, 0.01581701835730185, 0.11954934999595047, -0.020987258138115528, -0.015016345640449284, 0.04364590416202662, 0.05512096138058513, 0.007898055416014169, 0.024505378561079268, 0.04657546982238943, -0.021145598732077275, 0.10564477727240756, -0.020979332602697458, 0.11772421398703786, 0.017883831323737484, 0.06811501347506838, -0.02229639811441142, -0.0359805532552111, 0.40923240798639504, 0.6191789950833655, 0.7632006989634796, 0.8808008245346827, 0.8635983331494399, 0.7464973219738936, 0.5395726208965462, 0.237491905889003]",15050,0,0.08345484733581543
rosenbrock,30,16,62.932765042939955,"[-0.07129549627299925, 0.07088010244817153, 0.13333719545193456, 0.09495374495105802, -0.06253194501171322, 0.023056361411654444, 0.018043791987096183, 0.04983318309623737, 0.14063523822623714, 0.22175828167573808, 0.08149369447176387, 0.13839203840817738, 0.15169891901118995, 0.14477661168041822, 0.4092123558433796, 0.22204194143004802, 0.04438291197053771, -0.06109270831111421, -0.1053795236034099, 0.18617997073778197, -0.061450038192424145, 0.037147634543069144, 0.004657302791511589, -0.02215947505439085, -0.038154773283978594, 0.10616967639158933, 0.05266563488079382, -0.005112974138372927, 0.051351896822794056, -0.001340357996383565]",15050,0,0.08333492279052734
rosenbrock,30,17,101.26456948448251,"[-0.6051451285137825, 0.3495077845025381, 0.05284550996999781, 0.054704167790651105, 0.06734115389263476, 0.300406957109552, 0.04771157390662773, -0.3375339733491409, 0.7044407481944194, 0.8344235351816685, 0.8157000741379555, 0.8328343676217775, 0.8422292226257034, 0.9206905314663902, 0.9675067376457823, 0.9487470775754809, 0.9744636481377222, 0.9526767319486003, 0.9322875377687383, 0.8741937817912911, 0.7749634580892034, 0.5381914719190093, 0.30038399409027006, -0.04204961937227439, 0.07770985399225146, 0.06652455473075945, 0.04621429929462008, -0.0966440287983638, 0.058431903706778, 0.04482045979324007]",15050,0,0.08356499671936035
rosenbrock,30,18,66.0670736980473,"[0.36751702496477673, 0.14489303880081494, 0.10426089491994502, 0.27145842439931656, 0.5733615796553759, 0.421324072632892, 0.33261119823676505, 0.20792421985236187, 0.11579631306994985, 0.11135604448619942, 0.09752352254759115, -0.0021813398915267405, 0.0021632716095808333, 0.05238288482491582, 0.0566457234087851, 0.019061940858044538, 0.09254245066653152, -0.0019452765483901069, 0.05728979996404967, 0.029266610392452527, 0.040816523299130505, 0.02355828458719159, 0.07021723835994571, 0.05061988172232747, -0.010472790566367036, -0.05528225585537388, 0.07712259649087247, 0.03723837446769966, 0.004127268406645859, -0.024535778523943473]",15050,0,0.0842750072479248
rosenbrock,30,19,52.06787083872728,"[-1.1069002043992318, 1.0646412665333815, 1.0189225711554268, 0.9750738440390121, 0.9373572751495808, 0.959726937845394, 0.9713510855001716, 0.9855422572408106, 0.9872196985253856, 1.0254408018706749, 1.0965102062441934, 1.0061918941919399, 0.9795334967682958, 0.9109981357260399, 0.863973411182681, 0.8079361396479419, 0.6459676683228995, 0.7458386907639319, 0.8178943517362222, 0.7887992654615301, 0.8177506491172309, 0.7552511759941632, 0.7512014456462078, 0.40003296211807404, 0.07284434044913746, -0.05976442690906576, 0.02223760265770028, -0.02542412114971475, 0.05470552150265133, 0.036672264706290106]",15050,0,0.08346796035766602
rosenbrock,30,20,45.383900713980914,"[1.0187567205616768, 1.0057048674671552, 0.9494758860822117, 0.9516495607744634, 0.9940623309088409, 0.9315723358362896, 0.7972649300683043, 0.7230795797646196, 0.7118339990546712, 0.6856572299403784, 0.7786699459987596, 0.8172215609262466, 0.8019491976563295, 0.7793652036762186, 0.6098567241808928, 0.4530137360844358, 0.19399439524471385, 0.1587971312437588, 0.029500180602905903, 0.10463940905600501, 0.055172958748349536, 0.008174603846943254, -0.027869335232547202, 0.03775644417561417, 0.10795505013538564, -0.005192256179153754, -0.035088944723523585, 0.054801846052689104, -0.0033321239262238556, 0.008753475324083423]",15050,0,0.08334898948669434
rosenbrock,30,21,129.2829290748884,"[1.1132613486138905, 1.0604161815495328, 1.0542552984543982, 0.9725711860463254, 0.7921509738929584, 0.6224997448288656, 0.3105622291254906, 0.005809071338694908, -0.2939318439806122, 0.5109161005766313, 0.6107484877702705, 0.5888553382290517, 0.4680127669635208, 0.3557576214200085, 0.32865538468912797, 0.584702514586873, 0.7462266040153174, 0.9201465302784784, 0.9718768504453531, 0.9931339783239779, 1.0313312145254006, 0.9182183617548783, 0.8936867558381325, 0.7439256231273328, 0.6381234982150046, 0.4566112725807956, 0.13937747419090507, -0.10931271187444658, 0.04732971104122629, -0.01961568925530781]",15050,0,0.08324503898620605
rosenbrock,30,22,60.549766416780585,"[-0.43471610482368717, 0.16416373174157586, 0.00513977697626955, -0.024552000010486692, -0.03543070884671293, -0.000841276646774948, -0.0003193321613494081, 0.012885794982552434, 0.25815965816826425, 0.42639292028634806, 0.20176654207939154, 0.08277511925247122, 0.052407579230728266, -0.04318858040246123, 0.06081328753878246, -0.07443529451198541, 0.03578040954461768, 0.05103804675811302, 0.09510465352799927, -0.04757606900138113, 0.1553521111082473, 0.16602502966460353, 0.1558882846107051, 0.06341215541386104, -0.016918034109525568, 0.08022331117095782, 0.05516351724684482, 0.15371798991906452, 0.14778447105215156, -0.04539790424203036]",15050,0,0.08316802978515625
rosenbrock,30,23,49.41154196564813,"[0.9476083841695112, 0.9631761841381525, 1.036433274733509, 1.0419845003428145, 0.9776238700757819, 0.9660373685494759, 0.9538463613627377, 0.866068241817501, 0.6844281715415261, 0.5965335855383209, 0.4433128444420663, 0.3886824012298003, 0.4409650756461636, 0.2129519374557968, -0.0342172361361809, -0.02021806380208288, -0.12284761942008283, 0.03402756275996652, 0.026869862996838603, -0.0560145946031731, -0.06882266862675179, 0.006489915037501501, -0.25202944428005736, 0.009506840170785624, 0.06536925471058735, 0.049985402689846685, -0.11082336795358692, -0.07603742696294331, 0.021922168052283687, 0.0861028495744122]",15050,0,0.08332395553588867
rosenbrock,30,24,108.21333505685773,"[-0.8526622072164702, 0.7813080463367161, 0.7733340306751394, 0.7900252934361062, 0.7164913563164984, 0.7283279226724325, 0.7202346622758949, 0.6282190177685404, 0.37082477173405, 0.1194814486371348, 0.03784082737278805, -0.009989469169553195, 0.01533897362531379, 0.026880014790535284, 0.02519344397457083, -0.006598930220840087, 0.027960894944965002, 0.07727170702238871, 0.02791801671113085, -0.12329105689798239, 0.5474881163601834, 0.5764934686076358, 0.6941010730546803, 0.771189944435802, 0.9213403483583597, 1.0414653769492335, 1.1450812074792571, 1.2850457309867236, 1.5777285237915228, 2.4788926934961806]",15050,0,0.08327603340148926
rosenbrock,30,25,58.79088941367109,"[0.7480219969878641, 0.5703366962368396, 0.2844227931697116, 0.07604872530988196, -0.004643153304653133, 0.0021277546308509435, -0.007695812567724666, 0.04196614749846529, -0.029658122258536514, 0.020302312416078678, 0.13912586594571805, 0.0954146970484143, 0.08280883861428256, 0.0072773354028800715, -0.02797021091606365, -0.08666561939854403, 0.033338462211341804, -0.016887572604985045, -0.027041608229621705, -0.09927378517545624, 0.007908630219411798, -0.007654110953070541, 0.009453942066809745, 0.22745531689732817, 0.29478015839374866, 0.5002053379001749, 0.34591022188062504, 0.1729822408631923, 0.01948833822677213, -0.007740220091381641]",15050,0,0.0830850601196289
rosenbrock,30,26,190.950837560487,"[-0.9346895152497275, 0.7409546082569267, 0.3059813415792418, 0.1532672945572133, 0.24035560045003984, 0.48295317517893854, 0.34152042703696217, 0.22506387633124367, 0.026432196883554516, -0.043356339016233585, -0.031842368274704824, -0.024337990910612898, -0.758589929032176, 0.7990996188942963, 0.7274811261550043, 0.5116519967903098, 0.25917947747176134, 0.10137223026643505, 0.17707304358368683, -0.08342870531190114, -0.05342947717667621, 0.05147440143816254, 0.18155787982658086, 0.16097523470028008, 0.6380601229357432, 0.8646938546192782, 0.932569436320233, 0.9217167434164215, 0.9378343157738857, 0.9164185718445326]",15050,0,0.08379602432250977
rosenbrock,30,27,93.44842792676768,"[0.819391385750019, 0.7036715259641221, 0.5850363325369994, 0.33237039469351776, 0.11882312515944776, -0.032377938453210214, 0.07572274783388314, 0.04221834415880299, 0.3788425148048864, 0.7407440557714997, 0.899326931353309, 0.826412528704441, 0.7813730672531822, 0.6760542467210665, 0.36835539780690163, 0.13085132848901904, -0.04061251530369116, 0.0013416205597437825, 0.004780111242204885, 0.04895501874405586, 0.05638009906595655, 0.03144067830444237, 0.11067982646465446, 0.16536555082947674, 0.10243507554117465, 0.19736663927662448, 0.08358098335076411, 0.03157798115002113, -0.03679690642217118, -0.07057509451555445]",15050,0,0.08325076103210449
rosenbrock,30,28,95.27976150354631,"[0.018822953997263258, -0.5515837705167344, 0.7958191741298565, 0.9524122043278781, 0.9496861841391709, 0.8541722260753848, 0.6668625468255557, 0.4573322901091922, 0.1952540323021758, 0.09621017474690415, -0.026906302647491033, 0.0691268823242431, 0.02099785823444926, 0.06665603472462805, 0.019700174200296523, -0.09018556133306319, 0.00025935317770473454, -0.008999244916746264, 0.04873263907002732, -0.06683363028975774, -0.05933307180253064, 0.018120786368398513, 0.04585182898175738, 0.030472399761557724, -0.009953273335455828, 0.12289890876959299, -0.03273738860330201, 0.029385023044896888, 0.006248172173876572, 0.03452833173226775]",15050,0,0.08308625221252441
rosenbrock,30,29,93.57165274100572,"[-0.9425522513141045, 0.8736504726033871, 0.721071727067503, 0.5109948517044144, 0.19228828560191732, 0.028512997916426027, -0.008746912351640391, 0.018541558722429692, 0.02530647026852726, 0.009970189477746638, 0.016480983601426726, 0.17838185204792176, 0.4371260718286639, 0.6832658367916407, 0.7023282378176937, 0.7539591423239638, 0.8480686464322875, 0.8413068990704082, 0.7808089350381258, 0.6235515014962231, 0.39340751321203016, 0.11317098054191997, -0.01718841180916525, -0.08951195932072423, 0.1720824858193022, 0.1794575167430495, 0.06274144456061179, 0.10080145873986093, 0.04560640776007547, 0.04158202578098872]",15050,0,0.08348488807678223
rastrigin,2,0,9.223737475494431e-05,"[0.0006703908659225922, -0.00012450466764006942]",1560,1,0.007395744323730469
rastrigin,2,1,6.081733695850744e-05,"[0.0005127902686039819, -0.00020880037039562442]",2190,1,0.010454177856445312
rastrigin,2,2,2.8828899523603013e-05,"[0.0002118787101876785, -0.00031689146398039027]",2700,1,0.012727737426757812
rastrigin,2,3,8.78554135326226e-05,"[-0.0006621172481081066, 6.662329519780893e-05]",2700,1,0.012663841247558594
rastrigin,2,4,8.947438669792973e-05,"[0.0006634491712651697, -0.00010408452661995777]",1860,1,0.008713960647583008
rastrigin,2,5,5.0744151788961744e-05,"[-0.000505584464793412, 1.271444265348639e-05]",1380,1,0.00648188591003418
rastrigin,2,6,8.838737927874263e-05,"[0.00037828432662969454, -0.0005499272725000032]",2370,1,0.011139154434204102
rastrigin,2,7,8.085194243179217e-05,"[-0.0006369419038786681, 4.291471852269752e-05]",1920,1,0.009076118469238281
rastrigin,2,8,2.7495292712842456e-05,"[-0.00023711882240885827, 0.0002869936727335835]",1440,1,0.006773948669433594
rastrigin,2,9,1.6395332892216175e-05,"[-0.0002858794385931368, 3.0232940239630773e-05]",1710,1,0.008018016815185547
rastrigin,2,10,6.561494467405282e-05,"[-0.00045390782100066077, 0.00035313107546882034]",1560,1,0.007339954376220703
rastrigin,2,11,6.54277825447025e-05,"[-0.0005301130906884893, -0.0002208407996879654]",2190,1,0.01027989387512207
rastrigin,2,12,5.1880576222629315e-05,"[0.0002826379278961558, 0.00042617038722780486]",2850,1,0.013444662094116211
rastrigin,2,13,7.215194799670144e-05,"[0.0001075730187662414, 0.0005933902998353324]",1950,1,0.009186983108520508
rastrigin,2,14,2.623827129610845e-05,"[0.00026452681487826486, -0.0002495600497176866]",2220,1,0.010429859161376953
rastrigin,2,15,9.24227616607709e-05,"[-0.0002691693390835428, 0.0006272220509707739]",1770,1,0.008374214172363281
rastrigin,2,16,3.063277740267267e-05,"[0.0002107057048621585, -0.00033167512591710663]",1530,1,0.0071947574615478516
rastrigin,2,17,2.203964298175265e-05,"[-7.262964932945332e-05, 0.0003252941917347885]",1680,1,0.007919788360595703
rastrigin,2,18,8.308740604690001e-05,"[0.0006466891089027546, 2.4449933079793832e-05]",1710,1,0.008026838302612305
rastrigin,2,19,4.894034732672026e-05,"[0.00043524842286281167, -0.00023925700377189218]",1710,1,0.008063793182373047
rastrigin,2,20,6.145332572771167e-05,"[9.169266406702597e-05, -0.0005489532684361011]",1980,1,0.009318828582763672
rastrigin,2,21,7.452605667168655e-05,"[-0.0002416457594279261, 0.0005632566150542743]",1740,1,0.008172988891601562
rastrigin,2,22,6.0842635491553665e-05,"[-0.0005494824432093193, 6.890633236209638e-05]",1740,1,0.008184194564819336
rastrigin,2,23,8.539734196943982e-05,"[-0.00010852275506648731, -0.0006470476819114731]",2550,1,0.012012958526611328
rastrigin,2,24,6.354669762131948e-05,"[0.0004898074539123945, -0.00028354452234831276]",2400,1,0.011281251907348633
rastrigin,2,25,4.777747843931479e-05,"[-0.0002313847204782224, -0.0004327640725917557]",2010,1,0.009449243545532227
rastrigin,2,26,1.8098741112027028e-05,"[0.00014197707262011278, -0.00026658893497972895]",1860,1,0.00869131088256836
rastrigin,2,27,2.5111498700880475e-05,"[-0.00027043578940955104, 0.0002311700938143436]",2010,1,0.009531736373901367
rastrigin,2,28,4.21278762345878e-05,"[0.0002822128362254439, 0.00036428360856322604]",1950,1,0.009172916412353516
rastrigin,2,29,3.080148422895945e-05,"[-0.00037462262179281344, 0.0001221211052649686]",1620,1,0.0075681209564208984
rastrigin,10,0,6.96471393271699,"[0.994914458470778, 0.9950074366745981, -1.9899520962308468, 2.0934994200494575e-05, -0.00011474646778900443, -2.50348372479152e-05, 6.272761429910813e-05, 3.6588511652830966e-05, 2.1600363624954518e-05, -0.9949118123016762]",9030,0,0.04395580291748047
rastrigin,10,1,2.1769584029247824,"[-0.0005594690875937173, 0.0008411545101885218, 0.001530834027520878, -0.023211515099351165, -0.00046271090942955366, 0.993553079680064, 0.0055917804393827595, 0.016418072244078732, -0.9894758429823564, 0.008294979873234666]",9030,0,0.044052839279174805
rastrigin,10,2,10.950948345305846,"[0.994669102852732, -1.9902757579998334, 0.0003251258462730497, 7.171617604057574e-05, -0.0008544695763194626, -0.00028176097577707165, 0.995050449084546, -0.9947420172339023, -0.005569396966344274, 1.9902244338755688]",9030,0,0.04410219192504883
rastrigin,10,3,6.44450571988142,"[0.9927616345294991, 0.03341260308104364, 0.9939085878174636, 0.9933620017436238, -0.9939397698861285, -1.0050366949616287, 0.0019337039638379384, 0.9923233002773291, -0.02716163359301541, -0.020580064495885307]",9030,0,0.04663801193237305
rastrigin,10,4,7.966739170115346,"[0.9958641815121997, -0.9934044651451618, -0.9949767369777118, -0.991417408469853, 0.0034000190085861784, -0.9958225651115505, 0.9958842209270359, -0.9972001209610687, -0.0002620859859515439, -0.9962246979408297]",9030,0,0.04592299461364746
rastrigin,10,5,9.94959665243745,"[0.9949552389068241, -0.9950390173169565, -6.718644289764008e-05, -7.159496012372333e-06, -1.9899126147272175, 4.016791429995497e-06, -6.296974114213298e-05, 9.57861206587765e-05, -1.9897655972974868, 0.0001891841251478655]",9030,0,0.0469210147857666
rastrigin,10,6,11.93951236216516,"[-8.961536026158294e-05, -0.994911631528951, -0.9948700162363198, -7.479254593093632e-05, 0.9949689022621747, 1.9897898387657025, 1.9899569345845476, -5.3356295146908224e-05, 0.9949422206438239, 0.00015959797056364826]",9030,0,0.04598808288574219
rastrigin,10,7,6.964716184262215,"[0.994983252880703, -1.1494325724325284e-05, 0.9950055475321848, -0.9949050685099424, -0.994951744326865, 0.9949586763462204, 0.9948939205577344, 2.8165629984064622e-05, -0.9949054821950984, -1.947896261256417e-05]",9030,0,0.04519391059875488
rastrigin,10,8,9.949586538034609,"[-0.994946814099905, 1.989874801518344, -0.9949802436175923, -0.99495103914693, 0.9949555938938747, -8.59705061550102e-06, -0.995004113935073, -0.9949451580219949, 2.5704198353953315e-05, 3.2238460673615186e-06]",9030,0,0.045770883560180664
rastrigin,10,9,9.302567589955373,"[-0.9950277820837743, 0.006191578680626416, 1.008056863046233, 0.02327075225906298, -0.02879640753997777, 0.992683636727914, 1.9918635297106155, -0.9888064424637982, -0.9901097987069869, 0.01030289100725355]",9030,0,0.0469670295715332
rastrigin,10,10,1.9899192173729006,"[2.2587787546033496e-05, 1.3172565491667045e-06, 5.6840329461526885e-05, 1.5024490630413195e-05, -2.978375267076013e-05, 1.9329036295292202e-05, -1.3553482223915246e-05, 1.5276913359741728e-06, -0.9949706227758206, -0.9949599978091562]",9030,0,0.04683494567871094
rastrigin,10,11,4.512394548679282,"[-0.9926201792110636, -0.0034364007413270523, 1.0055846737851926, 0.007096150559796327, -0.008944016089417466, -0.9898307367486253, 0.024546840014194268, -0.0363517814831123, 0.9730122513395623, 0.0007478862203095572]",9030,0,0.04665112495422363
rastrigin,10,12,6.964743395131762,"[-2.873677372333577e-05, 8.70545591206746e-05, 3.9638776370231845e-05, -0.00010780450144105375, -0.00016916263344921993, 0.9952789570751881, 0.9948891541198552, -7.322597472385217e-05, 0.9948575084406431, -1.9899706687291006]",9030,0,0.046478986740112305
rastrigin,10,13,6.208777973836931,"[0.0011341582009883307, -0.0036572195510224214, 0.9965626468714966, 0.0007272518528176584, 0.9947900776364631, 0.9609590462431861, 0.9964301791779117, 0.9968316311729801, 1.0003892082369776, 0.001848410044907889]",9030,0,0.04659461975097656
rastrigin,10,14,11.940099802086067,"[1.9901291786580335, -0.9948090029287233, -0.001104407840627587, 1.9894902530535152, 0.9949269274486997, -0.00011835202752338983, 0.9940909526993336, 0.9941495603681695, 0.00016558115355196123, -0.00033827727251008747]",9030,0,0.0459437370300293
rastrigin,10,15,7.959705002274092,"[-0.9945830212389356, 0.9949831815218239, 8.06083712635055e-05, -1.9899164485661751, -7.61649560633954e-07, -5.761574812153443e-06, 0.00012011875450430194, -9.500188168516469e-05, 0.9949874002243868, 0.994828243604065]",9030,0,0.045845985412597656
rastrigin,10,16,13.929429469860523,"[0.9950518275329763, -9.953073122242922e-05, 1.9898979699118904, -2.0324175995010195e-05, 0.9947994590445575, -0.9950227157353854, -0.9949974646704647, 0.9949526495423736, 0.9950370544657584, -1.9900013573873296]",9030,0,0.04530191421508789
rastrigin,10,17,4.808864053668032,"[-0.003977868742758193, -0.009985360288976402, -0.05477328035503877, -0.004950369526777673, -0.9972524101299968, 0.9626534636790971, -0.9960726582754856, 0.9908728345176667, 0.0018348984078242654, -0.0020235578016289156]",9030,0,0.04438924789428711
rastrigin,10,18,3.981972959461956,"[0.9952091188016028, -1.8497862608436906e-05, -0.001656591902863666, -0.000727294688244753, 0.0012427312311601448, 0.0009327491357976929, 0.9946339767823917, 0.0002197921387349432, 0.993622350091839, -0.9932027236224135]",9030,0,0.0451359748840332
rastrigin,10,19,8.954627932381243,"[-1.9899115273149093, -0.9949634096497333, -7.169188331995096e-05, 0.9949640287957859, -9.062802784319032e-06, 1.2132068131020096e-05, -4.6928747024864895e-06, -0.9949614348561713, 0.9949628413990612, -0.9949153606573905]",9030,0,0.04487180709838867
rastrigin,10,20,10.944539843330176,"[-0.9949625267443785, -0.9949598299075286, 1.9899211374494457, 1.87255733751667e-05, -1.9899110856781062, 2.740425395463003e-05, 0.9949690098421102, 1.389679104504308e-06, -1.2517532633674568e-05, -1.3190570002194913e-06]",9030,0,0.04574728012084961
rastrigin,10,21,5.969754710708344,"[-2.6760353424946686e-05, 3.8212973531771715e-06, 0.9949788972902383, -0.9949487077871828, 0.994971479240328, 0.9949473882170993, -2.4911146118643903e-06, 7.193119228652172e-06, 0.9949452014328123, -0.9949679374014326]",9030,0,0.04884195327758789
rastrigin,10,22,6.989575792083031,"[-0.9989807987327285, 0.001030031494558031, 0.9980601066852973, 0.003539593077938628, -0.0006225407414570696, -0.9915589840866081, -1.0012514973941926, -1.000317239336951, -0.9969824060486457, 0.9936888820695421]",9030,0,0.04793095588684082
rastrigin,10,23,5.14387386879234,"[-0.9923890697170588, -0.0010505970782581234, 0.9970276228578063, -0.026522692431271814, -0.9893478565988534, 0.9863371029818161, 0.0016150795691063802, -0.9940595336601609, -0.0015219966516807643, -0.0051975547420029175]",9030,0,0.04624199867248535
rastrigin,10,24,6.024173905455811,"[-1.000299524894058, -0.005594751611401674, 0.005992739804159007, 0.010894471136631154, -0.9898596293737053, -1.9907909039485105, 0.004418240038670373, -0.0014167024551393727, 0.001540400276292575, 0.0030519489053255308]",9030,0,0.04585599899291992
rastrigin,10,25,7.959667868244026,"[-2.329981419265546e-05, 1.9899180373032261, 2.4656938165538036e-05, -2.604443227467228e-07, -9.524849530023855e-06, -0.9949659055204825, -0.9949645402191732, -0.9949569194890898, 0.9949692511450984, 2.804249656574798e-05]",9030,0,0.0457611083984375
rastrigin,10,26,5.819992399809266,"[0.9941994230014441, 0.9940476595811807, 0.001520940420991966, -0.9895576204434694, 1.0039002775603707, -0.0646280529443241, 0.9936677795748142, 0.0004369944347491077, 0.00492190246945154, 0.0011667344165752851]",9030,0,0.04451179504394531
rastrigin,10,27,3.409453338436734,"[-0.0029449599323144635, -0.00552451398040603, 0.9984494090429327, 0.0027000624314009554, 0.02921834019455451, 0.9940940340837039, -0.0030663233653146866, -1.0017550053883308, 0.03395262144247203, 0.005032944383276519]",9030,0,0.05172300338745117
rastrigin,10,28,9.94962064988735,"[9.558763965402456e-05, 0.0001354891350324286, -1.990030534578362, -0.9950055330612589, 2.3456764193507022e-05, 0.9949816623551805, 0.995037143576259, -0.9950244693136149, 0.9951103001768813, -0.994644255028508]",9030,0,0.05016183853149414
rastrigin,10,29,7.959695661445991,"[0.9949881129623236, -2.990795843848738e-05, 0.9948330912472334, 1.710649069804317e-05, -1.990212183238761, 4.3938389712956545e-05, -0.994930715213173, -0.00010211966693315915, -7.112061100297528e-05, -0.9948299279564131]",9030,0,0.04636979103088379
rastrigin,30,0,70.24478217187703,"[1.0077194129794071, 2.000271964696546, 1.982619158492022, -0.9952713256804336, -1.9956642487605027, -0.004435491111771474, -0.9357087977144753, -0.9737524369912025, -3.975652261884231, -0.992973878536107, 0.9851087229749422, -1.0014421088131553, -3.004487864328454, 1.9710072626411514, -1.9759676526923189, -1.0432380858527943, -0.985748124863399, 0.9896790788288845, -0.010245784611429718, -0.005420132656313279, 0.006186993397573382, 0.9682153003753152, 0.9804104653367819, -0.9896569458078435, 0.007099805315628513, 1.9977835062474263, 1.0117467710427541, 0.006619597372935569, 1.955490393296813, 0.9446048808231344]",15050,0,0.08188509941101074
rastrigin,30,1,63.25732071878349,"[-0.9811820680536566, 0.9967385777529555, -0.04025380874193764, -1.9354764990850848, -1.0077170009677772, 0.9867405656032815, 2.0220369411043033, -1.0178036587229105, -2.0061068872416685, 0.0011504840549934475, -1.006674317244941, -0.08269849493910156, -0.9908812697005467, 0.008145081647456738, -1.0241953873832477, 0.989821273691439, -2.0022519637798872, 0.9984677486871585, -0.006908919023120555, 1.0265600487635682, 3.006938707040698, 0.009289568114816333, -1.9795415969772312, -0.01094785952487004, -2.0314838246911617, -0.004159175682553196, 0.9301609849408191, 2.007851816593186, 2.9829002824418285, 0.9802623038466708]",15050,0,0.0799551010131836
rastrigin,30,2,66.36056177242833,"[-0.1318472656917324, -0.015076178651578917, 1.0033262853139815, -0.005873933789251388, -1.9184634754548844, 1.9880539917774123, -0.983325263481664, 2.000640164907173, 1.990231883735382, -0.007995146916609769, -1.0258746130521477, -0.9942657425641809, -2.9774292914392473, -1.0059659279225124, -3.0244183826629234, 0.9990846837897914, 1.0077915356783105, 0.9882763906799512, -1.0038002282985894, 0.0012816789048710506, -0.9756598699530414, 0.9979207206583485, 0.14737228684646433, -0.011156769446749922, -1.9958207096786469, -0.006486896913721866, -0.9937649960593083, 1.9521875041157017, -0.10869636627106857, -1.0027545996843164]",15050,0,0.07921481132507324
rastrigin,30,3,84.90570102434805,"[1.0161030804291786, -1.0157400503599532, -1.9747483797395868, -0.9708285286406703, 1.005869745242606, -1.0125026500192087, 0.9922489039520226, 1.0287115825927429, -5.12, -0.06612948569744229, -0.9739156731854351, 1.9971093673917202, 0.0014672606972715913, 1.014703073816128, 1.000508614893631, -0.017236003216448373, -2.9705106384411395, -1.9770742579375515, 0.8992125897408908, -1.9994150348406858, -0.006895700464079347, 2.9543136235034315, -0.04101706590882699, 0.9851317112757235, 0.005965151801043813, 1.000753729551073, -0.019485724605075784, 0.0014244246387413529, 0.9953046361640367, -2.0011368795508777]",15050,0,0.0785379409790039
rastrigin,30,4,90.19700178846705,"[-1.9748795729205009, 0.013667705572766448, -2.0026207716251117, 2.940636291342283, -0.6217888255970597, -1.9679738662761843, 1.993059973399613, -0.9634755450128818, -1.0094034189244803, 1.983953508996183, 0.017492414760094808, 0.007374949192833789, -3.9843208863223705, -1.9961254533648882, 1.0178805114698528, 0.9910875621586741, -1.0122928981060095, 0.01903064947465924, -0.9817519200795035, 0.001741077856596042, -1.0007554591941952, -0.992294188583758, -1.957069701877983, 0.9585064020503989, 1.9698986352728416, -0.006476875850263856, -0.023523521055024157, -0.8975257011900306, -1.0134051462340306, -0.9634549771618278]",15050,0,0.07965803146362305
rastrigin,30,5,70.22792510025093,"[-1.9793511906282484, -2.041264888372625, 2.0037498443557444, -1.9690173329104643, 0.02621919195939773, -2.0116715452404885, 0.9949922958237664, -0.04046426511684843, 0.061625220232271086, -0.9936774096761641, -2.069209258037473, 0.9971878361654632, -0.9473282535357427, 0.03457787336748424, 2.089337012531412, 0.010521415764843556, 0.15177710790176138, -1.0579517708838402, 0.08758397128636443, 0.017981318140571807, -0.002103191701722672, 0.8955976479521499, -2.9078411197064726, 0.9451820871244035, -0.011304379501808877, 0.02336808862339811, 0.04458624486407935, -0.9935788772113163, -0.020744679846032225, -2.9806539855054646]",15050,0,0.07926487922668457
rastrigin,30,6,73.30492957193081,"[-0.9834263400092785, -0.9952132264089614, 0.9974277986640527, -0.008862633400218787, -1.9882821397691046, 2.9790878474612232, 0.9915030634687347, 3.9741352146095945, 1.9659990412362731, 1.0115155926640687, -1.9922929059051766, 0.9800671609521631, -0.9933732203651118, -1.984948225727949, 1.008157000116503, 0.9961800702075467, -0.013827685816620337, -0.01615449491096062, 0.9946660681239062, 0.995166582656419, -1.995490790106464, 0.002084692110314929, -0.9979962856894566, 0.010720407195532066, -1.0268946876102727, 2.98440326245213, 0.009511787206210258, -1.9972249404472326, -0.99353987422188, 0.9879648217952482]",15050,0,0.0787801742553711
rastrigin,30,7,52.99688783104881,"[-0.008679896426755119, 1.0151980417195903, 0.006773497821503959, 1.988064821914102, 0.9723751706396344, 1.000948302391887, 0.01637577278097641, -0.9953112664420697, 0.01401000579066702, 0.03948173779800322, 0.0005358057541016818, 1.9869139853561433, -1.9800389968532226, -0.004333013348513654, 1.9816829792603106, -0.9800365855760875, -0.005737438034187314, 0.006707780581348631, 0.9706149374711707, -2.0029058609596593, -0.02465929153628523, -1.1722243752698704, -1.0416218078942614, -0.9593754152479886, -1.0104501267184463, -1.9740837608276662, 0.00038061658252854555, -1.0113579976672304, 1.7907406943833564, 0.0029477687088751954]",15050,0,0.08369278907775879
rastrigin,30,8,92.33666862910735,"[-0.11550725284112402, -0.9754793219228979, -0.027715336451695355, -0.011833913925326192, 1.0420635841693093, -0.020904386596306185, -0.0008384132050375315, -3.983795276520042, -0.9959237111092643, 0.9822344837303355, 0.003345506760606117, 0.9945046646303176, -1.0051733074887745, -1.993090402126776, 1.9881887348806768, 0.984355327427535, -0.9779778578563378, 0.0008576108936470591, -2.983223612360646, -1.979579134946063, 1.0015529861899763, 0.9935991468272632, -1.0106523670300762, -5.12, 0.009252832147994314, 0.9832473384612309, -0.024722303186033388, 0.9926799514107029, -0.987257954812731, -2.980532023296145]",15050,0,0.07877135276794434
rastrigin,30,9,98.37672004569242,"[-0.04696101384218052, -4.0007359785549355, -0.003373382458446889, -1.005593750078833, -1.9787832562613579, -2.0165719733458953, 0.027262237605576053, 1.9841092351818699, 2.9779248045051507, -1.9918549340412217, -2.9782075950837434, 1.0101529931490016, 1.9912597663159495, -0.007886580637361668, -0.9925201586138555, -2.0278621961239938, -0.993969490495578, 0.9817285188472573, 0.024305030585441884, -0.05221566471627432, -1.9850778821068094, -0.9934250447878848, -0.9975598870375069, 2.003972380813316, 2.0279130490374704, 1.0407834743414393, 0.9730354509415968, -3.963556796110597, -0.01481810565598151, -0.9887133343436344]",15050,0,0.07885289192199707
rastrigin,30,10,95.3470134167955,"[-0.9648608509303027, -1.9929319206297982, -0.028627326386118264, 2.032676931126584, -1.003379321710126, 3.020523093238155, 1.0003250528938066, -0.962955345279162, 1.937330708047556, 1.0308913882788615, 0.9857624841154949, -0.9638249554306653, -0.0011534917119330078, 1.9831066782295905, -0.13770574728168158, -0.010292444755954568, -1.0078334535346902, 5.12, -0.9953210855650377, 0.9971057427652615, -0.027154541762114973, 1.9480159049029295, 0.015350468799362423, -1.9953551619801657, -1.9284426239665253, 1.953901468715175, 1.0338677843220592, 2.01143653440931, 0.9941751707691474, -0.10239195342563867]",15050,0,0.08121204376220703
rastrigin,30,11,78.96225261471497,"[-0.014383060251459844, -1.9733611519781562, -2.0241067336447265, -1.006838678126736, 0.9640316577764231, -0.009776783393046313, -2.97706721632164, 1.9779202999538648, 1.0171381800085506, -1.9087487421214338, 0.042008308497879454, 0.004557767727827028, 0.9773891909449093, 1.0511750649710818, 0.9791233517769651, -3.058709858550634, -1.9796981945400485, -1.9645929238128046, 1.0400589407779905, 0.004156232286387973, 2.9813658353991137, 1.0492048729673213, 0.0038814123645024377, 1.9530015210101486, 0.014074823194245406, -1.0995162919200896, 1.0068524059184876, -0.9031994179609631, -1.9878651154493738, -0.0006893528283808208]",15050,0,0.09303784370422363
rastrigin,30,12,53.21754765266596,"[0.04171064821976363, -1.0715010704696875, 0.0060479725492786065, 0.9817480662507779, 0.016378582286195188, 1.9856265621908742, -1.9595284005245632, 1.0923426343008829, 0.9953521083953456, -0.00015209820402876088, -2.002507764657669, 0.03134552804692993, -0.000499354804575157, -0.983210843785065, 1.9787053182332617, 2.912907614389601, -1.9825284368154974, -1.0102889876992527, -0.9701451706330809, -0.016376163149180268, 1.9818429372569397, 0.9891275965182807, 0.0032059115869705265, -0.0016417434050097755, -1.9913077857609376, -1.000917359771592, -0.015936701690472142, 0.9595329334730406, 1.0041259222457388, 0.0075530721353546885]",15050,0,0.08226418495178223
rastrigin,30,13,82.33338278403698,"[-1.974213668447835, -2.0011174380376424, -2.9152443648154343, 2.0021819036579047, 0.0005180457300249849, 2.9816239757565772, -0.980150494981635, 1.0109381646917235, 0.02721598810398867, -1.94041412187325, 1.0335629663122639, 0.9952780058389612, -1.0225114578972292, 0.027251088845166575, 0.9785622994250722, 1.991154035343179, -1.0566811209508453, 2.0178201490935677, -1.996289250997017, 0.007532738762431364, 0.004936332078207574, -0.9989622693847774, -1.2735917918697688, 0.011370173821351214, -0.9567244509162215, -1.0428364176656222, -2.0188427243205225, -0.9847204451014293, 0.030346483112597, 1.9676343250683983]",15050,0,0.07796406745910645
rastrigin,30,14,72.66407433189633,"[2.003218079109467, -1.990036338867076, -0.024618883184719796, 1.0056873348140514, 0.9990503794682872, -0.9790464793161009, 1.989913127991132, 0.0035606995826154733, -0.9474481411986754, 1.973266943148769, -0.987167328563989, -1.9898489404976543, 0.006648224963499741, -0.014340132033785476, 1.0176950164324265, -1.9865704675308646, 0.014321971356420972, -0.026336868305654598, 2.769136971605233, -0.004469417709334276, 0.9861387958072031, -0.006765092213747076, -1.0283987635758067, 0.0020889868435397542, 0.19695086942100093, -0.0038213204964029058, 0.9845170540831255, 3.0664004677478705, 1.984759120177905, -0.990867968896195]",15050,0,0.07872366905212402
rastrigin,30,15,84.54820970334757,"[-1.0285554014763607, 0.009152935328261624, -0.04460572647833479, 0.9872555009836239, 2.04692923749694, -0.007209959793033552, 0.09693704536125856, 0.07511778453658581, -2.9131530967428976, -0.018944466388863157, 0.00998718440004437, 0.029391906239284345, -0.06246868824539313, 1.0477582403510932, -0.9850509410993232, -0.026612546904934982, 0.023683714496778186, -0.00248652378252547, 0.006207220005950816, -1.118765257314367, -1.012746612345056, -0.015014902519950867, -2.9453584252805203, -2.010820338636947, 0.8627197312698737, 3.0121032181510365, 3.9813187369208847, 2.9897047714824816, 0.01671676241950784, 1.9900888035354996]",15050,0,0.07755422592163086
rastrigin,30,16,78.83684861387783,"[-0.15358142369941058, -1.9706367389836594, -0.0018539287479695217, 0.979955905554527, -1.9973824522680477, 0.9961144228617003, -1.013809157888734, -1.0088894144081284, -1.0018196746303012, 1.012898108448943, -0.9968175055598489, -0.00683456644451824, -0.9970312529406671, 3.0210173443379094, 1.987385794477309, -1.9796625429994135, 1.9822069938647267, -2.003680731162116, 0.005690277757966054, 0.9483166619646345, -2.0004668898654248, -0.004202145415344154, -1.9972088219606428, 0.9725915118581067, 1.98304588920624, 1.9940087605089054, -0.859363406404384, -2.9992758405922735, 0.02847891925489381, 1.0060781901818014]",15050,0,0.07835078239440918
rastrigin,30,17,89.7585101441783,"[2.000696142360546, 0.9883159889392156, -0.9835812986493903, 0.015259633295183947, 1.9978104996117165, 0.9917765257716552, 0.9835660679689122, -1.0001866741922685, 0.9738067313427845, -0.9950040787444897, 0.9903361078213934, -0.0030140647593044872, -1.0001731800816251, 0.007246978320396056, 1.0078767976847234, 0.003876296719834441, -0.9987751499380851, 2.981201697740665, -0.002570329215607652, -1.9833744048437714, 0.0006134195723653292, 2.0856241404949776, 1.9805858008704795, -0.9798103728045147, -3.9837591116579163, 0.002456600636230934, -0.99497141566721, -0.9943508805920469, -1.9846582464170248, -4.9883351683072945]",15050,0,0.07846212387084961
rastrigin,30,18,61.895280249185106,"[0.010223125165144013, -1.126568375291966, -1.9146990905365258, -0.03214163162632831, 0.9796355677101619, 1.9762457511551295, 0.017183695391165068, -1.0029585906212777, -0.048387063878330215, 0.011881161186196884, -0.8029896326284974, 0.9975121456775349, -0.9600804696657087, 0.01816967009018289, 1.971856238117457, -1.0048393867249839, 1.0663019082058516, 0.01808325936996857, 0.013629217133267056, -0.776771987578175, 0.0021393248070743724, -0.02161257668075934, -2.0179294994373866, -0.04028412292424573, 1.9507636148125178, -1.992043555084725, -1.0019313241334151, 2.0660461151273366, 0.981500759902112, -0.004168033258154546]",15050,0,0.07784819602966309
rastrigin,30,19,68.02521902027513,"[-1.9632440211687958, -0.9741775886107898, 1.983704116939797, 0.9898352961184202, 3.9635788700351506, 1.0051312370624583, -1.9745560526460892, 0.010681372479559534, -0.00630426821178079, 1.9970343280423184, 0.02491769222587944, -1.9965430982363739, 2.057953486848383, 0.001683669933718796, 1.0231155284050257, -0.0033141730422243374, -0.019895149356736478, 1.9487901202944948, 0.014658894577985979, 1.9941387076561845, 0.024724110182530873, 0.0077976517396191975, 3.0012495741245004, -0.9811284792142013, -0.005973443898432564, -0.997192844023987, 0.9863672650908623, 0.9786078962378069, 0.00022669094134695648, -0.9987413387515907]",15050,0,0.07895684242248535
rastrigin,30,20,64.42377759304046,"[5.0728817157535966e-05, 0.9563196075323386, -0.04275862881323995, -0.005570216016082399, -0.9902979995048693, -0.006953674626071057, -0.0027606327049790116, 0.00025084425212528426, 0.025875472661938723, -2.999641455390898, -0.002790119372402065, 0.9836739308852642, -1.0107683227181488, 0.9800905228225847, -1.016567554035093, -1.994502895146076, 0.007925188402684868, 3.042744153937809, 0.9982625804022046, -1.9656297054856124, 0.028954007711690016, -0.033832352322005724, -1.009440344544114, -0.9052781268517563, -0.9727180444638588, -0.9966779558464393, -2.007936227753482, 2.9894236119053064, 2.942691921930336, 1.0384650067471513]",15050,0,0.0811767578125
rastrigin,30,21,65.38770495903441,"[1.0331568868841379, 1.9610177767113557, 0.06546853463664712, -0.9827511669637009, 0.052123451224434465, -0.0901862405994848, -2.0118351035980644, -0.9986511655867447, 1.0181939259453023, 1.007740125213866, 1.9346015958092517, 0.034520887182655204, -0.054263561276130384, 0.9573916059715369, 0.9628289129719461, -0.003857887720724238, -1.9373039329601667, -3.005043573183957, 0.9241637942655259, 0.9718826813780859, -1.0085346472730699, 2.1639108370077813, -2.0788645485734865, -1.0131635338675529, 0.9603050070541614, -0.8861848005774463, 0.984389169000447, 0.02771760198169991, -0.05130996068937635, 0.9900157192114644]",15050,0,0.08271598815917969
rastrigin,30,22,76.80232391464884,"[1.9823448848393015, 1.9997705014759584, -1.004049110303638, -0.9780302932173051, 1.0271612073009422, 1.9859631226275194, -0.9465384576362985, -3.0253705163260385, -0.9838124985210179, -0.020147807683199022, -1.9849485127351187, -1.0048333636541418, -0.0037291044847454235, 1.9904901411889804, 0.9977065055476352, 1.0041449962313467, -0.03334633158661898, 0.018087559338918542, -0.9996011705749097, -0.996554907457995, -1.9704160545220086, -0.9733492959217748, -1.0033158481654043, 0.06261001612216392, -3.941974621083303, 0.011809761997289793, -1.9948920920516675, 1.995751360444176, 1.0285969491283915, -2.01735191855641]",15050,0,0.08178091049194336
rastrigin,30,23,73.64302659781947,"[-0.98972753434656, -0.020599821434513978, -0.0012628081107766047, -1.9573093767971357, 0.013512341731192031, 1.0026315552888552, -0.9995809334961667, 0.9987820236716385, 1.9796514349036676, -0.8522387030351126, 2.00636279652743, 1.0050817243495542, -1.027161620333199, -0.005453311479366384, -0.9894452648436451, 0.015263716653358891, 0.9873472717876188, -0.9999415262109012, 1.0027895149036805, -1.9962176823727105, -0.04264488035315711, -2.964306928404078, -0.9968454338167926, -0.9913645769190318, -0.9903946117268667, -2.9801172590951843, -1.9832617509098736, 1.9836387782442206, -1.9817523093824678, -2.99470922257774]",15050,0,0.07864999771118164
rastrigin,30,24,63.55887126870607,"[2.036524675610879, -1.0179665062988354, 2.0094814316427265, 0.9935533932470875, 1.9840977247728986, -1.9724157167859675, 1.0088331746779096, -0.999144256362993, -0.9893805590446528, -0.03911380253409121, -2.0043580221211865, 0.017144378834308357, 2.980883265958362, 0.8962984585001114, 0.010982444076938037, 0.00620812701418888, -0.010679034562288848, 0.9859429874964245, 0.9839403038820297, 1.0265008426453432, -2.939633434065045, 0.00640866678977998, -0.012593095156185456, 0.9719053444190517, 0.9969970384169027, 0.9913280491865778, -1.9950153367520502, -1.003206547655288, -1.9991219592005458, 0.9973325152066757]",15050,0,0.07954096794128418
rastrigin,30,25,56.49035813419911,"[2.918656416429814, -0.011044481282009137, -1.019967678307554, -1.9665978946926355, 0.0012115582200257291, -0.01818778492231861, -1.0036129468457835, -0.07951170064039449, 1.0342265521596548, 0.01173502836315113, 0.974433229169374, -2.0194631197217334, -0.008275531419207215, -2.0327512347952945, -0.9799402079079341, 0.007879041406920188, -0.9848085902971291, 1.0077875930668834, 1.9843571044681156, 0.9881474377727595, -2.045111861775794, 2.00256726751274, -0.997810891626773, -0.0038310848620275056, 0.9638690314997745, 0.991322943457901, 1.0115404868588158, -2.066950956133758, 0.9694034776779048, -0.9759776374394503]",15050,0,0.08001995086669922
rastrigin,30,26,66.13447557601103,"[0.9870538223647766, -2.0010886712655505, -0.9831599660418504, -0.01431305631682445, 1.9908862974757056, 0.9978222921193912, 0.00043907419677226105, 0.00046359167997996314, 2.9845859490351803, -0.008547394840164826, -0.9988709690564523, 1.9868701435756988, -0.9859434053954992, -1.983468040980899, 1.012087585478431, 0.002537780930826691, 2.962251877310809, -0.9865201632549084, 0.9820201138756004, 1.9884734896699792, -1.9839363016224578, -0.006473105391486011, 2.971595131708587, 0.006004181928930304, -0.9963701733450685, 1.9894884657343235, -0.9820784009264362, -0.9864222724291509, 0.004516190235371392, 0.0005589930727577081]",15050,0,0.07960391044616699
rastrigin,30,27,97.67596068875278,"[-1.9752852986306133, -0.9645720193763371, 1.982756996684558, -1.9969793310393653, -2.9841201880391863, 1.0028638309882103, 2.998363237986388, 1.0052992728691348, -1.0041715280832006, -0.008847087765277293, -1.0064981663049744, -1.9767194569759918, 1.9816688304454797, -0.9706087195677868, -1.9973990776732546, 0.9860889785420452, -1.984469203614548, -0.013671086843202486, -0.006039842234639865, 1.0162369205432953, -0.999943174493707, -1.0144001576514505, 0.8971682472642224, 3.9608986041810987, 1.974350514983245, 2.9924648944055576, 1.0325762552784092, -2.001608172764805, -0.020880675862344506, 2.0005505197343854]",15050,0,0.0785222053527832
rastrigin,30,28,90.53973493464136,"[2.0001828870103804, -0.899105291387404, 1.9937418228200439, -1.9755404481610277, 0.6728380297300535, 0.9727468021285313, -1.1609085631602902, 1.0560303712999817, -1.9237267539659477, 0.07882974795779174, -0.9985390315240357, -0.6335432423877008, 0.00585764165470303, 1.0117506260529225, 1.003188341434258, 1.0067983346998066, 1.0106474024482772, 0.9979767143092342, 2.010767973106256, 0.008364426166567778, 2.0019131522174125, 0.051349649303976626, -0.00613399228832485, -1.9086928342498806, 0.006357747864386306, 0.04818806226496741, -1.0457549837278033, 1.0565368897077552, 0.9923888162458977, 1.9791635604505873]",15050,0,0.07756590843200684
rastrigin,30,29,77.59083011825223,"[2.063481762736064, -0.9943248311707615, 1.015942066189289, 0.015973080362605217, 1.9928229804912174, -2.0105485379652754, -2.0195489788265055, -1.0166358259900174, -2.9913782850048265, 0.987635200374627, -0.996655161709941, 0.985258354399218, -2.8798625032709095, -0.0008065106341584135, -0.03937487292806219, 2.976791657282597, -0.9736976624796508, -1.980689135219129, -0.9968025371659235, -0.9970419145524452, -1.0057409672107838, -1.9989912350261594, -0.9372907037606569, 0.9892278271403114, -1.9782807486290894, -1.0005520636993153, -0.007251559799197445, 1.9846215343499143, -1.012696934332378, -0.01975267332555662]",15050,0,0.07711386680603027
ackley,2,0,2.9649071315862585e-05,"[-1.0302380856697834e-05, -1.929428507599617e-06]",2190,1,0.01366114616394043
ackley,2,1,2.445722657329341e-05,"[8.040028903216962e-06, -3.1804489676891777e-06]",2550,1,0.015573978424072266
ackley,2,2,6.677651979858368e-05,"[-1.0585421611641264e-05, -2.10971362207387e-05]",2610,1,0.015922069549560547
ackley,2,3,7.748263953333279e-05,"[1.4397488250432737e-05, -2.3297433846787303e-05]",2370,1,0.014420032501220703
ackley,2,4,4.1319238569759165e-05,"[-1.419402302782805e-05, -3.4468773064044595e-06]",2160,1,0.013180017471313477
ackley,2,5,8.154583034114538e-05,"[2.538008503469313e-05, 1.3660734365980869e-05]",2520,1,0.015334844589233398
ackley,2,6,8.800264683772596e-05,"[-2.8606441339539083e-05, 1.221323181444154e-05]",2580,1,0.015705108642578125
ackley,2,7,8.668586741622519e-05,"[9.02231808014028e-06, 2.9280728614660926e-05]",2400,1,0.014650821685791016
ackley,2,8,3.0103863086772265e-06,"[5.982395266457136e-07, -8.802783552471958e-07]",2370,1,0.014367103576660156
ackley,2,9,9.411028094463703e-05,"[3.324738250639507e-05, -1.0057966922436652e-06]",2520,1,0.01584005355834961
ackley,2,10,6.407377280881477e-05,"[2.2645109564881864e-05, -4.015966833847389e-07]",2520,1,0.02337503433227539
ackley,2,11,4.486436834527652e-05,"[1.3656280978984186e-05, -8.06426167830501e-06]",2430,1,0.01686692237854004
ackley,2,12,7.981776675736185e-05,"[2.8201702601895267e-05, -7.749764658980377e-07]",2610,1,0.01745319366455078
ackley,2,13,5.57567419403604e-05,"[-4.138504727616642e-07, -1.9704982575147764e-05]",2640,1,0.017075061798095703
ackley,2,14,4.973904458838163e-05,"[-5.572223225639762e-06, 1.667616692586196e-05]",2910,1,0.01955413818359375
ackley,2,15,7.65622180165515e-05,"[-2.678589978553106e-05, 3.855387024841465e-06]",1920,1,0.013217926025390625
ackley,2,16,7.640499046646099e-05,"[2.469241237902125e-05, -1.093751200858921e-05]",2490,1,0.01576519012451172
ackley,2,17,8.416549851064659e-05,"[2.738793167778443e-05, -1.1613970317835777e-05]",2490,1,0.01584005355834961
ackley,2,18,5.431939058242463e-05,"[1.4607123325096138e-05, -1.2462871347117632e-05]",2730,1,0.01726698875427246
ackley,2,19,8.719302468707113e-05,"[-2.085160755738261e-05, -2.2693329122725968e-05]",2790,1,0.017461299896240234
ackley,2,20,4.561548762938017e-05,"[-1.4417324098903173e-05, 7.22207741069765e-06]",2370,1,0.015069007873535156
ackley,2,21,4.927493528983362e-05,"[1.5518880806089692e-05, 7.909944887049417e-06]",2460,1,0.015986919403076172
ackley,2,22,3.668769932163585e-05,"[1.2720811749814394e-05, -2.5275045519008814e-06]",2370,1,0.017634868621826172
ackley,2,23,6.010983026216721e-05,"[7.368317281381399e-06, -1.9929280524743915e-05]",2460,1,0.01648998260498047
ackley,2,24,5.1059018162380454e-05,"[-1.6737349017544787e-05, 6.754875608516991e-06]",2760,1,0.01935410499572754
ackley,2,25,8.426666597971533e-05,"[-2.196938086308403e-05, 2.011113137215412e-05]",2310,1,0.01563286781311035
ackley,2,26,9.486945691294935e-05,"[-3.328165721458521e-05, 4.080204588922614e-06]",2730,1,0.018257856369018555
ackley,2,27,8.004715883247471e-05,"[5.573775623656375e-07, 2.8287917230595284e-05]",2310,1,0.01625823974609375
ackley,2,28,8.87988100903847e-05,"[1.2822636238504786e-05, -2.8647012989372e-05]",2430,1,0.01581597328186035
ackley,2,29,4.070014031798408e-05,"[-1.4375346964004603e-05, -5.96652238773305e-07]",1980,1,0.012655019760131836
ackley,10,0,9.946573824182181e-05,"[1.7364193896264802e-05, 6.056034034548517e-05, -2.98386124032619e-06, -1.0180541139792265e-05, 6.581617813087863e-06, 2.1013918738312675e-06, 2.762946850289612e-07, 2.9245202053240494e-05, 2.096287776683534e-05, 2.7480062718874556e-05]",8250,1,0.05267834663391113
ackley,10,1,9.807815191154035e-05,"[-1.2093212514909017e-05, -3.646607543177235e-05, 1.8360656430957328e-05, -4.5257567328942794e-05, -9.914483583024336e-06, -9.695061188149e-06, -3.117448195560834e-05, -1.1797872370029625e-05, -1.577999368573873e-05, -2.4381062003332826e-05]",7560,1,0.048696041107177734
ackley,10,2,8.129386665745031e-05,"[3.184286701368853e-05, -6.374101229199358e-06, 7.538418754233254e-06, -2.8090101657573876e-05, 2.489134496158008e-06, -4.0681811973194294e-05, 1.5097779428652548e-05, -2.0920257106666208e-07, 4.953477415472445e-06, -1.771979104466978e-05]",8580,1,0.055329084396362305
ackley,10,3,9.468134148393759e-05,"[3.083749151453549e-05, -2.6276205872417676e-05, 2.492532955827695e-05, -4.31972856890825e-05, -4.801263635122469e-06, 2.452151481179958e-05, -1.1203937560589272e-05, -2.2093337822223995e-05, 1.1617721050868634e-05, -9.883297968520903e-06]",8820,1,0.05650210380554199
ackley,10,4,8.945641537794202e-05,"[-1.1659799710648544e-05, -1.1579557529131959e-05, -4.22186454525216e-05, -3.0014222418720812e-05, -2.0539468414599688e-05, -6.876008664746085e-06, -2.1226480316757907e-05, -1.0584796109900233e-05, -1.8505929552751232e-05, -2.5904254451984258e-05]",8550,1,0.05388331413269043
ackley,10,5,9.064878527142994e-05,"[-1.6206480441944763e-05, -1.3220786718068297e-05, -1.572847045406812e-05, -5.825346371670438e-06, 7.349996769535746e-06, 5.1635665153157565e-05, 1.790705589201441e-05, -1.023579552896856e-05, -3.371468808323528e-05, -1.146809375654686e-05]",8580,1,0.053405046463012695
ackley,10,6,9.421497216921537e-05,"[-1.4641965390149333e-05, -2.4397109938024942e-05, 2.033343625905334e-05, 1.1466299254168634e-05, -1.0200143349897159e-05, 6.017001941534274e-05, -1.5178953331614728e-05, -1.0289495749920318e-05, 7.0751371214766836e-06, 8.88675605845183e-06]",8520,1,0.053527116775512695
ackley,10,7,9.252170559337358e-05,"[1.1457065847959736e-07, -1.1985965020489814e-05, 3.480506546974501e-05, -2.06038879342068e-05, 1.070526141795902e-05, 4.9551199102085325e-06, -3.534776833236605e-05, 2.036734036010987e-05, 3.755788980423942e-05, -1.8794680619235505e-05]",8430,1,0.052889108657836914
ackley,10,8,0.00013245712548526356,"[-1.2698532010906741e-05, 9.68510095146098e-06, -1.2345185948542406e-05, 2.6620175860358095e-05, 6.558749171974048e-05, -1.9176467748987764e-05, -4.9733537879672707e-05, 3.393836648772879e-05, 3.343857477300332e-05, -2.066336612083083e-05]",9030,0,0.05678677558898926
ackley,10,9,9.44659807093906e-05,"[-4.014385642699448e-06, 2.0833797429914827e-05, 1.7396833781079295e-05, -2.4170441228687505e-06, -7.811258530842246e-06, 2.1107000120227673e-05, 1.1124140838038181e-05, 3.9666840526039445e-05, -4.6585860433392256e-05, -2.1006214939445964e-05]",8370,1,0.052618980407714844
ackley,10,10,8.939245821126818e-05,"[2.521663997084797e-05, -9.704003024050364e-06, -5.694347297659838e-05, -1.511811545646932e-06, -1.6942523244177415e-05, 1.0353329590254063e-05, 9.081921610225184e-06, 1.910379065056382e-05, 1.3084744611505298e-05, 1.9062640898134857e-06]",7770,1,0.04845023155212402
ackley,10,11,9.771630469090908e-05,"[1.285252013607272e-05, 1.8882344739655767e-05, -1.2704385224001175e-06, -5.6935144962111525e-08, 1.5098620746507168e-05, -4.607117427014251e-05, 2.6270681942407956e-05, -3.242093513036963e-05, -1.990627573396906e-05, -3.086299065689338e-05]",8580,1,0.053843021392822266
ackley,10,12,9.45692504257245e-05,"[-1.1303287201817141e-05, 4.888650906094738e-06, 1.0115932710895557e-05, 3.4433380284266934e-05, -3.9658886888239476e-05, 1.9397431003103732e-05, -1.1653841355142862e-05, -3.951560174978741e-05, 2.445970868266208e-06, -2.2227349517533492e-05]",8280,1,0.05208897590637207
ackley,10,13,9.684653057862036e-05,"[1.1275750460808462e-06, -2.3187734188130783e-05, 3.234940552234169e-05, 2.057159698789521e-05, 2.5998050202801535e-05, 3.567928560093984e-05, 3.086644342369208e-05, -2.124360051437623e-05, -2.0332527348677063e-05, 9.126257201185107e-06]",7560,1,0.04711604118347168
ackley,10,14,9.778193567955284e-05,"[-9.801223482367676e-06, -1.5086786431241913e-05, 2.6295447531340293e-05, -8.650060413693698e-06, 2.7624243823710268e-05, -3.372188416841838e-05, 1.1825082952814535e-05, -1.6991128631761798e-05, -5.013266935602364e-05, -6.316722080570316e-06]",7890,1,0.04969215393066406
ackley,10,15,8.850193402354378e-05,"[-2.759596640063185e-05, 1.309132358467851e-05, 2.1501509947505036e-05, 2.2723988977865502e-05, 1.1515048446417512e-06, -8.441996705912658e-06, 4.604834108016096e-05, -2.5623820687981063e-05, 1.0162895689585745e-05, 5.288270009979717e-06]",8280,1,0.05172586441040039
ackley,10,16,8.222708670446721e-05,"[-3.186151216405542e-05, 1.7521441507146147e-05, 1.3220500682834184e-05, 9.067461286644109e-06, 1.8087265153531166e-05, 9.56202499484681e-06, -1.969498659223267e-05, -9.427150906927338e-07, -2.707913338162536e-05, -3.3221943072122056e-05]",8220,1,0.05212712287902832
ackley,10,17,9.462629170942094e-05,"[4.463879176957389e-05, -2.280513085580319e-05, -3.274306569964113e-08, -1.0895052822836664e-05, -5.0821580055985124e-05, 7.111639484509122e-07, 6.699626149617575e-06, 6.5402960442524534e-06, 8.323886983964861e-07, 1.702118705201324e-05]",8010,1,0.0507509708404541
ackley,10,18,8.593964845049484e-05,"[-2.3792557844935425e-05, 1.7553224733385285e-05, -1.759605294907474e-05, 4.2178282286869297e-05, 4.526607475246911e-06, -4.138371732522416e-06, -3.127026804715818e-05, -1.794360525824383e-05, 5.524578949106105e-07, 1.768675465773031e-05]",8460,1,0.05318880081176758
ackley,10,19,9.325769707091425e-05,"[-3.63494225108847e-05, -3.4567136147954655e-05, 1.4043442250698845e-05, -3.4285295307386984e-05, 7.0020652163670984e-06, 9.266169268448239e-06, 7.83168173840422e-06, -1.4485160782585079e-05, -3.1409798852785283e-05, 1.2278569765355157e-05]",8310,1,0.053105831146240234
ackley,10,20,9.637293740327735e-05,"[4.8893584850697705e-05, -1.0879894991071263e-05, -6.345725790243438e-06, 4.488462873283291e-05, -1.157487046312896e-05, 6.327916018520648e-07, 2.7780380714609308e-05, -3.369415681844619e-06, 5.872113094129738e-07, 1.787288324389953e-05]",8700,1,0.05570793151855469
ackley,10,21,9.732108544868723e-05,"[-2.193505509229398e-05, 1.6201794583617025e-06, -2.7954081388354468e-05, -1.573031384153515e-05, 6.338344589363487e-06, -5.508659448577565e-05, -2.8918426030578196e-05, -6.092779704279869e-07, 1.189268968581348e-05, -1.8717738995666155e-05]",8460,1,0.05437421798706055
ackley,10,22,8.787115723807304e-05,"[-2.203040486246729e-05, -1.641110725815627e-05, -2.869843597232618e-06, -2.4056903447928205e-05, 4.758637551109579e-06, -2.2180951325038583e-05, 7.991013787436899e-06, 2.56752832506629e-06, 8.195482392303327e-06, 5.3189560330714894e-05]",7950,1,0.05031394958496094
ackley,10,23,9.519949074077161e-05,"[4.310845323088298e-05, 1.1285476883390781e-05, -1.1076504760847513e-05, 4.46268386324887e-06, 2.378346995984933e-05, -2.168309578979988e-06, 4.134384542511574e-06, 4.782100015747957e-05, 1.67266472537058e-05, 1.9451742630927145e-05]",7260,1,0.04566502571105957
ackley,10,24,9.669684913449217e-05,"[-1.9246313761473764e-05, 2.0224960665767698e-05, -2.6229549499910386e-05, -3.871210986221914e-05, -4.508363312605649e-06, -2.4042102714962527e-05, 1.6142706984312214e-05, -1.5847675620222632e-05, 2.67995995170597e-05, -3.233848847821354e-05]",7860,1,0.04934406280517578
ackley,10,25,9.433029172045693e-05,"[2.3432238628759997e-05, 2.8731854388807506e-05, 1.8286567113131176e-05, 5.531660037012674e-05, 1.4432208550782478e-05, 1.1451143934371972e-06, 5.662739167308451e-06, 1.2349203694324496e-06, -2.3028289866880224e-05, -3.934470949384728e-06]",8850,1,0.05559659004211426
ackley,10,26,8.667103615112026e-05,"[-5.833699449652851e-06, 1.8490802231920482e-05, -2.0751563571158536e-05, 2.0649583393754114e-05, 9.125225285157498e-06, 4.8633793347157195e-05, -2.6584421229511376e-05, -1.565707365283391e-05, 5.920522374832688e-06, 4.877788813897951e-06]",8250,1,0.052162885665893555
ackley,10,27,9.922476850521278e-05,"[1.0581989275817466e-05, 1.9596234071048975e-05, -2.9608703706713935e-05, -5.173639387886808e-05, -2.5125967000307594e-05, -2.931678727906809e-06, 4.944314199761571e-06, -7.843357565264668e-06, 3.136904389682717e-05, 1.975346344820267e-05]",8760,1,0.05707192420959473
ackley,10,28,9.831049812136783e-05,"[-3.0679634334447534e-05, 1.0086083439409234e-05, -4.291493267807528e-05, -1.0000074430226728e-05, -2.9128664757717774e-05, -9.53619824621381e-07, -3.535892988121869e-05, 9.626089250928009e-06, 1.4684769545968829e-05, -2.5377898141537424e-05]",8100,1,0.051930904388427734
ackley,10,29,8.730581559079909e-05,"[-4.605632991253232e-06, 5.1232770882098105e-08, 1.2479781939582481e-05, 1.82019883501608e-05, -1.6174822483337362e-05, -2.7325560101500143e-05, 2.9917010218507286e-05, -1.8646603362681565e-05, 4.473444524564891e-05, 8.350140405228893e-07]",8460,1,0.05440402030944824
ackley,30,0,1.6390496931674297,"[0.11342237805570443, -0.025508074361211226, -0.05273703543421233, -0.9330013355507514, 0.06688165765737487, -0.008913761841991857, 0.07801748202011304, 0.0030802779444998197, -0.810540603280119, -0.07816749043064444, -0.008526771623699947, -0.0108641613257566, -0.009000833998521978, -0.9026199763133975, 0.9327832803533253, 0.00261615149645298, -0.021571471378479267, 0.03074502090259412, -0.011139284239083854, -0.014059486459440898, -0.01994334631113232, 0.05643235742277968, 0.040576359223035104, 0.006918204146805581, -0.016903627448885017, -0.08599821620806118, 0.04356363981801529, 0.13250305532597764, 0.8879960348440737, -0.016844029768107414]",15050,0,0.09998798370361328
ackley,30,1,0.4586658477834189,"[0.016954425932593435, -0.024607668564454666, -0.023516646765857536, -0.058057921851482265, -0.11900567277575824, -0.03668713285751238, -0.046841527395709306, 0.0056843647991125495, 0.03758122008135557, -0.0821724957928385, -0.13448634339770957, 0.02610083762852569, -0.040787121950229814, -0.04213838783316659, -0.069882734535758, 0.004975715900394634, 0.0388384124366437, 0.0040784056298553435, 0.12117633442187749, -0.03219082800719586, -0.0008047421954887543, 0.0030346264277076006, -0.053372928760579766, -0.06252257204525835, 0.018015831912780434, 0.06665386316628436, 0.01965859248348243, -0.16869287398048974, 0.0765586805284067, -0.04943203125468511]",15050,0,0.10106587409973145
ackley,30,2,0.5519226962624946,"[0.07674125722301994, 0.05444618638341789, 0.04586045307132784, 0.11351130468754587, -0.04969216158627335, 0.07453122848697723, 0.003661800513147747, 0.09003870542772985, 0.061212186138118366, -0.03108886936631755, -0.06058768909451775, -0.14730291551002517, 0.006945051689432503, -0.00875777969049196, 0.0017882023311181355, -0.03641904205920515, 0.03903879902013299, 0.08640569627227469, 0.01562684980230744, -0.07000508407721802, -0.10554927994109718, 0.028320812988535254, -0.020138355573040383, 0.08690608142820433, 0.04878457130047688, 0.11505558834748437, -0.1468845359482307, -0.0360667542795454, 0.004141944007834963, -0.12724189567518437]",15050,0,0.10016679763793945
ackley,30,3,0.3826423264119261,"[-0.04008619663533708, -0.015051935027237022, 0.04921481480452293, 0.006735214534686148, -0.0528628038001947, 0.07174491388613603, 0.08848746436313906, -0.013399097671856779, -0.02101298256077294, 0.009457548517547154, -0.04660464938946262, -0.047262046309736724, 0.07677481289339017, -0.10416734945576529, -0.013888120673337116, -0.056280219052632474, -0.005369528989978021, -0.03498586302757794, -0.13989829559286554, 0.02112653301344764, 0.01703859083743456, -0.024381887389076824, 0.010924669323608933, 0.05349882680837426, -0.06161425793416305, 0.011322742379512685, 0.13700599140488187, -0.04114283558936623, -0.0029402459896076443, 0.008903289342423439]",15050,0,0.09971094131469727
ackley,30,4,1.5569554243369592,"[-0.015631361772963853, 0.12211388048842181, 0.14026511837478908, -0.07296785504981142, -0.09075995310817692, -0.18352626998018198, 0.034320999591481736, -0.8466140962476234, 0.10294934780659708, -0.018293463417397862, 0.04625290042145037, -0.2607438447856593, -0.05157199326533256, 0.07529513433815863, 0.0011342972305837511, 0.01630084107744416, -0.7724980300811032, -0.05668827995414049, 0.05184410233729622, -0.046334563266557355, -0.0294550968933656, 0.8319723886996842, -0.09763332334190339, -0.04461544627058603, 0.05142684116018651, 0.15368683650029005, -0.1054036782204767, 0.006153082080132994, 0.07015952502348019, -0.017926205073514133]",15050,0,0.1078028678894043
ackley,30,5,0.9760895567692924,"[0.013979978005458216, 0.02833697069391357, 0.05414937753031045, 0.015983140092256168, -0.08064386481125355, -0.024083007951781473, 0.047298008459694674, 0.03697521499151628, -0.09220059007274314, 0.13480415881408864, 0.16037163676901356, 0.0068416245750528015, -0.023842135460093727, 0.04004149664887344, 0.025690643186516152, -0.0005780000554320014, 0.17221272340938412, 0.11324462820859682, 0.00957525930476262, 0.010106528124276006, -0.05433824394344888, -0.02266902295299239, 0.10393282715765385, -0.1103766628566762, -0.016253071971272272, -0.061923638157305706, -0.15443870596870224, 0.7665412308137292, 0.04729315129424928, -0.06155372556229616]",15050,0,0.10675287246704102
ackley,30,6,0.5724743891181459,"[-0.00599920417786412, 0.03387923128447033, 0.02035024235206688, 0.033900339140932226, -0.16625264007265286, -0.0771433260138665, 0.03759383323326705, -0.04678966394423263, -0.02062165869583884, 0.010689036236592075, 0.024845751657159312, 0.03209048127514449, -0.010181685147976363, -0.03339066284706483, -0.0853018239379316, -0.058575635989911334, 0.024035997950772273, 0.16534198784727705, 0.024910524805995784, 0.01225491965504393, 0.1601036593025497, -0.07073769956264349, 0.02249900384184697, -0.13127815521312955, 0.008745776281398965, 0.1583118454411286, 0.007221500121457305, 0.019489966585513885, -0.050329902106340946, 0.10998519789292803]",15050,0,0.10870027542114258
ackley,30,7,0.8836901312274787,"[-0.02246750023899978, -0.06513927574352124, 0.010579139846958963, 0.007038340997576617, -0.141261454805112, 0.007581405823605513, 0.13108382405067612, 0.24215937520646794, -0.032722657915967124, -0.0725184870164353, 0.04093839751802332, -0.029154767860991464, 0.00717580874148222, 0.07070787552838503, -0.06697894092342577, -0.08252658128968073, 0.020420220748616286, 0.1846150093445841, 0.20374717945606802, -0.20327492521140691, 0.001209780257442357, 0.0025018468759447025, -0.08040611814279466, -0.05334916842084745, 0.05162497314337766, -0.09826726982183438, 0.056322872918562084, 0.207018643131143, -0.11297510191018029, 0.022734091792924516]",15050,0,0.11268997192382812
ackley,30,8,0.787672169644257,"[0.02463410550302808, 0.018620399026972153, 0.11084277285046265, -0.005322304809295991, -0.012594630658211127, 0.1552194799723475, 0.0504377986897361, -0.12662153190116068, -0.01997687293045765, 0.023009360387041412, -0.18946821702396188, -0.008837649828900979, 0.16130828670122382, -0.0628688750462398, 0.010758347933997103, -0.11654948840562837, 0.07981658845631331, -0.06618230655248708, 0.022925423345506984, -0.19659603012730725, -0.037042815707820975, 0.07810595465694359, -0.13151291229758014, -0.06032337054265886, -0.1609250928198415, -0.026693786333993073, -0.020372960476488344, -0.11362758190362995, 0.11995862272473289, -0.0014168803899095115]",15050,0,0.09985685348510742
ackley,30,9,0.7233286351509141,"[0.19297552646719662, -0.07619438013250009, 0.02194426286682369, 0.11687461032456914, -0.1019406422793963, -0.040190573145566066, -0.17431509512278032, 0.13292540037596548, -0.1163710616751108, -0.07180776957574916, 0.017974499221310926, -0.007123081989593841, 0.15828759237228784, -0.004968299931229658, 0.020076100371440912, 0.057139438826100716, -0.08322676413458005, -0.0027121260844324008, 0.1688865374136856, 0.1326363143397683, 0.003427947708058307, 0.010282297094400284, -0.04822448586130185, -0.041468739172516436, 0.04352187587110438, -0.0032271328487006503, -0.07694585250065306, 0.019853793759449713, 0.034643670960703365, 0.08187402249707863]",15050,0,0.09842395782470703
ackley,30,10,0.379596745656436,"[-0.015593219753280471, -0.07270387708474332, 0.012575937095512454, 0.07152925119334726, 0.029924185492203454, -0.048906184626393956, -0.11472817692682505, -0.032662862595891816, 0.11132864379038838, 0.04759770262258897, 0.05824902837113449, 0.026060584612929448, -0.04740193699458768, -0.07968650523330419, 0.10016988558072426, -0.01425285148091877, 0.047270432248662286, -0.01930446446629272, 0.09555171853923426, 0.036655267474568175, 0.014503604371086946, -0.02637070804670822, -0.03927163312229157, -0.037119308320443724, 0.0723215517144706, 0.03197500746241938, -0.03345892663911962, 0.027185976477113336, -0.024129800514045164, 0.04105257967927896]",15050,0,0.09799790382385254
ackley,30,11,0.8873075850945722,"[0.1323757815769484, 0.0665612521204419, 0.0663907255878179, 0.9088597433148343, -0.06848948239415992, -0.14782178125103024, -0.13298392925570213, 0.005986400487286846, 0.032767666634053394, 0.03764820046051621, -0.03213951885657795, 0.007377313690785044, 0.02849374540416922, -0.011347352969881267, -0.05063209909373504, 0.05210684714326165, 0.006430316849457437, 0.009497197698439541, -0.027057973884780782, 0.0439250909675218, -0.029536031941403893, 0.046316789551598146, 0.07701831081129396, -0.07128939851703357, 0.06117742739279886, -0.01561859463836474, 0.04804483263096487, -0.037218137568731234, 0.045521584389271785, -0.03694309782626412]",15050,0,0.09814095497131348
ackley,30,12,0.8880027612690289,"[0.046611359963324314, 0.0900096526651156, 0.00820177529491084, 0.03054314387653627, 0.01646397464145386, -0.04789656669771535, 0.11186674084444242, -0.03365828656011504, -0.07649469059624125, 0.02541848887905701, 0.8142264733742779, 0.012617400201615094, 0.08092798530784995, 0.07337329044495682, 0.026160567943927918, -0.004355113333192898, -0.11068451580072475, -0.022472033319877634, -0.027620904685444057, -0.08419178289280091, 0.003301203377666387, 0.019716938198598766, 0.08096619226674767, -0.019378399149095334, -0.1833016311297025, -0.04307023797177846, -0.02247331876623286, -0.011846336957734894, 0.03004368347580745, 0.10343488949791269]",15050,0,0.0985097885131836
ackley,30,13,0.40069039823228225,"[0.035402047256524086, -0.017606318413021377, 0.05232383219375573, -0.029764156540343843, 0.1909335198562247, -0.04227995867081322, -0.03321397508084756, -0.01000964254159712, 0.0905933743025323, 0.0483365324558865, 0.018985754092661237, -0.008067440358345127, -0.10121310387051194, 0.005572931911140281, 0.019521292391692625, -0.016292840810897997, -0.00813659814873129, -0.004287941963712261, -0.021609956380302667, -0.11471051079480453, 0.057819770460146386, 0.037665843266251095, 0.035982741745802904, 0.021547069122536844, -0.007428539016721719, 0.007731471914527006, -0.00793438967805523, 0.06654963236558721, 0.10652490192043465, 0.00909412674611803]",15050,0,0.09805417060852051
ackley,30,14,0.53588981478357,"[0.04394202488326224, 0.048090608881931424, 0.10593386488868142, 0.02066695600239935, 0.023362944951173702, 0.026597171805027006, 0.04682652406791577, -0.014241435736211314, -0.06172802240655766, -0.006883723312169983, 0.07704109715807587, 0.014056599843955062, 0.05781640967257003, -0.060343592340498305, 0.06835481086717891, 0.07639604661720475, 0.082233151491416, 0.025392896843935454, 0.013870497928110181, 0.021140892064709184, -0.1297786980156451, 0.0834742827089797, -0.22156329086693427, -0.05108749903932431, 0.03969758828308891, -0.1097261341643613, -0.03896938662464018, 0.04884815484288915, 0.0576871930982094, -0.06997058475696344]",15050,0,0.09767699241638184
ackley,30,15,0.5222586794456316,"[-0.14042676834782428, -0.01811942627815389, 0.0833353583267108, -0.07248309571217366, 0.024344166739884338, -0.04418152083598209, 0.1234342779576443, -0.09796545577314454, -0.024332899519667814, 0.035304668036907336, -0.07114516281116022, 0.021305489661357053, -0.021804116275051952, -0.11067242942729756, -0.0338162000835099, -0.026422857443149317, -0.015963158462800456, -0.07244837137339538, -0.12180732191770918, -0.07448812354963023, 0.10668061606310918, -0.06559612075890507, 0.0189989076374803, -0.03450732160312477, 0.0019127247058064248, 0.03850074300140602, 0.08692906864573224, -0.008698710976813849, 0.11459715135801748, 0.030577335608873407]",15050,0,0.09909200668334961
ackley,30,16,1.0562643800402083,"[0.12849186636793364, -0.09652879792517265, 0.09321604133982904, 0.20871266573501188, -0.061262143152924005, 0.00707177487873249, 0.04894119587375905, -0.012186987865901522, -0.014791456380765618, 0.8216908987861783, -0.1630156040263242, -0.10296545289546848, 0.09751388038680191, 0.021664197852970538, 0.08855365189334505, 0.0018407553037719604, 0.05986402801435396, 0.0038968417285894195, -0.037374052550628256, 0.03040625672890941, 0.01663325802881442, 0.08994299528343541, 0.034639282667458096, 0.177397084791922, 0.08449921085795552, 0.059125375086535675, 0.0789970529952364, 0.01955415452489114, -0.06667658033887897, -0.07654720699533596]",15050,0,0.09837102890014648
ackley,30,17,0.8764401969367204,"[0.11160565323264893, -0.07573907703667952, 7.973524174068047e-05, -0.011060763083796887, -0.0010044578016154826, -0.14371354190411684, 0.06976705752213759, -0.011110209495580137, 0.010304409892997184, 0.17251054104873353, -0.0923607003122458, -0.10060182972115168, -0.08495825505163715, -0.0854855426640681, -0.07107232586101098, -0.021858612090506713, -0.047697757191755764, 0.061600880767612776, 0.10627997910407018, -0.034831212402703024, -0.010561030067524714, 0.03256039540269, -0.05890801715027476, 0.03964886171170562, 0.24971817601965643, -0.009834469393129978, -0.04656604390967761, 0.255652321767245, -0.233007783494672, 0.05767155097740155]",15050,0,0.0978391170501709
ackley,30,18,0.36568403116485415,"[0.03596378381766592, 0.0062865255141183705, 0.02766161149078658, -0.04072992816549466, -0.0031295968939142466, 0.10214101015561682, -0.019465153809750446, -0.09068009986441185, 0.010024477875692477, -0.09624144993774592, 0.03552804299412024, -2.6806721628319695e-05, -0.02667438383339193, -0.0634645245668233, -0.01419894309160821, -0.019611411982338338, 0.022538816238090384, 0.122776007591705, 0.022448099743194352, 0.044070598723335574, 0.010575771185248698, -0.03244708467562957, 0.1369801854713729, 0.028877912612806034, 0.025981395079341496, 0.04611175704676637, -0.0008613554844845569, -0.05553372943813727, -0.0380513513255748, 0.06234235186700675]",15050,0,0.09842467308044434
ackley,30,19,0.9536072076186319,"[-0.017387016052660784, 0.008413453406429565, -0.14631988856980993, -0.045450214851182336, -0.8684259020876576, 0.03733047612949135, -0.007407636567938379, -0.0672994905334042, 0.15824727895288598, 0.046660073808948266, 0.06380150963046528, 0.07108739109047776, -0.05774995301242207, -0.06550692721963552, -0.02943278089626107, -0.021985374503662565, 0.003017532241021148, -0.0033669071026824417, -0.10144215162863379, -0.15167050639620938, 0.08429877568660751, -0.03484521752053153, 0.028920697180184998, 0.08126337553481797, 0.0191640480003452, 0.004572639480519544, -0.001560219630089948, -0.12332896183790328, 0.10314415759295475, -0.004792017885523139]",15050,0,0.10145711898803711
ackley,30,20,0.46902610074755247,"[0.04401336189918233, -0.0011898936933653487, 0.0115252962294139, -0.08675077718119677, 0.031903327248174504, 0.10860007950933484, -0.08151949940621564, 0.029089332959455396, -0.08468035016465977, 0.04715503904386309, -0.04651154124172364, -0.056624689311709685, 0.061142785313211004, 0.011487777428958498, 0.010569551934236306, -0.0854242773924717, -0.002277041153184683, 0.016273210597426438, 0.045091193851518024, 5.371968253082421e-05, -0.02174037722116235, 0.03944198080505981, -0.14743219755779513, -0.06440197315492002, -0.022813115021568152, 0.011784229250144551, 0.15876989997640462, 0.03778790302640686, -0.09278386247491255, -0.07318464844406312]",15050,0,0.10232710838317871
ackley,30,21,0.512852706472906,"[-0.028964497072088508, 0.02881153646975043, 0.000865960392107526, 0.09558666689626398, 0.03218497549899594, -0.07008382156222615, 0.025242427168604368, -0.029020459507978106, -0.16468920121461406, 0.11187067226432326, -0.040307833899981535, 0.043885507519039586, 0.040922371692955255, 0.06346701961803841, -0.006866619191335209, 0.16686769948157942, -0.06785919614800678, -0.03364075584572863, -0.015160695551466638, 0.04485672741106725, -0.03905043147876901, 0.06671049288164543, -0.036465069620293084, -0.009920666693780528, 0.008676214154555889, 0.02120980437696126, -0.15670513636696212, -0.028998531227915375, 0.09030559699414394, -0.03850876281810623]",15050,0,0.1011819839477539
ackley,30,22,1.617705070098769,"[-0.06907058472555223, 0.03163540079272336, 0.9012645514189602, 0.05218983058970123, 0.044167693354886774, 0.00588912483223084, -0.1126846169204586, 0.7858959457961535, 1.0241002439485867, -0.14262188612858176, -0.03133470640429245, -0.04155207564378506, -0.13388273981930157, -0.03768338385983897, -0.022693248803031647, -0.06424691662343346, -0.029513951289823565, 0.0806187913779948, 0.08462168060536407, -0.009785605404555114, -0.6545765928654181, -0.015243954984099915, 0.05760240348304941, -0.02658067256018274, 0.055299699281552483, -0.06682712332541454, 0.03419440508018998, -0.018144667770383982, -0.03878781897195464, 0.10053250496020076]",15050,0,0.10117316246032715
ackley,30,23,1.2375101164023623,"[-0.029506818935970968, -0.026868386705144905, -0.02308430087419217, -0.024192442332233426, 0.007840005016928124, -0.20086861355166763, 0.042733691266274035, 0.010926561470295373, 0.1916241597445801, -0.05234275577282443, 0.17986141421196106, -0.1042768225839991, -0.034381156269591734, -0.07910395807618224, -0.022636243819805415, -0.028162096419406302, 0.07003095765353454, -0.10694790051287596, 0.08556353769716743, 0.020700538502651848, -0.18785733853050296, -0.19274860365645471, -0.03362433043780972, 0.09422018607642406, -0.6233214659203438, -0.047970752514606904, -0.04871138262263415, 0.04190122760902712, -0.33271500184684705, -0.018141030617108173]",15050,0,0.10066628456115723
ackley,30,24,1.1756708853249127,"[-0.011705360469559556, -0.008303360919311858, -0.06803988712024578, -0.022970730646025447, 0.07189296819127612, 0.06373978568323341, -0.0065749936187119145, -0.14057715183888628, -0.06983479916311319, -0.025765763812364593, 0.009501874187497338, 0.004443007146265249, -0.054238441509463414, -0.6573449577541514, 0.04692381494821922, -0.14632884005940908, -0.05991080499855715, -0.01200754094141352, 0.017531354158364716, -0.09235035043308559, 0.011078643523565145, -0.05586986000773041, 0.021019924613941192, -0.1362156397825425, -0.04409064433579055, 0.046809891842014, 0.09919232048357836, -0.09712207112983215, -0.8604058197002431, -0.004567546789708277]",15050,0,0.10076594352722168
ackley,30,25,0.3786272301622913,"[0.008398377565189637, -0.11461083764522659, 0.04568793862129294, -0.01864692302246196, -0.0016861133886172594, -0.03904801500987118, -0.03184351777033484, -0.045540435307632784, -0.045012878057106964, -0.04229714732141, -0.015488549833771903, -0.08717976786594897, -0.018585761897048712, -0.01478216240521094, -0.10499109063349897, -0.0572406845443888, -0.04303975133844029, 0.05414921614519384, -0.06486042501650938, -0.08449955015262267, -0.08631191756673719, 0.012647477751978567, -0.03563648070625515, 0.10122027648897793, -0.048532263379960604, 0.05134853667395394, -0.011893237509743804, -0.015602212204288125, 0.014082076793258591, -0.07208877440568631]",15050,0,0.10129189491271973
ackley,30,26,0.3777448445642446,"[0.06928529067140438, 0.0063309159951866305, -0.029653539796368675, -0.00499211166064302, -0.09709974117571951, -0.02447794103110621, -0.03572970493292319, 0.03426713988240966, 0.00997246617987978, -0.048632042754437055, -0.022822808067126735, -0.10591642226126279, -0.0762045681514435, -0.06909621492917183, -0.03720157502775163, -0.058799548954372144, 0.06016429714589947, 0.0259646369101567, 0.03966813688684918, 0.04938770579107951, 0.06566070106508763, -0.0498374352399443, 0.029230504199597607, 0.056696529158756705, -0.08190477328333352, -0.07466658621988377, 0.03434042308792393, -0.08019806307322871, 0.06278955405038791, 0.03677313533478351]",15050,0,0.1007239818572998
ackley,30,27,0.38485434215793335,"[0.013154649640755672, 0.029491443983219155, 0.04037653698651266, 0.0038332089024537114, 0.06468693599317994, -0.04123683911606357, -0.10552724585083292, 0.03526760479753453, -0.09234030603009917, 0.06436005830409039, -0.12626091249152033, 0.07315314118035056, 0.012911700210865453, -0.11654473157535063, -0.011330499221536608, -0.01984320180516747, -0.009338649340423747, 0.07912777773876607, -0.020230957338673913, -0.022952866720615105, -0.028404664938226746, 0.048911765935511615, -0.0611798309421332, 0.01559236408077393, 0.028892854135359976, 0.027001182742211666, -0.07085112379262344, -0.04527672572891178, 0.003871196884732791, -0.054242605149700376]",15050,0,0.09834003448486328
ackley,30,28,0.8619427244296998,"[-0.1810435397631631, 0.07256397879336124, 0.02541357421364455, 0.027269331412744235, 0.008937667450140158, -0.05734307145731449, 0.09905916648860058, -0.1281515795307065, -0.2542489098100149, -0.00669782614703876, -0.03156733189518063, -0.0840281662348226, 0.24805750769752657, -0.10302624736855692, 0.0556871750878217, 0.013266552096488048, 0.0327261806330169, -0.11510450596624189, 0.02915427865315831, 0.11908529163519084, 0.005328365773931127, -0.05324470807234623, 0.08058126845614175, -0.02517078635761453, -0.01676319760359657, 0.037564229531458875, -0.156354392466307, 0.012996458477779409, -0.1774560877945269, -0.026234846885193824]",15050,0,0.09879302978515625
ackley,30,29,1.1087228436881174,"[-0.0036174326011323287, 0.0030212984022807074, 0.09021436880811451, 0.048226678572815596, 0.13984633394307905, -0.032346833149210316, 0.031236773501168942, -0.18045514882529853, 0.1221772298339152, 0.17443879710333732, -0.05295144377231786, 0.007818105065320042, -0.008166032801950964, -0.004008071233322967, 0.09606289282949096, 0.21604735150653243, 0.007394779923057232, -0.07182840363831516, 0.013621211358272113, 0.08103966001896451, 0.1460189656509609, 0.013689659702167218, 0.077438903252238, -0.16206135253809556, 0.07935910558692451, -0.6713150438645435, -0.11706019719553142, 0.032195571886056755, 0.02603997701965315, 0.0268118605057746]",15050,0,0.09844303131103516
